ISO-10303-21;
HEADER;
FILE_DESCRIPTION (( 'STEP AP214' ),
    '1' );
FILE_NAME ('Flange.STEP',
    '2025-04-11T16:14:35',
    ( '' ),
    ( '' ),
    'SwSTEP 2.0',
    'SolidWorks 2024',
    '' );
FILE_SCHEMA (( 'AUTOMOTIVE_DESIGN' ));
ENDSEC;

DATA;
#1 = DIRECTION ( 'NONE',  ( -0.5150380749100541555, 0.000000000000000000, 0.8571673007021122226 ) ) ;
#2 = ORIENTED_EDGE ( 'NONE', *, *, #548, .T. ) ;
#3 = CARTESIAN_POINT ( 'NONE',  ( 3.900000000000000799, 17.50000000000003553, -24.81088913245534044 ) ) ;
#4 = ADVANCED_FACE ( 'NONE', ( #968 ), #387, .T. ) ;
#5 = ORIENTED_EDGE ( 'NONE', *, *, #260, .T. ) ;
#6 = DIRECTION ( 'NONE',  ( -1.000000000000000000, -0.000000000000000000, -0.000000000000000000 ) ) ;
#7 = CYLINDRICAL_SURFACE ( 'NONE', #92, 5.499999999999998224 ) ;
#8 = CARTESIAN_POINT ( 'NONE',  ( 15.00000000000000000, -35.00000000000000711, -3.199999999999869615 ) ) ;
#9 = CARTESIAN_POINT ( 'NONE',  ( 3.851859888774471706E-31, -17.50000000000003553, 30.31088913245534044 ) ) ;
#10 = EDGE_LOOP ( 'NONE', ( #771, #1036, #404, #634 ) ) ;
#11 = SURFACE_STYLE_FILL_AREA ( #130 ) ;
#12 = VERTEX_POINT ( 'NONE', #1422 ) ;
#13 = AXIS2_PLACEMENT_3D ( 'NONE', #75, #53, #162 ) ;
#14 = DIRECTION ( 'NONE',  ( 0.000000000000000000, 0.000000000000000000, 1.000000000000000000 ) ) ;
#15 = AXIS2_PLACEMENT_3D ( 'NONE', #1041, #917, #449 ) ;
#16 = CARTESIAN_POINT ( 'NONE',  ( 0.000000000000000000, 17.50000000000025224, 30.31088913245521255 ) ) ;
#17 = VECTOR ( 'NONE', #1448, 1000.000000000000000 ) ;
#18 = FACE_OUTER_BOUND ( 'NONE', #618, .T. ) ;
#19 = ORIENTED_EDGE ( 'NONE', *, *, #322, .T. ) ;
#20 = PLANE ( 'NONE',  #462 ) ;
#21 = VERTEX_POINT ( 'NONE', #855 ) ;
#22 = CARTESIAN_POINT ( 'NONE',  ( 3.851859888774471706E-31, 35.00000000000000000, -3.712308238590367182E-13 ) ) ;
#23 = DIRECTION ( 'NONE',  ( -0.5150380749100549327, 1.049727191138618079E-16, -0.8571673007021118895 ) ) ;
#24 = FACE_OUTER_BOUND ( 'NONE', #643, .T. ) ;
#25 = APPLICATION_CONTEXT ( 'automotive_design' ) ;
#26 = EDGE_LOOP ( 'NONE', ( #761, #950, #470, #1127 ) ) ;
#27 = ORIENTED_EDGE ( 'NONE', *, *, #881, .F. ) ;
#28 = DIRECTION ( 'NONE',  ( 0.000000000000000000, 0.000000000000000000, 1.000000000000000000 ) ) ;
#29 = DIRECTION ( 'NONE',  ( 0.000000000000000000, 0.000000000000000000, 1.000000000000000000 ) ) ;
#30 = LINE ( 'NONE', #746, #219 ) ;
#31 = AXIS2_PLACEMENT_3D ( 'NONE', #833, #1446, #29 ) ;
#32 = VERTEX_POINT ( 'NONE', #615 ) ;
#33 = VECTOR ( 'NONE', #6, 1000.000000000000000 ) ;
#34 = FACE_OUTER_BOUND ( 'NONE', #563, .T. ) ;
#35 = ORIENTED_EDGE ( 'NONE', *, *, #489, .F. ) ;
#36 = DIRECTION ( 'NONE',  ( 0.000000000000000000, 0.000000000000000000, -1.000000000000000000 ) ) ;
#37 = EDGE_CURVE ( 'NONE', #673, #1457, #831, .T. ) ;
#38 = CARTESIAN_POINT ( 'NONE',  ( 0.000000000000000000, -17.50000000000003553, 30.31088913245534044 ) ) ;
#39 = AXIS2_PLACEMENT_3D ( 'NONE', #766, #1483, #1471 ) ;
#40 = DIRECTION ( 'NONE',  ( 0.000000000000000000, 0.000000000000000000, 1.000000000000000000 ) ) ;
#41 = EDGE_LOOP ( 'NONE', ( #696, #1513, #1312, #1294 ) ) ;
#42 = AXIS2_PLACEMENT_3D ( 'NONE', #1013, #912, #99 ) ;
#43 = CARTESIAN_POINT ( 'NONE',  ( 0.000000000000000000, 35.00000000000000000, -3.712308238590367182E-13 ) ) ;
#44 = ORIENTED_EDGE ( 'NONE', *, *, #630, .F. ) ;
#45 = FACE_BOUND ( 'NONE', #811, .T. ) ;
#46 = EDGE_CURVE ( 'NONE', #1413, #536, #944, .T. ) ;
#47 = DIRECTION ( 'NONE',  ( 0.000000000000000000, 0.000000000000000000, 1.000000000000000000 ) ) ;
#48 = ADVANCED_FACE ( 'NONE', ( #1313 ), #486, .F. ) ;
#49 = DIRECTION ( 'NONE',  ( -1.000000000000000000, -0.000000000000000000, -0.000000000000000000 ) ) ;
#50 = ORIENTED_EDGE ( 'NONE', *, *, #376, .T. ) ;
#51 = LINE ( 'NONE', #770, #852 ) ;
#52 = VERTEX_POINT ( 'NONE', #1323 ) ;
#53 = DIRECTION ( 'NONE',  ( 1.000000000000000000, 0.000000000000000000, 0.000000000000000000 ) ) ;
#54 = EDGE_CURVE ( 'NONE', #516, #1438, #255, .T. ) ;
#55 = DIRECTION ( 'NONE',  ( -1.000000000000000000, -0.000000000000000000, -0.000000000000000000 ) ) ;
#56 = DIRECTION ( 'NONE',  ( 0.000000000000000000, 0.000000000000000000, 1.000000000000000000 ) ) ;
#57 = EDGE_CURVE ( 'NONE', #605, #1110, #1169, .T. ) ;
#58 = UNCERTAINTY_MEASURE_WITH_UNIT (LENGTH_MEASURE( 1.000000000000000082E-05 ), #843, 'distance_accuracy_value', 'NONE');
#59 = CARTESIAN_POINT ( 'NONE',  ( 22.00000000000000711, 0.000000000000000000, -32.00000000000000000 ) ) ;
#60 = ORIENTED_EDGE ( 'NONE', *, *, #1534, .F. ) ;
#61 = DIRECTION ( 'NONE',  ( 0.000000000000000000, 0.000000000000000000, 1.000000000000000000 ) ) ;
#62 = EDGE_CURVE ( 'NONE', #941, #605, #259, .T. ) ;
#63 = VERTEX_POINT ( 'NONE', #730 ) ;
#64 = AXIS2_PLACEMENT_3D ( 'NONE', #415, #175, #525 ) ;
#65 = CARTESIAN_POINT ( 'NONE',  ( 15.00000000000000000, -17.50000000000003553, 33.51088913245533263 ) ) ;
#66 = LINE ( 'NONE', #532, #409 ) ;
#67 = CARTESIAN_POINT ( 'NONE',  ( 0.000000000000000000, 17.50000000000025224, 35.81088913245520899 ) ) ;
#68 = EDGE_CURVE ( 'NONE', #147, #1467, #1497, .T. ) ;
#69 = CIRCLE ( 'NONE', #1325, 3.199999999999994404 ) ;
#70 = EDGE_LOOP ( 'NONE', ( #1343, #483 ) ) ;
#71 = CONICAL_SURFACE ( 'NONE', #1070, 3.199999999999994404, 1.029744258676654312 ) ;
#72 = CYLINDRICAL_SURFACE ( 'NONE', #141, 3.199999999999994404 ) ;
#73 = AXIS2_PLACEMENT_3D ( 'NONE', #335, #1520, #553 ) ;
#74 = EDGE_LOOP ( 'NONE', ( #620, #1125, #699 ) ) ;
#75 = CARTESIAN_POINT ( 'NONE',  ( 3.900000000000000799, 20.70000000000003126, -30.31088913245534044 ) ) ;
#76 = CARTESIAN_POINT ( 'NONE',  ( 15.00000000000000000, 17.50000000000003553, -33.51088913245533973 ) ) ;
#77 = DIRECTION ( 'NONE',  ( -1.000000000000000000, -0.000000000000000000, -0.000000000000000000 ) ) ;
#78 = VECTOR ( 'NONE', #686, 1000.000000000000000 ) ;
#79 = DIRECTION ( 'NONE',  ( 0.000000000000000000, 0.000000000000000000, 1.000000000000000000 ) ) ;
#80 = DIRECTION ( 'NONE',  ( -1.000000000000000000, -0.000000000000000000, -0.000000000000000000 ) ) ;
#81 = ORIENTED_EDGE ( 'NONE', *, *, #1161, .T. ) ;
#82 = DIRECTION ( 'NONE',  ( -1.000000000000000000, -0.000000000000000000, -0.000000000000000000 ) ) ;
#83 = DIRECTION ( 'NONE',  ( -1.000000000000000000, -0.000000000000000000, -0.000000000000000000 ) ) ;
#84 = CARTESIAN_POINT ( 'NONE',  ( 15.00000000000000000, 17.50000000000025224, 27.11088913245521681 ) ) ;
#85 = FACE_BOUND ( 'NONE', #232, .T. ) ;
#86 = DIRECTION ( 'NONE',  ( 0.000000000000000000, 0.000000000000000000, 1.000000000000000000 ) ) ;
#87 = ORIENTED_EDGE ( 'NONE', *, *, #933, .T. ) ;
#88 = FACE_OUTER_BOUND ( 'NONE', #468, .T. ) ;
#89 = CONICAL_SURFACE ( 'NONE', #1443, 3.199999999999994404, 1.029744258676653645 ) ;
#90 = DIRECTION ( 'NONE',  ( -1.000000000000000000, -0.000000000000000000, -0.000000000000000000 ) ) ;
#91 = EDGE_CURVE ( 'NONE', #242, #1059, #777, .T. ) ;
#92 = AXIS2_PLACEMENT_3D ( 'NONE', #1192, #1048, #1184 ) ;
#93 = CARTESIAN_POINT ( 'NONE',  ( 20.00000000000000355, 0.000000000000000000, -32.00000000000000000 ) ) ;
#94 = ORIENTED_EDGE ( 'NONE', *, *, #1475, .F. ) ;
#95 = AXIS2_PLACEMENT_3D ( 'NONE', #1485, #1126, #61 ) ;
#96 = DIRECTION ( 'NONE',  ( 0.000000000000000000, 0.000000000000000000, 1.000000000000000000 ) ) ;
#97 = AXIS2_PLACEMENT_3D ( 'NONE', #698, #1051, #1177 ) ;
#98 = ORIENTED_EDGE ( 'NONE', *, *, #472, .F. ) ;
#99 = DIRECTION ( 'NONE',  ( 0.000000000000000000, 0.000000000000000000, 1.000000000000000000 ) ) ;
#100 = CONICAL_SURFACE ( 'NONE', #1237, 30.00000000000000000, 0.7853981633974517207 ) ;
#101 = ORIENTED_EDGE ( 'NONE', *, *, #864, .T. ) ;
#102 = FACE_OUTER_BOUND ( 'NONE', #252, .T. ) ;
#103 = ORIENTED_EDGE ( 'NONE', *, *, #489, .T. ) ;
#104 = EDGE_CURVE ( 'NONE', #1195, #690, #1251, .T. ) ;
#105 = DIRECTION ( 'NONE',  ( -1.000000000000000000, -0.000000000000000000, -0.000000000000000000 ) ) ;
#106 = ORIENTED_EDGE ( 'NONE', *, *, #588, .T. ) ;
#107 = ADVANCED_FACE ( 'NONE', ( #246 ), #1123, .F. ) ;
#108 = ORIENTED_EDGE ( 'NONE', *, *, #600, .T. ) ;
#109 = CIRCLE ( 'NONE', #285, 5.499999999999994671 ) ;
#110 = ADVANCED_FACE ( 'NONE', ( #945 ), #743, .F. ) ;
#111 = CYLINDRICAL_SURFACE ( 'NONE', #1298, 3.199999999999994404 ) ;
#112 = ORIENTED_EDGE ( 'NONE', *, *, #1346, .T. ) ;
#113 = ADVANCED_FACE ( 'NONE', ( #268, #125 ), #596, .F. ) ;
#114 = EDGE_CURVE ( 'NONE', #769, #1207, #1469, .T. ) ;
#115 = FACE_BOUND ( 'NONE', #890, .T. ) ;
#116 = VECTOR ( 'NONE', #1494, 1000.000000000000000 ) ;
#117 = ORIENTED_EDGE ( 'NONE', *, *, #987, .T. ) ;
#118 = VECTOR ( 'NONE', #201, 1000.000000000000000 ) ;
#119 = ORIENTED_EDGE ( 'NONE', *, *, #57, .T. ) ;
#120 = EDGE_CURVE ( 'NONE', #348, #539, #589, .T. ) ;
#121 = CARTESIAN_POINT ( 'NONE',  ( 0.000000000000000000, -17.50000000000003553, 30.31088913245534044 ) ) ;
#122 = ORIENTED_EDGE ( 'NONE', *, *, #1037, .T. ) ;
#123 = FACE_BOUND ( 'NONE', #1055, .T. ) ;
#124 = EDGE_LOOP ( 'NONE', ( #436, #465, #853, #119 ) ) ;
#125 = FACE_OUTER_BOUND ( 'NONE', #648, .T. ) ;
#126 = FACE_BOUND ( 'NONE', #735, .T. ) ;
#127 = CARTESIAN_POINT ( 'NONE',  ( 0.000000000000000000, 0.000000000000000000, 15.00000000000000178 ) ) ;
#128 = DIRECTION ( 'NONE',  ( 0.000000000000000000, 0.000000000000000000, 1.000000000000000000 ) ) ;
#129 = ORIENTED_EDGE ( 'NONE', *, *, #1034, .F. ) ;
#130 = FILL_AREA_STYLE ('',( #837 ) ) ;
#131 = EDGE_LOOP ( 'NONE', ( #816, #318, #984, #1398 ) ) ;
#132 = DIRECTION ( 'NONE',  ( 1.000000000000000000, 0.000000000000000000, 0.000000000000000000 ) ) ;
#133 = PLANE ( 'NONE',  #13 ) ;
#134 = CARTESIAN_POINT ( 'NONE',  ( 0.000000000000000000, -17.50000000000003553, 30.31088913245534044 ) ) ;
#135 = LINE ( 'NONE', #709, #1050 ) ;
#136 = EDGE_LOOP ( 'NONE', ( #461, #190, #1418, #624 ) ) ;
#137 = FACE_OUTER_BOUND ( 'NONE', #10, .T. ) ;
#138 = ORIENTED_EDGE ( 'NONE', *, *, #920, .F. ) ;
#139 = CIRCLE ( 'NONE', #1024, 5.499999999999998224 ) ;
#140 = DIRECTION ( 'NONE',  ( -1.000000000000000000, -0.000000000000000000, -0.000000000000000000 ) ) ;
#141 = AXIS2_PLACEMENT_3D ( 'NONE', #1221, #1246, #650 ) ;
#142 = VECTOR ( 'NONE', #80, 1000.000000000000000 ) ;
#143 = DIRECTION ( 'NONE',  ( -1.000000000000000000, -0.000000000000000000, -0.000000000000000000 ) ) ;
#144 = DIRECTION ( 'NONE',  ( 0.000000000000000000, 0.000000000000000000, 1.000000000000000000 ) ) ;
#145 = VERTEX_POINT ( 'NONE', #476 ) ;
#146 = CARTESIAN_POINT ( 'NONE',  ( 0.000000000000000000, 35.00000000000000000, -3.712308238590367182E-13 ) ) ;
#147 = VERTEX_POINT ( 'NONE', #303 ) ;
#148 = CARTESIAN_POINT ( 'NONE',  ( 3.900000000000000799, 35.00000000000000000, -3.712308238590367182E-13 ) ) ;
#149 = CARTESIAN_POINT ( 'NONE',  ( 15.00000000000000000, 35.00000000000000000, -3.200000000000365663 ) ) ;
#150 = DIRECTION ( 'NONE',  ( -1.000000000000000000, -0.000000000000000000, -0.000000000000000000 ) ) ;
#151 = VERTEX_POINT ( 'NONE', #1130 ) ;
#152 = FACE_OUTER_BOUND ( 'NONE', #972, .T. ) ;
#153 = VERTEX_POINT ( 'NONE', #1482 ) ;
#154 = DIRECTION ( 'NONE',  ( 1.000000000000000000, 0.000000000000000000, 0.000000000000000000 ) ) ;
#155 = DIRECTION ( 'NONE',  ( -1.000000000000000000, -0.000000000000000000, -0.000000000000000000 ) ) ;
#156 = DIRECTION ( 'NONE',  ( 0.000000000000000000, 0.000000000000000000, -1.000000000000000000 ) ) ;
#157 = AXIS2_PLACEMENT_3D ( 'NONE', #488, #616, #970 ) ;
#158 = EDGE_LOOP ( 'NONE', ( #1009, #1163, #1284, #1098 ) ) ;
#159 = DIRECTION ( 'NONE',  ( -1.000000000000000000, -0.000000000000000000, -0.000000000000000000 ) ) ;
#160 = ORIENTED_EDGE ( 'NONE', *, *, #228, .F. ) ;
#161 = ADVANCED_FACE ( 'NONE', ( #164 ), #296, .F. ) ;
#162 = DIRECTION ( 'NONE',  ( 0.000000000000000000, 0.000000000000000000, -1.000000000000000000 ) ) ;
#163 = ADVANCED_FACE ( 'NONE', ( #310 ), #772, .F. ) ;
#164 = FACE_OUTER_BOUND ( 'NONE', #41, .T. ) ;
#165 = CARTESIAN_POINT ( 'NONE',  ( 4.286263797015734919E-15, 0.000000000000000000, 0.000000000000000000 ) ) ;
#166 = CIRCLE ( 'NONE', #725, 3.199999999999994404 ) ;
#167 = AXIS2_PLACEMENT_3D ( 'NONE', #1270, #1030, #96 ) ;
#168 = CARTESIAN_POINT ( 'NONE',  ( 0.000000000000000000, 35.00000000000000000, -3.200000000000365663 ) ) ;
#169 = ORIENTED_EDGE ( 'NONE', *, *, #1314, .T. ) ;
#170 = AXIS2_PLACEMENT_3D ( 'NONE', #778, #1386, #224 ) ;
#171 = ADVANCED_FACE ( 'NONE', ( #1258 ), #892, .F. ) ;
#172 = CARTESIAN_POINT ( 'NONE',  ( 3.900000000000000799, -17.50000000000003908, -30.31088913245534044 ) ) ;
#173 = ORIENTED_EDGE ( 'NONE', *, *, #953, .T. ) ;
#174 = DIRECTION ( 'NONE',  ( 0.000000000000000000, 0.000000000000000000, 1.000000000000000000 ) ) ;
#175 = DIRECTION ( 'NONE',  ( -1.000000000000000000, -0.000000000000000000, -0.000000000000000000 ) ) ;
#176 = CIRCLE ( 'NONE', #858, 29.00000000000001066 ) ;
#177 = LINE ( 'NONE', #67, #576 ) ;
#178 = EDGE_CURVE ( 'NONE', #910, #63, #109, .T. ) ;
#179 = CARTESIAN_POINT ( 'NONE',  ( 3.900000000000000799, 35.00000000000000000, -3.200000000000365663 ) ) ;
#180 = ORIENTED_EDGE ( 'NONE', *, *, #931, .T. ) ;
#181 = CARTESIAN_POINT ( 'NONE',  ( 0.000000000000000000, -35.00000000000000711, 1.249000902703301108E-13 ) ) ;
#182 = EDGE_LOOP ( 'NONE', ( #265, #1502 ) ) ;
#183 = LINE ( 'NONE', #65, #947 ) ;
#184 = DIRECTION ( 'NONE',  ( -1.000000000000000000, -0.000000000000000000, -0.000000000000000000 ) ) ;
#185 = EDGE_CURVE ( 'NONE', #1487, #1214, #1414, .T. ) ;
#186 = CARTESIAN_POINT ( 'NONE',  ( 3.851859888774471706E-31, -17.50000000000003553, 35.81088913245533689 ) ) ;
#187 = DIRECTION ( 'NONE',  ( -1.000000000000000000, -0.000000000000000000, -0.000000000000000000 ) ) ;
#188 = EDGE_LOOP ( 'NONE', ( #1238, #1361 ) ) ;
#189 = DIRECTION ( 'NONE',  ( -1.000000000000000000, -0.000000000000000000, -0.000000000000000000 ) ) ;
#190 = ORIENTED_EDGE ( 'NONE', *, *, #752, .T. ) ;
#191 = DIRECTION ( 'NONE',  ( 0.000000000000000000, 0.000000000000000000, 1.000000000000000000 ) ) ;
#192 = CARTESIAN_POINT ( 'NONE',  ( 3.900000000000000799, 35.00000000000000000, 3.199999999999623146 ) ) ;
#193 = LINE ( 'NONE', #1390, #891 ) ;
#194 = AXIS2_PLACEMENT_3D ( 'NONE', #1077, #1218, #1324 ) ;
#195 = AXIS2_PLACEMENT_3D ( 'NONE', #888, #189, #1239 ) ;
#196 = FACE_OUTER_BOUND ( 'NONE', #1229, .T. ) ;
#197 = ORIENTED_EDGE ( 'NONE', *, *, #1092, .F. ) ;
#198 = CARTESIAN_POINT ( 'NONE',  ( 15.00000000000000000, -35.00000000000000711, 1.249000902703301108E-13 ) ) ;
#199 = DIRECTION ( 'NONE',  ( 0.000000000000000000, 0.000000000000000000, 1.000000000000000000 ) ) ;
#200 = DIRECTION ( 'NONE',  ( -1.000000000000000000, -0.000000000000000000, -0.000000000000000000 ) ) ;
#201 = DIRECTION ( 'NONE',  ( -1.000000000000000000, -0.000000000000000000, -0.000000000000000000 ) ) ;
#202 = VERTEX_POINT ( 'NONE', #286 ) ;
#203 = CARTESIAN_POINT ( 'NONE',  ( 0.9999999999999978906, 0.000000000000000000, 0.000000000000000000 ) ) ;
#204 = LINE ( 'NONE', #1143, #1372 ) ;
#205 = EDGE_CURVE ( 'NONE', #452, #836, #209, .T. ) ;
#206 = DIRECTION ( 'NONE',  ( 0.000000000000000000, 0.000000000000000000, -1.000000000000000000 ) ) ;
#207 = CARTESIAN_POINT ( 'NONE',  ( 15.00000000000000000, -17.50000000000003553, 30.31088913245534044 ) ) ;
#208 = ORIENTED_EDGE ( 'NONE', *, *, #522, .F. ) ;
#209 = CIRCLE ( 'NONE', #967, 15.00000000000000178 ) ;
#210 = EDGE_CURVE ( 'NONE', #240, #1452, #644, .T. ) ;
#211 = ORIENTED_EDGE ( 'NONE', *, *, #1307, .T. ) ;
#212 = PRODUCT_DEFINITION_CONTEXT ( 'detailed design', #297, 'design' ) ;
#213 = DIRECTION ( 'NONE',  ( 1.000000000000000000, 0.000000000000000000, 0.000000000000000000 ) ) ;
#214 = AXIS2_PLACEMENT_3D ( 'NONE', #1017, #1359, #417 ) ;
#215 = DIRECTION ( 'NONE',  ( 0.000000000000000000, 0.000000000000000000, 1.000000000000000000 ) ) ;
#216 = ORIENTED_EDGE ( 'NONE', *, *, #1142, .F. ) ;
#217 = DIRECTION ( 'NONE',  ( 0.000000000000000000, 0.000000000000000000, 1.000000000000000000 ) ) ;
#218 = CONICAL_SURFACE ( 'NONE', #1526, 3.199999999999997957, 1.029744258676654534 ) ;
#219 = VECTOR ( 'NONE', #983, 1000.000000000000000 ) ;
#220 = ADVANCED_FACE ( 'NONE', ( #1470 ), #1167, .T. ) ;
#221 = ORIENTED_EDGE ( 'NONE', *, *, #498, .F. ) ;
#222 = CARTESIAN_POINT ( 'NONE',  ( 3.900000000000000799, 17.50000000000025224, 33.51088913245521184 ) ) ;
#223 = EDGE_CURVE ( 'NONE', #202, #662, #281, .T. ) ;
#224 = DIRECTION ( 'NONE',  ( 0.000000000000000000, 0.000000000000000000, 1.000000000000000000 ) ) ;
#225 = EDGE_LOOP ( 'NONE', ( #1484, #101 ) ) ;
#226 = LINE ( 'NONE', #1015, #1153 ) ;
#227 = ORIENTED_EDGE ( 'NONE', *, *, #554, .T. ) ;
#228 = EDGE_CURVE ( 'NONE', #153, #838, #1290, .T. ) ;
#229 = DIRECTION ( 'NONE',  ( -1.000000000000000000, -0.000000000000000000, -0.000000000000000000 ) ) ;
#230 = ADVANCED_FACE ( 'NONE', ( #1373 ), #89, .F. ) ;
#231 = DIRECTION ( 'NONE',  ( -1.000000000000000000, -0.000000000000000000, -0.000000000000000000 ) ) ;
#232 = EDGE_LOOP ( 'NONE', ( #1474, #676 ) ) ;
#233 = ORIENTED_EDGE ( 'NONE', *, *, #1458, .F. ) ;
#234 = DIRECTION ( 'NONE',  ( -1.000000000000000000, -0.000000000000000000, -0.000000000000000000 ) ) ;
#235 = ORIENTED_EDGE ( 'NONE', *, *, #120, .T. ) ;
#236 = FACE_BOUND ( 'NONE', #491, .T. ) ;
#237 = VECTOR ( 'NONE', #143, 1000.000000000000000 ) ;
#238 = ORIENTED_EDGE ( 'NONE', *, *, #1148, .F. ) ;
#239 = AXIS2_PLACEMENT_3D ( 'NONE', #1053, #702, #469 ) ;
#240 = VERTEX_POINT ( 'NONE', #765 ) ;
#241 = DIRECTION ( 'NONE',  ( 0.000000000000000000, 0.000000000000000000, 1.000000000000000000 ) ) ;
#242 = VERTEX_POINT ( 'NONE', #437 ) ;
#243 = PRODUCT_DEFINITION ( 'UNKNOWN', '', #1387, #212 ) ;
#244 = DIRECTION ( 'NONE',  ( 0.000000000000000000, 0.000000000000000000, 1.000000000000000000 ) ) ;
#245 = EDGE_CURVE ( 'NONE', #52, #1521, #817, .T. ) ;
#246 = FACE_OUTER_BOUND ( 'NONE', #1080, .T. ) ;
#247 = DIRECTION ( 'NONE',  ( -1.000000000000000000, -0.000000000000000000, -0.000000000000000000 ) ) ;
#248 = LINE ( 'NONE', #731, #627 ) ;
#249 = CARTESIAN_POINT ( 'NONE',  ( 50.00000000000000000, 1.836970198721029589E-15, -14.99999999999999822 ) ) ;
#250 = ORIENTED_EDGE ( 'NONE', *, *, #864, .F. ) ;
#251 = EDGE_LOOP ( 'NONE', ( #372, #1118, #1039, #964 ) ) ;
#252 = EDGE_LOOP ( 'NONE', ( #1247, #50 ) ) ;
#253 = DIRECTION ( 'NONE',  ( -1.000000000000000000, -0.000000000000000000, -0.000000000000000000 ) ) ;
#254 = DIRECTION ( 'NONE',  ( 0.000000000000000000, 0.000000000000000000, 1.000000000000000000 ) ) ;
#255 = CIRCLE ( 'NONE', #997, 3.199999999999994404 ) ;
#256 = ORIENTED_EDGE ( 'NONE', *, *, #54, .F. ) ;
#257 = DIRECTION ( 'NONE',  ( -1.000000000000000000, -0.000000000000000000, -0.000000000000000000 ) ) ;
#258 = CIRCLE ( 'NONE', #1173, 5.499999999999998224 ) ;
#259 = LINE ( 'NONE', #1453, #873 ) ;
#260 = EDGE_CURVE ( 'NONE', #1318, #1328, #1067, .T. ) ;
#261 = AXIS2_PLACEMENT_3D ( 'NONE', #266, #760, #1362 ) ;
#262 = CONICAL_SURFACE ( 'NONE', #854, 3.200000000000001510, 1.029744258676654534 ) ;
#263 = CARTESIAN_POINT ( 'NONE',  ( 3.900000000000000799, -17.50000000000003908, -24.81088913245534044 ) ) ;
#264 = CARTESIAN_POINT ( 'NONE',  ( 50.00000000000000000, 0.000000000000000000, 29.00000000000001066 ) ) ;
#265 = ORIENTED_EDGE ( 'NONE', *, *, #1262, .F. ) ;
#266 = CARTESIAN_POINT ( 'NONE',  ( 0.000000000000000000, 0.000000000000000000, 0.000000000000000000 ) ) ;
#267 = ORIENTED_EDGE ( 'NONE', *, *, #37, .F. ) ;
#268 = FACE_BOUND ( 'NONE', #929, .T. ) ;
#269 = FACE_OUTER_BOUND ( 'NONE', #275, .T. ) ;
#270 = DIRECTION ( 'NONE',  ( 0.000000000000000000, 0.000000000000000000, 1.000000000000000000 ) ) ;
#271 = EDGE_CURVE ( 'NONE', #747, #790, #870, .T. ) ;
#272 = ORIENTED_EDGE ( 'NONE', *, *, #773, .F. ) ;
#273 = ADVANCED_FACE ( 'NONE', ( #882, #45 ), #1461, .T. ) ;
#274 = CARTESIAN_POINT ( 'NONE',  ( 15.00000000000000000, 17.50000000000003553, -27.11088913245534116 ) ) ;
#275 = EDGE_LOOP ( 'NONE', ( #208, #430, #1428 ) ) ;
#276 = FACE_OUTER_BOUND ( 'NONE', #497, .T. ) ;
#277 = DIRECTION ( 'NONE',  ( 0.000000000000000000, 0.000000000000000000, 1.000000000000000000 ) ) ;
#278 = EDGE_CURVE ( 'NONE', #1457, #147, #66, .T. ) ;
#279 = DIRECTION ( 'NONE',  ( -1.000000000000000000, -0.000000000000000000, -0.000000000000000000 ) ) ;
#280 = LINE ( 'NONE', #513, #607 ) ;
#281 = CIRCLE ( 'NONE', #1495, 5.499999999999998224 ) ;
#282 = ORIENTED_EDGE ( 'NONE', *, *, #501, .F. ) ;
#283 = DIRECTION ( 'NONE',  ( -1.000000000000000000, -0.000000000000000000, -0.000000000000000000 ) ) ;
#284 = EDGE_LOOP ( 'NONE', ( #1255, #1112, #1405 ) ) ;
#285 = AXIS2_PLACEMENT_3D ( 'NONE', #1365, #1248, #995 ) ;
#286 = CARTESIAN_POINT ( 'NONE',  ( 3.900000000000000799, 35.00000000000000000, -5.500000000000369482 ) ) ;
#287 = VECTOR ( 'NONE', #1249, 1000.000000000000000 ) ;
#288 = DIRECTION ( 'NONE',  ( -1.000000000000000000, -0.000000000000000000, -0.000000000000000000 ) ) ;
#289 = AXIS2_PLACEMENT_3D ( 'NONE', #1336, #1477, #529 ) ;
#290 = CARTESIAN_POINT ( 'NONE',  ( 3.900000000000000799, -17.50000000000003553, 24.81088913245534400 ) ) ;
#291 = ORIENTED_EDGE ( 'NONE', *, *, #1534, .T. ) ;
#292 = CIRCLE ( 'NONE', #1426, 3.199999999999994404 ) ;
#293 = CARTESIAN_POINT ( 'NONE',  ( 15.00000000000000000, 35.00000000000000000, -3.200000000000365663 ) ) ;
#294 = ORIENTED_EDGE ( 'NONE', *, *, #767, .T. ) ;
#295 = CARTESIAN_POINT ( 'NONE',  ( 3.900000000000000799, -35.00000000000000711, 1.249000902703301108E-13 ) ) ;
#296 = CYLINDRICAL_SURFACE ( 'NONE', #649, 5.499999999999998224 ) ;
#297 = APPLICATION_CONTEXT ( 'automotive_design' ) ;
#298 = DIRECTION ( 'NONE',  ( 0.000000000000000000, 0.000000000000000000, 1.000000000000000000 ) ) ;
#299 = DIRECTION ( 'NONE',  ( -1.000000000000000000, -0.000000000000000000, -0.000000000000000000 ) ) ;
#300 = VERTEX_POINT ( 'NONE', #447 ) ;
#301 = DIRECTION ( 'NONE',  ( 0.000000000000000000, 0.000000000000000000, 1.000000000000000000 ) ) ;
#302 = VERTEX_POINT ( 'NONE', #670 ) ;
#303 = CARTESIAN_POINT ( 'NONE',  ( 3.900000000000000799, -17.50000000000003553, 27.11088913245534471 ) ) ;
#304 = DIRECTION ( 'NONE',  ( 1.000000000000000000, 0.000000000000000000, 0.000000000000000000 ) ) ;
#305 = ORIENTED_EDGE ( 'NONE', *, *, #1267, .T. ) ;
#306 = CYLINDRICAL_SURFACE ( 'NONE', #1355, 3.199999999999994404 ) ;
#307 = AXIS2_PLACEMENT_3D ( 'NONE', #16, #962, #846 ) ;
#308 = ORIENTED_EDGE ( 'NONE', *, *, #1088, .F. ) ;
#309 = VECTOR ( 'NONE', #542, 1000.000000000000114 ) ;
#310 = FACE_OUTER_BOUND ( 'NONE', #1388, .T. ) ;
#311 = LINE ( 'NONE', #639, #386 ) ;
#312 = FACE_OUTER_BOUND ( 'NONE', #136, .T. ) ;
#313 = CIRCLE ( 'NONE', #508, 5.499999999999994671 ) ;
#314 = CIRCLE ( 'NONE', #948, 30.00000000000000000 ) ;
#315 = DIRECTION ( 'NONE',  ( -1.000000000000000000, -0.000000000000000000, -0.000000000000000000 ) ) ;
#316 = EDGE_CURVE ( 'NONE', #662, #1059, #204, .T. ) ;
#317 = CIRCLE ( 'NONE', #73, 3.199999999999994404 ) ;
#318 = ORIENTED_EDGE ( 'NONE', *, *, #1025, .F. ) ;
#319 = DIRECTION ( 'NONE',  ( -1.000000000000000000, 0.000000000000000000, 0.000000000000000000 ) ) ;
#320 = CARTESIAN_POINT ( 'NONE',  ( 15.00000000000000000, -17.50000000000003908, -30.31088913245534044 ) ) ;
#321 = LINE ( 'NONE', #1139, #142 ) ;
#322 = EDGE_CURVE ( 'NONE', #749, #1103, #1145, .T. ) ;
#323 = ORIENTED_EDGE ( 'NONE', *, *, #278, .F. ) ;
#324 = ADVANCED_FACE ( 'NONE', ( #1506 ), #475, .F. ) ;
#325 = DIRECTION ( 'NONE',  ( -1.000000000000000000, -0.000000000000000000, -0.000000000000000000 ) ) ;
#326 = ADVANCED_FACE ( 'NONE', ( #1389 ), #840, .F. ) ;
#327 = DIRECTION ( 'NONE',  ( -1.000000000000000000, -0.000000000000000000, -0.000000000000000000 ) ) ;
#328 = EDGE_LOOP ( 'NONE', ( #1412, #1338, #915, #1135 ) ) ;
#329 = EDGE_CURVE ( 'NONE', #300, #1318, #598, .T. ) ;
#330 = CYLINDRICAL_SURFACE ( 'NONE', #826, 5.499999999999998224 ) ;
#331 = ADVANCED_FACE ( 'NONE', ( #495 ), #622, .F. ) ;
#332 = ORIENTED_EDGE ( 'NONE', *, *, #600, .F. ) ;
#333 = PLANE ( 'NONE',  #543 ) ;
#334 = VECTOR ( 'NONE', #433, 1000.000000000000114 ) ;
#335 = CARTESIAN_POINT ( 'NONE',  ( 3.900000000000000799, 17.50000000000025224, 30.31088913245521255 ) ) ;
#336 = EDGE_LOOP ( 'NONE', ( #1529, #741, #601, #1263 ) ) ;
#337 = AXIS2_PLACEMENT_3D ( 'NONE', #338, #1164, #1514 ) ;
#338 = CARTESIAN_POINT ( 'NONE',  ( 20.00000000000000355, 0.000000000000000000, 0.000000000000000000 ) ) ;
#339 = CIRCLE ( 'NONE', #1402, 3.199999999999994404 ) ;
#340 = ADVANCED_FACE ( 'NONE', ( #1425 ), #512, .F. ) ;
#341 = ORIENTED_EDGE ( 'NONE', *, *, #759, .T. ) ;
#342 = DIRECTION ( 'NONE',  ( 0.000000000000000000, 0.000000000000000000, 1.000000000000000000 ) ) ;
#343 = AXIS2_PLACEMENT_3D ( 'NONE', #1463, #408, #1341 ) ;
#344 = ORIENTED_EDGE ( 'NONE', *, *, #1322, .T. ) ;
#345 = CARTESIAN_POINT ( 'NONE',  ( 0.000000000000000000, 0.000000000000000000, 0.000000000000000000 ) ) ;
#346 = VERTEX_POINT ( 'NONE', #263 ) ;
#347 = DIRECTION ( 'NONE',  ( 0.000000000000000000, 0.000000000000000000, 1.000000000000000000 ) ) ;
#348 = VERTEX_POINT ( 'NONE', #503 ) ;
#349 =( NAMED_UNIT ( * ) PLANE_ANGLE_UNIT ( ) SI_UNIT ( $, .RADIAN. ) );
#350 = ORIENTED_EDGE ( 'NONE', *, *, #120, .F. ) ;
#351 = ORIENTED_EDGE ( 'NONE', *, *, #1142, .T. ) ;
#352 = VECTOR ( 'NONE', #979, 1000.000000000000000 ) ;
#353 = CARTESIAN_POINT ( 'NONE',  ( 0.000000000000000000, 17.50000000000003553, -35.81088913245533689 ) ) ;
#354 = ORIENTED_EDGE ( 'NONE', *, *, #554, .F. ) ;
#355 = FACE_OUTER_BOUND ( 'NONE', #358, .T. ) ;
#356 = EDGE_CURVE ( 'NONE', #300, #991, #862, .T. ) ;
#357 = CONICAL_SURFACE ( 'NONE', #905, 3.199999999999994404, 1.029744258676654312 ) ;
#358 = EDGE_LOOP ( 'NONE', ( #402, #103, #587, #569 ) ) ;
#359 = CONICAL_SURFACE ( 'NONE', #167, 3.199999999999994404, 1.029744258676653645 ) ;
#360 = AXIS2_PLACEMENT_3D ( 'NONE', #716, #299, #971 ) ;
#361 = CARTESIAN_POINT ( 'NONE',  ( 0.000000000000000000, 0.000000000000000000, 0.000000000000000000 ) ) ;
#362 = CARTESIAN_POINT ( 'NONE',  ( 15.00000000000000000, 17.50000000000025224, 27.11088913245521681 ) ) ;
#363 = FACE_OUTER_BOUND ( 'NONE', #158, .T. ) ;
#364 = ORIENTED_EDGE ( 'NONE', *, *, #767, .F. ) ;
#365 = AXIS2_PLACEMENT_3D ( 'NONE', #552, #784, #567 ) ;
#366 = CARTESIAN_POINT ( 'NONE',  ( 2.143131898507867459E-15, -15.00000000000000533, 0.000000000000000000 ) ) ;
#367 = ORIENTED_EDGE ( 'NONE', *, *, #390, .F. ) ;
#368 = DIRECTION ( 'NONE',  ( 0.000000000000000000, 0.000000000000000000, 1.000000000000000000 ) ) ;
#369 = CARTESIAN_POINT ( 'NONE',  ( 0.000000000000000000, 17.50000000000025224, 33.51088913245521184 ) ) ;
#370 = DIRECTION ( 'NONE',  ( -1.000000000000000000, 0.000000000000000000, 0.000000000000000000 ) ) ;
#371 = DIRECTION ( 'NONE',  ( -1.000000000000000000, -0.000000000000000000, -0.000000000000000000 ) ) ;
#372 = ORIENTED_EDGE ( 'NONE', *, *, #1099, .F. ) ;
#373 = EDGE_CURVE ( 'NONE', #1479, #536, #981, .T. ) ;
#374 = ORIENTED_EDGE ( 'NONE', *, *, #1377, .F. ) ;
#375 = DIRECTION ( 'NONE',  ( -1.000000000000000000, -0.000000000000000000, -0.000000000000000000 ) ) ;
#376 = EDGE_CURVE ( 'NONE', #1436, #348, #693, .T. ) ;
#377 = CARTESIAN_POINT ( 'NONE',  ( 0.9999999999999978906, 0.000000000000000000, 0.000000000000000000 ) ) ;
#378 = CONICAL_SURFACE ( 'NONE', #1150, 3.199999999999994404, 1.029744258676653645 ) ;
#379 = DIRECTION ( 'NONE',  ( 1.000000000000000000, 0.000000000000000000, 0.000000000000000000 ) ) ;
#380 = AXIS2_PLACEMENT_3D ( 'NONE', #781, #406, #191 ) ;
#381 = ORIENTED_EDGE ( 'NONE', *, *, #228, .T. ) ;
#382 = CARTESIAN_POINT ( 'NONE',  ( 3.851859888774471706E-31, -17.50000000000003908, -35.81088913245533689 ) ) ;
#383 = ORIENTED_EDGE ( 'NONE', *, *, #91, .F. ) ;
#384 = CIRCLE ( 'NONE', #1047, 15.00000000000000178 ) ;
#385 = EDGE_CURVE ( 'NONE', #749, #692, #1319, .T. ) ;
#386 = VECTOR ( 'NONE', #1107, 1000.000000000000000 ) ;
#387 = CYLINDRICAL_SURFACE ( 'NONE', #745, 30.00000000000000000 ) ;
#388 = CIRCLE ( 'NONE', #1257, 3.199999999999994404 ) ;
#389 = ADVANCED_FACE ( 'NONE', ( #269 ), #378, .F. ) ;
#390 = EDGE_CURVE ( 'NONE', #1059, #242, #848, .T. ) ;
#391 = AXIS2_PLACEMENT_3D ( 'NONE', #928, #371, #949 ) ;
#392 = DIRECTION ( 'NONE',  ( -1.000000000000000000, -0.000000000000000000, -0.000000000000000000 ) ) ;
#393 = CARTESIAN_POINT ( 'NONE',  ( 49.00000000000002132, 0.000000000000000000, 30.00000000000000000 ) ) ;
#394 = ORIENTED_EDGE ( 'NONE', *, *, #1144, .F. ) ;
#395 = CARTESIAN_POINT ( 'NONE',  ( 49.00000000000002132, 0.000000000000000000, 0.000000000000000000 ) ) ;
#396 = ORIENTED_EDGE ( 'NONE', *, *, #210, .T. ) ;
#397 = CIRCLE ( 'NONE', #1109, 30.00000000000000000 ) ;
#398 = EDGE_CURVE ( 'NONE', #836, #452, #384, .T. ) ;
#399 = CARTESIAN_POINT ( 'NONE',  ( 3.900000000000000799, -17.50000000000003908, -30.31088913245534044 ) ) ;
#400 = DIRECTION ( 'NONE',  ( 0.000000000000000000, 0.000000000000000000, 1.000000000000000000 ) ) ;
#401 = CARTESIAN_POINT ( 'NONE',  ( 2.143131898507867459E-15, 1.959434878635767104E-15, -16.00000000000001421 ) ) ;
#402 = ORIENTED_EDGE ( 'NONE', *, *, #223, .F. ) ;
#403 = CYLINDRICAL_SURFACE ( 'NONE', #1525, 5.499999999999996447 ) ;
#404 = ORIENTED_EDGE ( 'NONE', *, *, #537, .T. ) ;
#405 = LINE ( 'NONE', #978, #1296 ) ;
#406 = DIRECTION ( 'NONE',  ( -1.000000000000000000, -0.000000000000000000, -0.000000000000000000 ) ) ;
#407 = CARTESIAN_POINT ( 'NONE',  ( 15.00000000000000000, 35.00000000000000000, 3.199999999999623146 ) ) ;
#408 = DIRECTION ( 'NONE',  ( -1.000000000000000000, -0.000000000000000000, -0.000000000000000000 ) ) ;
#409 = VECTOR ( 'NONE', #1004, 1000.000000000000000 ) ;
#410 = VERTEX_POINT ( 'NONE', #1193 ) ;
#411 = AXIS2_PLACEMENT_3D ( 'NONE', #22, #502, #1339 ) ;
#412 = DIRECTION ( 'NONE',  ( -1.000000000000000000, -0.000000000000000000, -0.000000000000000000 ) ) ;
#413 = ORIENTED_EDGE ( 'NONE', *, *, #1250, .F. ) ;
#414 = CARTESIAN_POINT ( 'NONE',  ( 3.900000000000000799, 17.50000000000025224, 24.81088913245521610 ) ) ;
#415 = CARTESIAN_POINT ( 'NONE',  ( 3.900000000000000799, 17.50000000000025224, 30.31088913245521255 ) ) ;
#416 = CIRCLE ( 'NONE', #750, 5.499999999999998224 ) ;
#417 = DIRECTION ( 'NONE',  ( 0.000000000000000000, 0.000000000000000000, 1.000000000000000000 ) ) ;
#418 = CIRCLE ( 'NONE', #1505, 5.499999999999998224 ) ;
#419 = CIRCLE ( 'NONE', #1176, 5.499999999999994671 ) ;
#420 = CARTESIAN_POINT ( 'NONE',  ( 0.000000000000000000, 17.50000000000003553, -30.31088913245534044 ) ) ;
#421 = ORIENTED_EDGE ( 'NONE', *, *, #1322, .F. ) ;
#422 = AXIS2_PLACEMENT_3D ( 'NONE', #857, #150, #270 ) ;
#423 = DIRECTION ( 'NONE',  ( 0.000000000000000000, 0.000000000000000000, -1.000000000000000000 ) ) ;
#424 = ORIENTED_EDGE ( 'NONE', *, *, #609, .F. ) ;
#425 = DIRECTION ( 'NONE',  ( -1.000000000000000000, -0.000000000000000000, -0.000000000000000000 ) ) ;
#426 = DIRECTION ( 'NONE',  ( 0.000000000000000000, 0.000000000000000000, -1.000000000000000000 ) ) ;
#427 = DIRECTION ( 'NONE',  ( 0.000000000000000000, 0.000000000000000000, 1.000000000000000000 ) ) ;
#428 = ORIENTED_EDGE ( 'NONE', *, *, #651, .T. ) ;
#429 = DIRECTION ( 'NONE',  ( 0.000000000000000000, 0.000000000000000000, 1.000000000000000000 ) ) ;
#430 = ORIENTED_EDGE ( 'NONE', *, *, #442, .T. ) ;
#431 = CARTESIAN_POINT ( 'NONE',  ( 3.900000000000000799, 35.00000000000000000, 5.499999999999626965 ) ) ;
#432 = CARTESIAN_POINT ( 'NONE',  ( 50.00000000000000000, 0.000000000000000000, 0.000000000000000000 ) ) ;
#433 = DIRECTION ( 'NONE',  ( -0.7071067811865451302, 0.000000000000000000, 0.7071067811865500152 ) ) ;
#434 = APPLICATION_PROTOCOL_DEFINITION ( 'draft international standard', 'automotive_design', 1998, #297 ) ;
#435 = DIRECTION ( 'NONE',  ( -1.000000000000000000, -0.000000000000000000, -0.000000000000000000 ) ) ;
#436 = ORIENTED_EDGE ( 'NONE', *, *, #752, .F. ) ;
#437 = CARTESIAN_POINT ( 'NONE',  ( 3.851859888774471706E-31, 35.00000000000000000, -5.500000000000362377 ) ) ;
#438 = LINE ( 'NONE', #665, #973 ) ;
#439 = ADVANCED_FACE ( 'NONE', ( #1340 ), #357, .F. ) ;
#440 = DIRECTION ( 'NONE',  ( 1.000000000000000000, 0.000000000000000000, 0.000000000000000000 ) ) ;
#441 = VECTOR ( 'NONE', #1468, 1000.000000000000114 ) ;
#442 = EDGE_CURVE ( 'NONE', #410, #1052, #946, .T. ) ;
#443 = AXIS2_PLACEMENT_3D ( 'NONE', #625, #412, #301 ) ;
#444 = DIRECTION ( 'NONE',  ( 0.000000000000000000, 0.000000000000000000, 1.000000000000000000 ) ) ;
#445 = ORIENTED_EDGE ( 'NONE', *, *, #1512, .T. ) ;
#446 = DIRECTION ( 'NONE',  ( -1.000000000000000000, -0.000000000000000000, -0.000000000000000000 ) ) ;
#447 = CARTESIAN_POINT ( 'NONE',  ( 16.92275398088818861, -35.00000000000001421, 1.249000902703301108E-13 ) ) ;
#448 = EDGE_CURVE ( 'NONE', #1487, #452, #957, .T. ) ;
#449 = DIRECTION ( 'NONE',  ( 0.000000000000000000, 0.000000000000000000, 1.000000000000000000 ) ) ;
#450 = ORIENTED_EDGE ( 'NONE', *, *, #1512, .F. ) ;
#451 = CARTESIAN_POINT ( 'NONE',  ( 0.9999999999999978906, 1.836970198721029983E-15, -15.00000000000000178 ) ) ;
#452 = VERTEX_POINT ( 'NONE', #1434 ) ;
#453 = ADVANCED_FACE ( 'NONE', ( #610 ), #559, .F. ) ;
#454 = DIRECTION ( 'NONE',  ( 0.000000000000000000, 0.000000000000000000, 1.000000000000000000 ) ) ;
#455 = EDGE_LOOP ( 'NONE', ( #1204, #341 ) ) ;
#456 = FACE_OUTER_BOUND ( 'NONE', #284, .T. ) ;
#457 = VECTOR ( 'NONE', #1316, 1000.000000000000114 ) ;
#458 = AXIS2_PLACEMENT_3D ( 'NONE', #399, #509, #277 ) ;
#459 = VERTEX_POINT ( 'NONE', #592 ) ;
#460 = CARTESIAN_POINT ( 'NONE',  ( 15.00000000000000000, -35.00000000000000711, 1.249000902703301108E-13 ) ) ;
#461 = ORIENTED_EDGE ( 'NONE', *, *, #1385, .F. ) ;
#462 = AXIS2_PLACEMENT_3D ( 'NONE', #482, #1066, #740 ) ;
#463 = LINE ( 'NONE', #451, #1476 ) ;
#464 = AXIS2_PLACEMENT_3D ( 'NONE', #1157, #1035, #454 ) ;
#465 = ORIENTED_EDGE ( 'NONE', *, *, #550, .F. ) ;
#466 = LINE ( 'NONE', #369, #1503 ) ;
#467 = DIRECTION ( 'NONE',  ( -1.000000000000000000, -0.000000000000000000, -0.000000000000000000 ) ) ;
#468 = EDGE_LOOP ( 'NONE', ( #705, #1220, #445, #354 ) ) ;
#469 = DIRECTION ( 'NONE',  ( 0.000000000000000000, 0.000000000000000000, 1.000000000000000000 ) ) ;
#470 = ORIENTED_EDGE ( 'NONE', *, *, #398, .T. ) ;
#471 = ORIENTED_EDGE ( 'NONE', *, *, #1088, .T. ) ;
#472 = EDGE_CURVE ( 'NONE', #1394, #749, #248, .T. ) ;
#473 = CYLINDRICAL_SURFACE ( 'NONE', #729, 3.199999999999994404 ) ;
#474 = ORIENTED_EDGE ( 'NONE', *, *, #1303, .F. ) ;
#475 = TOROIDAL_SURFACE ( 'NONE', #966, 32.00000000000000000, 2.000000000000000000 ) ;
#476 = CARTESIAN_POINT ( 'NONE',  ( 3.900000000000000799, -35.00000000000000711, 3.200000000000119194 ) ) ;
#477 = DIRECTION ( 'NONE',  ( 0.000000000000000000, 0.000000000000000000, -1.000000000000000000 ) ) ;
#478 = DIRECTION ( 'NONE',  ( -1.000000000000000000, -0.000000000000000000, -0.000000000000000000 ) ) ;
#479 = EDGE_CURVE ( 'NONE', #662, #202, #139, .T. ) ;
#480 = ORIENTED_EDGE ( 'NONE', *, *, #46, .F. ) ;
#481 = CIRCLE ( 'NONE', #39, 5.499999999999998224 ) ;
#482 = CARTESIAN_POINT ( 'NONE',  ( 20.00000000000000355, -50.00000000000000000, 0.000000000000000000 ) ) ;
#483 = ORIENTED_EDGE ( 'NONE', *, *, #588, .F. ) ;
#484 = VECTOR ( 'NONE', #1079, 1000.000000000000000 ) ;
#485 = AXIS2_PLACEMENT_3D ( 'NONE', #886, #1334, #1108 ) ;
#486 = CYLINDRICAL_SURFACE ( 'NONE', #1093, 15.00000000000000178 ) ;
#487 = DIRECTION ( 'NONE',  ( -1.000000000000000000, -0.000000000000000000, -0.000000000000000000 ) ) ;
#488 = CARTESIAN_POINT ( 'NONE',  ( 22.00000000000000711, 3.918869757271530263E-15, 32.00000000000000000 ) ) ;
#489 = EDGE_CURVE ( 'NONE', #202, #242, #519, .T. ) ;
#490 = CYLINDRICAL_SURFACE ( 'NONE', #391, 50.00000000000000000 ) ;
#491 = EDGE_LOOP ( 'NONE', ( #367, #383 ) ) ;
#492 = DIRECTION ( 'NONE',  ( -1.000000000000000000, -0.000000000000000000, -0.000000000000000000 ) ) ;
#493 = EDGE_CURVE ( 'NONE', #1214, #1487, #1046, .T. ) ;
#494 = CARTESIAN_POINT ( 'NONE',  ( 3.900000000000000799, 17.50000000000025224, 30.31088913245521255 ) ) ;
#495 = FACE_OUTER_BOUND ( 'NONE', #1245, .T. ) ;
#496 = DIRECTION ( 'NONE',  ( -1.000000000000000000, -0.000000000000000000, -0.000000000000000000 ) ) ;
#497 = EDGE_LOOP ( 'NONE', ( #733, #396, #570 ) ) ;
#498 = EDGE_CURVE ( 'NONE', #348, #1436, #416, .T. ) ;
#499 = SURFACE_STYLE_USAGE ( .BOTH. , #1330 ) ;
#500 = ORIENTED_EDGE ( 'NONE', *, *, #1532, .T. ) ;
#501 = EDGE_CURVE ( 'NONE', #1410, #1394, #744, .T. ) ;
#502 = DIRECTION ( 'NONE',  ( -1.000000000000000000, -0.000000000000000000, -0.000000000000000000 ) ) ;
#503 = CARTESIAN_POINT ( 'NONE',  ( 3.900000000000000799, -17.50000000000003553, 35.81088913245533689 ) ) ;
#504 = LINE ( 'NONE', #1456, #17 ) ;
#505 = ORIENTED_EDGE ( 'NONE', *, *, #390, .T. ) ;
#506 = DIRECTION ( 'NONE',  ( -1.000000000000000000, -0.000000000000000000, -0.000000000000000000 ) ) ;
#507 = EDGE_LOOP ( 'NONE', ( #267, #719, #294 ) ) ;
#508 = AXIS2_PLACEMENT_3D ( 'NONE', #632, #645, #47 ) ;
#509 = DIRECTION ( 'NONE',  ( -1.000000000000000000, -0.000000000000000000, -0.000000000000000000 ) ) ;
#510 = AXIS2_PLACEMENT_3D ( 'NONE', #43, #506, #515 ) ;
#511 = AXIS2_PLACEMENT_3D ( 'NONE', #1427, #1317, #342 ) ;
#512 = CYLINDRICAL_SURFACE ( 'NONE', #918, 5.499999999999998224 ) ;
#513 = CARTESIAN_POINT ( 'NONE',  ( 0.000000000000000000, -35.00000000000000711, -5.499999999999871214 ) ) ;
#514 = ORIENTED_EDGE ( 'NONE', *, *, #1364, .F. ) ;
#515 = DIRECTION ( 'NONE',  ( 0.000000000000000000, 0.000000000000000000, 1.000000000000000000 ) ) ;
#516 = VERTEX_POINT ( 'NONE', #192 ) ;
#517 = CARTESIAN_POINT ( 'NONE',  ( 0.000000000000000000, 17.50000000000003553, -30.31088913245534044 ) ) ;
#518 = EDGE_CURVE ( 'NONE', #546, #747, #1498, .T. ) ;
#519 = LINE ( 'NONE', #1011, #1421 ) ;
#520 = DIRECTION ( 'NONE',  ( 0.000000000000000000, 0.000000000000000000, 1.000000000000000000 ) ) ;
#521 = EDGE_LOOP ( 'NONE', ( #976, #129, #555, #1222 ) ) ;
#522 = EDGE_CURVE ( 'NONE', #410, #151, #1375, .T. ) ;
#523 = DIRECTION ( 'NONE',  ( -1.000000000000000000, -0.000000000000000000, -0.000000000000000000 ) ) ;
#524 = ORIENTED_EDGE ( 'NONE', *, *, #178, .F. ) ;
#525 = DIRECTION ( 'NONE',  ( 0.000000000000000000, 0.000000000000000000, 1.000000000000000000 ) ) ;
#526 = FACE_BOUND ( 'NONE', #636, .T. ) ;
#527 = DIRECTION ( 'NONE',  ( -1.000000000000000000, -0.000000000000000000, -0.000000000000000000 ) ) ;
#528 = ORIENTED_EDGE ( 'NONE', *, *, #518, .F. ) ;
#529 = DIRECTION ( 'NONE',  ( 0.000000000000000000, 0.000000000000000000, 1.000000000000000000 ) ) ;
#530 = ORIENTED_EDGE ( 'NONE', *, *, #373, .F. ) ;
#531 = DIRECTION ( 'NONE',  ( -0.5150380749100542666, 0.000000000000000000, 0.8571673007021122226 ) ) ;
#532 = CARTESIAN_POINT ( 'NONE',  ( 0.000000000000000000, -17.50000000000003553, 27.11088913245534471 ) ) ;
#533 = CARTESIAN_POINT ( 'NONE',  ( 3.851859888774471706E-31, -17.50000000000003553, 24.81088913245534400 ) ) ;
#534 = AXIS2_PLACEMENT_3D ( 'NONE', #908, #794, #667 ) ;
#535 =( LENGTH_UNIT ( ) NAMED_UNIT ( * ) SI_UNIT ( .MILLI., .METRE. ) );
#536 = VERTEX_POINT ( 'NONE', #84 ) ;
#537 = EDGE_CURVE ( 'NONE', #877, #63, #311, .T. ) ;
#538 = CARTESIAN_POINT ( 'NONE',  ( 3.851859888774471706E-31, 17.50000000000003553, -35.81088913245533689 ) ) ;
#539 = VERTEX_POINT ( 'NONE', #186 ) ;
#540 = ADVANCED_FACE ( 'NONE', ( #783 ), #1400, .F. ) ;
#541 = AXIS2_PLACEMENT_3D ( 'NONE', #916, #1499, #1133 ) ;
#542 = DIRECTION ( 'NONE',  ( -0.5150380749100541555, 1.049727191138618696E-16, -0.8571673007021122226 ) ) ;
#543 = AXIS2_PLACEMENT_3D ( 'NONE', #1266, #213, #206 ) ;
#544 = CARTESIAN_POINT ( 'NONE',  ( 50.00000000000000000, 0.000000000000000000, 0.000000000000000000 ) ) ;
#545 = FACE_OUTER_BOUND ( 'NONE', #830, .T. ) ;
#546 = VERTEX_POINT ( 'NONE', #1259 ) ;
#547 = DIRECTION ( 'NONE',  ( 0.000000000000000000, 0.000000000000000000, 1.000000000000000000 ) ) ;
#548 = EDGE_CURVE ( 'NONE', #452, #1189, #438, .T. ) ;
#549 = DIRECTION ( 'NONE',  ( 0.000000000000000000, 0.000000000000000000, 1.000000000000000000 ) ) ;
#550 = EDGE_CURVE ( 'NONE', #941, #1452, #1069, .T. ) ;
#551 = CARTESIAN_POINT ( 'NONE',  ( 15.00000000000000000, -17.50000000000003908, -33.51088913245533263 ) ) ;
#552 = CARTESIAN_POINT ( 'NONE',  ( 0.000000000000000000, 17.50000000000003553, -30.31088913245534044 ) ) ;
#553 = DIRECTION ( 'NONE',  ( 0.000000000000000000, 0.000000000000000000, 1.000000000000000000 ) ) ;
#554 = EDGE_CURVE ( 'NONE', #683, #32, #697, .T. ) ;
#555 = ORIENTED_EDGE ( 'NONE', *, *, #1454, .T. ) ;
#556 = CLOSED_SHELL ( 'NONE', ( #889, #821, #389, #658, #331, #540, #340, #1293, #805, #1031, #1156, #230, #1182, #1209, #1301, #161, #1481, #704, #107, #1522, #751, #171, #4, #1311, #866, #764, #909, #965, #273, #48, #1062, #220, #324, #1213, #1374, #661, #871, #1203, #110, #590, #1342, #792, #923, #113, #1423, #439, #326, #815, #980, #1078, #1234, #1486, #813, #453, #1027, #597, #163 ) ) ;
#557 = CYLINDRICAL_SURFACE ( 'NONE', #1128, 50.00000000000000000 ) ;
#558 = DIRECTION ( 'NONE',  ( 1.000000000000000000, 0.000000000000000000, 0.000000000000000000 ) ) ;
#559 = CONICAL_SURFACE ( 'NONE', #194, 3.199999999999994404, 1.029744258676653645 ) ;
#560 = AXIS2_PLACEMENT_3D ( 'NONE', #146, #492, #1419 ) ;
#561 = CARTESIAN_POINT ( 'NONE',  ( 3.900000000000000799, 35.00000000000000000, -3.712308238590367182E-13 ) ) ;
#562 = CIRCLE ( 'NONE', #464, 3.199999999999994404 ) ;
#563 = EDGE_LOOP ( 'NONE', ( #197, #849, #1292, #19 ) ) ;
#564 = FACE_OUTER_BOUND ( 'NONE', #74, .T. ) ;
#565 = EDGE_LOOP ( 'NONE', ( #344, #227 ) ) ;
#566 = AXIS2_PLACEMENT_3D ( 'NONE', #1378, #1012, #79 ) ;
#567 = DIRECTION ( 'NONE',  ( 0.000000000000000000, 0.000000000000000000, 1.000000000000000000 ) ) ;
#568 = CARTESIAN_POINT ( 'NONE',  ( 15.00000000000000000, 17.50000000000025224, 30.31088913245521255 ) ) ;
#569 = ORIENTED_EDGE ( 'NONE', *, *, #316, .F. ) ;
#570 = ORIENTED_EDGE ( 'NONE', *, *, #1385, .T. ) ;
#571 = CYLINDRICAL_SURFACE ( 'NONE', #170, 5.499999999999994671 ) ;
#572 = ORIENTED_EDGE ( 'NONE', *, *, #1199, .F. ) ;
#573 = AXIS2_PLACEMENT_3D ( 'NONE', #1265, #558, #1023 ) ;
#574 = ORIENTED_EDGE ( 'NONE', *, *, #1092, .T. ) ;
#575 = CARTESIAN_POINT ( 'NONE',  ( 3.900000000000000799, 17.50000000000003553, -27.11088913245534471 ) ) ;
#576 = VECTOR ( 'NONE', #1114, 1000.000000000000000 ) ;
#577 = CARTESIAN_POINT ( 'NONE',  ( 15.00000000000000000, 35.00000000000000000, -3.712308238590367182E-13 ) ) ;
#578 = ORIENTED_EDGE ( 'NONE', *, *, #260, .F. ) ;
#579 = EDGE_CURVE ( 'NONE', #612, #1493, #481, .T. ) ;
#580 = CYLINDRICAL_SURFACE ( 'NONE', #239, 5.499999999999998224 ) ;
#581 = VECTOR ( 'NONE', #1, 1000.000000000000114 ) ;
#582 = VERTEX_POINT ( 'NONE', #533 ) ;
#583 = ORIENTED_EDGE ( 'NONE', *, *, #701, .T. ) ;
#584 = DIRECTION ( 'NONE',  ( 0.000000000000000000, 0.000000000000000000, 1.000000000000000000 ) ) ;
#585 = ORIENTED_EDGE ( 'NONE', *, *, #373, .T. ) ;
#586 = FACE_OUTER_BOUND ( 'NONE', #565, .T. ) ;
#587 = ORIENTED_EDGE ( 'NONE', *, *, #91, .T. ) ;
#588 = EDGE_CURVE ( 'NONE', #758, #302, #313, .T. ) ;
#589 = LINE ( 'NONE', #1060, #33 ) ;
#590 = ADVANCED_FACE ( 'NONE', ( #872, #1349 ), #756, .F. ) ;
#591 = FACE_OUTER_BOUND ( 'NONE', #455, .T. ) ;
#592 = CARTESIAN_POINT ( 'NONE',  ( 3.900000000000000799, -17.50000000000003908, -35.81088913245533689 ) ) ;
#593 = CARTESIAN_POINT ( 'NONE',  ( 3.900000000000000799, 17.50000000000003553, -35.81088913245533689 ) ) ;
#594 = ORIENTED_EDGE ( 'NONE', *, *, #1367, .T. ) ;
#595 = EDGE_CURVE ( 'NONE', #1195, #703, #177, .T. ) ;
#596 = PLANE ( 'NONE',  #819 ) ;
#597 = ADVANCED_FACE ( 'NONE', ( #526, #996 ), #893, .F. ) ;
#598 = LINE ( 'NONE', #8, #1271 ) ;
#599 = LINE ( 'NONE', #841, #581 ) ;
#600 = EDGE_CURVE ( 'NONE', #690, #21, #655, .T. ) ;
#601 = ORIENTED_EDGE ( 'NONE', *, *, #1415, .T. ) ;
#602 = AXIS2_PLACEMENT_3D ( 'NONE', #669, #446, #217 ) ;
#603 = CARTESIAN_POINT ( 'NONE',  ( 15.00000000000000000, -35.00000000000000711, 1.249000902703301108E-13 ) ) ;
#604 = STYLED_ITEM ( 'NONE', ( #1081 ), #829 ) ;
#605 = VERTEX_POINT ( 'NONE', #575 ) ;
#606 = CONICAL_SURFACE ( 'NONE', #802, 15.00000000000000178, 0.7853981633974569387 ) ;
#607 = VECTOR ( 'NONE', #1219, 1000.000000000000000 ) ;
#608 = CARTESIAN_POINT ( 'NONE',  ( 3.900000000000000799, -17.50000000000003553, 30.31088913245534044 ) ) ;
#609 = EDGE_CURVE ( 'NONE', #859, #842, #677, .T. ) ;
#610 = FACE_OUTER_BOUND ( 'NONE', #960, .T. ) ;
#611 = DIRECTION ( 'NONE',  ( -1.000000000000000000, -0.000000000000000000, -0.000000000000000000 ) ) ;
#612 = VERTEX_POINT ( 'NONE', #1315 ) ;
#613 =( NAMED_UNIT ( * ) SI_UNIT ( $, .STERADIAN. ) SOLID_ANGLE_UNIT ( ) );
#614 = ORIENTED_EDGE ( 'NONE', *, *, #708, .F. ) ;
#615 = CARTESIAN_POINT ( 'NONE',  ( 4.286263797015734919E-15, 0.000000000000000000, 50.00000000000000000 ) ) ;
#616 = DIRECTION ( 'NONE',  ( 0.000000000000000000, 1.000000000000000000, -1.224646799147353207E-16 ) ) ;
#617 = FACE_OUTER_BOUND ( 'NONE', #328, .T. ) ;
#618 = EDGE_LOOP ( 'NONE', ( #474, #480, #820, #81 ) ) ;
#619 = CARTESIAN_POINT ( 'NONE',  ( 15.00000000000000000, -17.50000000000003553, 33.51088913245533263 ) ) ;
#620 = ORIENTED_EDGE ( 'NONE', *, *, #329, .F. ) ;
#621 = CARTESIAN_POINT ( 'NONE',  ( 15.00000000000000000, -17.50000000000003553, 27.11088913245534471 ) ) ;
#622 = CYLINDRICAL_SURFACE ( 'NONE', #307, 3.199999999999994404 ) ;
#623 = CARTESIAN_POINT ( 'NONE',  ( 3.900000000000000799, -17.50000000000003553, 33.51088913245533263 ) ) ;
#624 = ORIENTED_EDGE ( 'NONE', *, *, #62, .F. ) ;
#625 = CARTESIAN_POINT ( 'NONE',  ( 3.851859888774471706E-31, 17.50000000000025224, 30.31088913245521255 ) ) ;
#626 = EDGE_LOOP ( 'NONE', ( #1160, #1430, #169, #514 ) ) ;
#627 = VECTOR ( 'NONE', #1210, 1000.000000000000000 ) ;
#628 = CARTESIAN_POINT ( 'NONE',  ( 20.00000000000000355, 0.000000000000000000, 0.000000000000000000 ) ) ;
#629 = CIRCLE ( 'NONE', #656, 30.00000000000000000 ) ;
#630 = EDGE_CURVE ( 'NONE', #1413, #1521, #466, .T. ) ;
#631 = AXIS2_PLACEMENT_3D ( 'NONE', #691, #935, #144 ) ;
#632 = CARTESIAN_POINT ( 'NONE',  ( 3.851859888774471706E-31, -35.00000000000000711, 1.249000902703301108E-13 ) ) ;
#633 = DIRECTION ( 'NONE',  ( -1.000000000000000000, -0.000000000000000000, -0.000000000000000000 ) ) ;
#634 = ORIENTED_EDGE ( 'NONE', *, *, #1250, .T. ) ;
#635 = DIRECTION ( 'NONE',  ( 0.000000000000000000, 0.000000000000000000, 1.000000000000000000 ) ) ;
#636 = EDGE_LOOP ( 'NONE', ( #256, #786 ) ) ;
#637 = CIRCLE ( 'NONE', #343, 5.499999999999998224 ) ;
#638 = DIRECTION ( 'NONE',  ( 1.000000000000000000, 0.000000000000000000, 0.000000000000000000 ) ) ;
#639 = CARTESIAN_POINT ( 'NONE',  ( 0.000000000000000000, 17.50000000000003553, -24.81088913245534044 ) ) ;
#640 = CARTESIAN_POINT ( 'NONE',  ( 20.00000000000000355, 0.000000000000000000, 0.000000000000000000 ) ) ;
#641 = EDGE_LOOP ( 'NONE', ( #1369, #728 ) ) ;
#642 = DIRECTION ( 'NONE',  ( -1.000000000000000000, -0.000000000000000000, -0.000000000000000000 ) ) ;
#643 = EDGE_LOOP ( 'NONE', ( #381, #583, #421, #450 ) ) ;
#644 = LINE ( 'NONE', #76, #309 ) ;
#645 = DIRECTION ( 'NONE',  ( -1.000000000000000000, -0.000000000000000000, -0.000000000000000000 ) ) ;
#646 = EDGE_CURVE ( 'NONE', #877, #1331, #258, .T. ) ;
#647 = DIRECTION ( 'NONE',  ( 0.000000000000000000, -1.000000000000000000, 0.000000000000000000 ) ) ;
#648 = EDGE_LOOP ( 'NONE', ( #305, #1300 ) ) ;
#649 = AXIS2_PLACEMENT_3D ( 'NONE', #517, #664, #1010 ) ;
#650 = DIRECTION ( 'NONE',  ( 0.000000000000000000, 0.000000000000000000, 1.000000000000000000 ) ) ;
#651 = EDGE_CURVE ( 'NONE', #924, #1467, #1535, .T. ) ;
#652 = EDGE_LOOP ( 'NONE', ( #578, #27, #117, #471 ) ) ;
#653 = DIRECTION ( 'NONE',  ( 0.000000000000000000, 0.000000000000000000, 1.000000000000000000 ) ) ;
#654 = CIRCLE ( 'NONE', #850, 50.00000000000000000 ) ;
#655 = LINE ( 'NONE', #1132, #1276 ) ;
#656 = AXIS2_PLACEMENT_3D ( 'NONE', #1111, #1089, #992 ) ;
#657 = CIRCLE ( 'NONE', #42, 16.00000000000001421 ) ;
#658 = ADVANCED_FACE ( 'NONE', ( #706 ), #7, .F. ) ;
#659 = DIRECTION ( 'NONE',  ( -1.000000000000000000, -0.000000000000000000, -0.000000000000000000 ) ) ;
#660 = FACE_OUTER_BOUND ( 'NONE', #1321, .T. ) ;
#661 = ADVANCED_FACE ( 'NONE', ( #126, #591 ), #133, .F. ) ;
#662 = VERTEX_POINT ( 'NONE', #431 ) ;
#663 = CARTESIAN_POINT ( 'NONE',  ( 3.851859888774471706E-31, 17.50000000000025224, 35.81088913245520899 ) ) ;
#664 = DIRECTION ( 'NONE',  ( -1.000000000000000000, -0.000000000000000000, -0.000000000000000000 ) ) ;
#665 = CARTESIAN_POINT ( 'NONE',  ( 0.9999999999999978906, 0.000000000000000000, 15.00000000000000178 ) ) ;
#666 = LINE ( 'NONE', #1280, #78 ) ;
#667 = DIRECTION ( 'NONE',  ( 0.000000000000000000, 0.000000000000000000, 1.000000000000000000 ) ) ;
#668 = EDGE_LOOP ( 'NONE', ( #394, #868, #1064, #1282 ) ) ;
#669 = CARTESIAN_POINT ( 'NONE',  ( 3.900000000000000799, 17.50000000000003553, -30.31088913245534044 ) ) ;
#670 = CARTESIAN_POINT ( 'NONE',  ( 3.851859888774471706E-31, -35.00000000000000711, 5.500000000000119016 ) ) ;
#671 = CARTESIAN_POINT ( 'NONE',  ( 0.000000000000000000, -35.00000000000000711, 1.249000902703301108E-13 ) ) ;
#672 = AXIS2_PLACEMENT_3D ( 'NONE', #1488, #184, #1113 ) ;
#673 = VERTEX_POINT ( 'NONE', #1119 ) ;
#674 = AXIS2_PLACEMENT_3D ( 'NONE', #839, #140, #1445 ) ;
#675 = CARTESIAN_POINT ( 'NONE',  ( 3.900000000000000799, -17.50000000000003908, -27.11088913245534471 ) ) ;
#676 = ORIENTED_EDGE ( 'NONE', *, *, #245, .F. ) ;
#677 = CIRCLE ( 'NONE', #1100, 5.499999999999994671 ) ;
#678 = EDGE_CURVE ( 'NONE', #240, #941, #897, .T. ) ;
#679 = AXIS2_PLACEMENT_3D ( 'NONE', #603, #943, #1429 ) ;
#680 = AXIS2_PLACEMENT_3D ( 'NONE', #959, #611, #254 ) ;
#681 = FACE_OUTER_BOUND ( 'NONE', #336, .T. ) ;
#682 = CIRCLE ( 'NONE', #422, 5.499999999999994671 ) ;
#683 = VERTEX_POINT ( 'NONE', #780 ) ;
#684 = LINE ( 'NONE', #1141, #116 ) ;
#685 = EDGE_LOOP ( 'NONE', ( #60, #138 ) ) ;
#686 = DIRECTION ( 'NONE',  ( -1.000000000000000000, -0.000000000000000000, -0.000000000000000000 ) ) ;
#687 = DIRECTION ( 'NONE',  ( -1.000000000000000000, -0.000000000000000000, -0.000000000000000000 ) ) ;
#688 = ORIENTED_EDGE ( 'NONE', *, *, #245, .T. ) ;
#689 = DIRECTION ( 'NONE',  ( 0.000000000000000000, 0.000000000000000000, 1.000000000000000000 ) ) ;
#690 = VERTEX_POINT ( 'NONE', #414 ) ;
#691 = CARTESIAN_POINT ( 'NONE',  ( 15.00000000000000000, -17.50000000000003908, -30.31088913245534044 ) ) ;
#692 = VERTEX_POINT ( 'NONE', #879 ) ;
#693 = CIRCLE ( 'NONE', #31, 5.499999999999998224 ) ;
#694 = CARTESIAN_POINT ( 'NONE',  ( 20.00000000000000355, 6.123233995736766085E-15, -50.00000000000000000 ) ) ;
#695 = AXIS2_PLACEMENT_3D ( 'NONE', #494, #1439, #713 ) ;
#696 = ORIENTED_EDGE ( 'NONE', *, *, #759, .F. ) ;
#697 = CIRCLE ( 'NONE', #1256, 50.00000000000000000 ) ;
#698 = CARTESIAN_POINT ( 'NONE',  ( 3.900000000000000799, -35.00000000000000711, 1.249000902703301108E-13 ) ) ;
#699 = ORIENTED_EDGE ( 'NONE', *, *, #881, .T. ) ;
#700 = CIRCLE ( 'NONE', #195, 5.499999999999998224 ) ;
#701 = EDGE_CURVE ( 'NONE', #838, #683, #405, .T. ) ;
#702 = DIRECTION ( 'NONE',  ( -1.000000000000000000, -0.000000000000000000, -0.000000000000000000 ) ) ;
#703 = VERTEX_POINT ( 'NONE', #663 ) ;
#704 = ADVANCED_FACE ( 'NONE', ( #276 ), #1152, .F. ) ;
#705 = ORIENTED_EDGE ( 'NONE', *, *, #701, .F. ) ;
#706 = FACE_OUTER_BOUND ( 'NONE', #1288, .T. ) ;
#707 = DIRECTION ( 'NONE',  ( 0.000000000000000000, 0.000000000000000000, 1.000000000000000000 ) ) ;
#708 = EDGE_CURVE ( 'NONE', #1328, #145, #166, .T. ) ;
#709 = CARTESIAN_POINT ( 'NONE',  ( 0.000000000000000000, 17.50000000000025224, 27.11088913245522036 ) ) ;
#710 = ORIENTED_EDGE ( 'NONE', *, *, #1431, .T. ) ;
#711 = FACE_BOUND ( 'NONE', #188, .T. ) ;
#712 = ORIENTED_EDGE ( 'NONE', *, *, #1262, .T. ) ;
#713 = DIRECTION ( 'NONE',  ( 0.000000000000000000, 0.000000000000000000, 1.000000000000000000 ) ) ;
#714 = DIRECTION ( 'NONE',  ( 0.000000000000000000, 0.000000000000000000, 1.000000000000000000 ) ) ;
#715 = CARTESIAN_POINT ( 'NONE',  ( 3.900000000000000799, 35.00000000000000000, -3.712308238590367182E-13 ) ) ;
#716 = CARTESIAN_POINT ( 'NONE',  ( 0.000000000000000000, -17.50000000000003908, -30.31088913245534044 ) ) ;
#717 = ORIENTED_EDGE ( 'NONE', *, *, #1367, .F. ) ;
#718 = CARTESIAN_POINT ( 'NONE',  ( 3.900000000000000799, 17.50000000000025224, 30.31088913245521255 ) ) ;
#719 = ORIENTED_EDGE ( 'NONE', *, *, #742, .T. ) ;
#720 = AXIS2_PLACEMENT_3D ( 'NONE', #38, #392, #1440 ) ;
#721 = DIRECTION ( 'NONE',  ( -1.000000000000000000, -0.000000000000000000, -0.000000000000000000 ) ) ;
#722 = DIRECTION ( 'NONE',  ( 0.000000000000000000, 0.000000000000000000, 1.000000000000000000 ) ) ;
#723 = DIRECTION ( 'NONE',  ( -1.000000000000000000, -0.000000000000000000, -0.000000000000000000 ) ) ;
#724 = EDGE_LOOP ( 'NONE', ( #1187, #1087, #238, #1460 ) ) ;
#725 = AXIS2_PLACEMENT_3D ( 'NONE', #295, #763, #1241 ) ;
#726 = FACE_BOUND ( 'NONE', #685, .T. ) ;
#727 = CIRCLE ( 'NONE', #1049, 29.00000000000001066 ) ;
#728 = ORIENTED_EDGE ( 'NONE', *, *, #1475, .T. ) ;
#729 = AXIS2_PLACEMENT_3D ( 'NONE', #1308, #1409, #1202 ) ;
#730 = CARTESIAN_POINT ( 'NONE',  ( 3.851859888774471706E-31, 17.50000000000003553, -24.81088913245534400 ) ) ;
#731 = CARTESIAN_POINT ( 'NONE',  ( 0.000000000000000000, 0.000000000000000000, 30.00000000000000000 ) ) ;
#732 = CARTESIAN_POINT ( 'NONE',  ( 3.900000000000000799, -17.50000000000003908, -30.31088913245534044 ) ) ;
#733 = ORIENTED_EDGE ( 'NONE', *, *, #678, .F. ) ;
#734 = CARTESIAN_POINT ( 'NONE',  ( 50.00000000000000000, 0.000000000000000000, 0.000000000000000000 ) ) ;
#735 = EDGE_LOOP ( 'NONE', ( #1335, #1180 ) ) ;
#736 = CARTESIAN_POINT ( 'NONE',  ( 0.000000000000000000, -17.50000000000003908, -30.31088913245534044 ) ) ;
#737 = DIRECTION ( 'NONE',  ( -1.000000000000000000, -0.000000000000000000, -0.000000000000000000 ) ) ;
#738 = DIRECTION ( 'NONE',  ( -1.000000000000000000, -0.000000000000000000, -0.000000000000000000 ) ) ;
#739 = ORIENTED_EDGE ( 'NONE', *, *, #1415, .F. ) ;
#740 = DIRECTION ( 'NONE',  ( 0.000000000000000000, 0.000000000000000000, -1.000000000000000000 ) ) ;
#741 = ORIENTED_EDGE ( 'NONE', *, *, #1489, .T. ) ;
#742 = EDGE_CURVE ( 'NONE', #673, #924, #183, .T. ) ;
#743 = CYLINDRICAL_SURFACE ( 'NONE', #797, 3.199999999999994404 ) ;
#744 = LINE ( 'NONE', #1490, #334 ) ;
#745 = AXIS2_PLACEMENT_3D ( 'NONE', #361, #721, #845 ) ;
#746 = CARTESIAN_POINT ( 'NONE',  ( 0.000000000000000000, -17.50000000000003908, -24.81088913245534400 ) ) ;
#747 = VERTEX_POINT ( 'NONE', #1382 ) ;
#748 = DIRECTION ( 'NONE',  ( 1.000000000000000000, 0.000000000000000000, 0.000000000000000000 ) ) ;
#749 = VERTEX_POINT ( 'NONE', #1399 ) ;
#750 = AXIS2_PLACEMENT_3D ( 'NONE', #1243, #288, #56 ) ;
#751 = ADVANCED_FACE ( 'NONE', ( #1283 ), #1524, .F. ) ;
#752 = EDGE_CURVE ( 'NONE', #1452, #1110, #684, .T. ) ;
#753 = DIRECTION ( 'NONE',  ( -1.000000000000000000, 0.000000000000000000, 0.000000000000000000 ) ) ;
#754 = CIRCLE ( 'NONE', #1003, 5.499999999999998224 ) ;
#755 = CIRCLE ( 'NONE', #97, 5.499999999999998224 ) ;
#756 = PLANE ( 'NONE',  #1002 ) ;
#757 = DIRECTION ( 'NONE',  ( -1.000000000000000000, -0.000000000000000000, -0.000000000000000000 ) ) ;
#758 = VERTEX_POINT ( 'NONE', #1504 ) ;
#759 = EDGE_CURVE ( 'NONE', #1331, #877, #1201, .T. ) ;
#760 = DIRECTION ( 'NONE',  ( -1.000000000000000000, -0.000000000000000000, -0.000000000000000000 ) ) ;
#761 = ORIENTED_EDGE ( 'NONE', *, *, #493, .F. ) ;
#762 = AXIS2_PLACEMENT_3D ( 'NONE', #1244, #738, #990 ) ;
#763 = DIRECTION ( 'NONE',  ( -1.000000000000000000, -0.000000000000000000, -0.000000000000000000 ) ) ;
#764 = ADVANCED_FACE ( 'NONE', ( #88 ), #557, .T. ) ;
#765 = CARTESIAN_POINT ( 'NONE',  ( 16.92275398088818861, 17.50000000000003197, -30.31088913245534044 ) ) ;
#766 = CARTESIAN_POINT ( 'NONE',  ( 3.900000000000000799, -35.00000000000000711, 1.249000902703301108E-13 ) ) ;
#767 = EDGE_CURVE ( 'NONE', #924, #1457, #69, .T. ) ;
#768 = CARTESIAN_POINT ( 'NONE',  ( 15.00000000000000000, -17.50000000000003908, -27.11088913245534471 ) ) ;
#769 = VERTEX_POINT ( 'NONE', #675 ) ;
#770 = CARTESIAN_POINT ( 'NONE',  ( 0.000000000000000000, -17.50000000000003908, -27.11088913245534471 ) ) ;
#771 = ORIENTED_EDGE ( 'NONE', *, *, #1289, .F. ) ;
#772 = CYLINDRICAL_SURFACE ( 'NONE', #380, 5.499999999999994671 ) ;
#773 = EDGE_CURVE ( 'NONE', #838, #153, #654, .T. ) ;
#774 = DIRECTION ( 'NONE',  ( 0.000000000000000000, 0.000000000000000000, -1.000000000000000000 ) ) ;
#775 = EDGE_CURVE ( 'NONE', #151, #516, #226, .T. ) ;
#776 = ORIENTED_EDGE ( 'NONE', *, *, #493, .T. ) ;
#777 = CIRCLE ( 'NONE', #411, 5.499999999999991118 ) ;
#778 = CARTESIAN_POINT ( 'NONE',  ( 0.000000000000000000, -17.50000000000003908, -30.31088913245534044 ) ) ;
#779 = EDGE_LOOP ( 'NONE', ( #173, #710 ) ) ;
#780 = CARTESIAN_POINT ( 'NONE',  ( 4.286263797015734919E-15, 6.123233995736766085E-15, -50.00000000000000000 ) ) ;
#781 = CARTESIAN_POINT ( 'NONE',  ( 0.000000000000000000, 35.00000000000000000, -3.712308238590367182E-13 ) ) ;
#782 = AXIS2_PLACEMENT_3D ( 'NONE', #1366, #304, #774 ) ;
#783 = FACE_OUTER_BOUND ( 'NONE', #1515, .T. ) ;
#784 = DIRECTION ( 'NONE',  ( -1.000000000000000000, -0.000000000000000000, -0.000000000000000000 ) ) ;
#785 = FACE_OUTER_BOUND ( 'NONE', #626, .T. ) ;
#786 = ORIENTED_EDGE ( 'NONE', *, *, #1091, .F. ) ;
#787 = CARTESIAN_POINT ( 'NONE',  ( 22.00000000000000711, 0.000000000000000000, 0.000000000000000000 ) ) ;
#788 = CARTESIAN_POINT ( 'NONE',  ( 0.000000000000000000, 0.000000000000000000, 0.000000000000000000 ) ) ;
#789 = CARTESIAN_POINT ( 'NONE',  ( 0.000000000000000000, 1.836970198721029983E-15, -15.00000000000000178 ) ) ;
#790 = VERTEX_POINT ( 'NONE', #791 ) ;
#791 = CARTESIAN_POINT ( 'NONE',  ( 15.00000000000000000, -17.50000000000003908, -27.11088913245534471 ) ) ;
#792 = ADVANCED_FACE ( 'NONE', ( #564 ), #359, .F. ) ;
#793 = UNCERTAINTY_MEASURE_WITH_UNIT (LENGTH_MEASURE( 1.000000000000000082E-05 ), #535, 'distance_accuracy_value', 'NONE');
#794 = DIRECTION ( 'NONE',  ( -1.000000000000000000, -0.000000000000000000, -0.000000000000000000 ) ) ;
#795 = AXIS2_PLACEMENT_3D ( 'NONE', #628, #55, #1233 ) ;
#796 = ORIENTED_EDGE ( 'NONE', *, *, #376, .F. ) ;
#797 = AXIS2_PLACEMENT_3D ( 'NONE', #736, #375, #28 ) ;
#798 = DIRECTION ( 'NONE',  ( -1.000000000000000000, -0.000000000000000000, -0.000000000000000000 ) ) ;
#799 = ORIENTED_EDGE ( 'NONE', *, *, #1307, .F. ) ;
#800 = VECTOR ( 'NONE', #1068, 1000.000000000000000 ) ;
#801 = CARTESIAN_POINT ( 'NONE',  ( 50.00000000000000000, 0.000000000000000000, 14.99999999999999822 ) ) ;
#802 = AXIS2_PLACEMENT_3D ( 'NONE', #1134, #1261, #1147 ) ;
#803 = CARTESIAN_POINT ( 'NONE',  ( 50.00000000000000000, 3.612708057484692393E-15, -29.00000000000001066 ) ) ;
#804 = ORIENTED_EDGE ( 'NONE', *, *, #356, .F. ) ;
#805 = ADVANCED_FACE ( 'NONE', ( #456 ), #71, .F. ) ;
#806 = ORIENTED_EDGE ( 'NONE', *, *, #104, .F. ) ;
#807 = EDGE_CURVE ( 'NONE', #692, #1140, #1175, .T. ) ;
#808 = CARTESIAN_POINT ( 'NONE',  ( 4.286263797015734919E-15, 0.000000000000000000, 0.000000000000000000 ) ) ;
#809 = ORIENTED_EDGE ( 'NONE', *, *, #385, .T. ) ;
#810 = DIRECTION ( 'NONE',  ( -1.000000000000000000, -0.000000000000000000, -0.000000000000000000 ) ) ;
#811 = EDGE_LOOP ( 'NONE', ( #1032, #776 ) ) ;
#812 = EDGE_CURVE ( 'NONE', #836, #1408, #463, .T. ) ;
#813 = ADVANCED_FACE ( 'NONE', ( #1393 ), #330, .F. ) ;
#814 = DIRECTION ( 'NONE',  ( -1.000000000000000000, -0.000000000000000000, -0.000000000000000000 ) ) ;
#815 = ADVANCED_FACE ( 'NONE', ( #1275, #102 ), #1523, .F. ) ;
#816 = ORIENTED_EDGE ( 'NONE', *, *, #1018, .F. ) ;
#817 = CIRCLE ( 'NONE', #64, 3.199999999999994404 ) ;
#818 = DIRECTION ( 'NONE',  ( -1.000000000000000000, 0.000000000000000000, -0.000000000000000000 ) ) ;
#819 = AXIS2_PLACEMENT_3D ( 'NONE', #1217, #154, #36 ) ;
#820 = ORIENTED_EDGE ( 'NONE', *, *, #630, .T. ) ;
#821 = ADVANCED_FACE ( 'NONE', ( #1179 ), #1530, .F. ) ;
#822 = DIRECTION ( 'NONE',  ( -1.000000000000000000, -0.000000000000000000, -0.000000000000000000 ) ) ;
#823 = VECTOR ( 'NONE', #229, 1000.000000000000000 ) ;
#824 = LINE ( 'NONE', #353, #484 ) ;
#825 = ORIENTED_EDGE ( 'NONE', *, *, #812, .F. ) ;
#826 = AXIS2_PLACEMENT_3D ( 'NONE', #1043, #798, #1159 ) ;
#827 = CARTESIAN_POINT ( 'NONE',  ( 0.000000000000000000, 35.00000000000000000, -3.712308238590367182E-13 ) ) ;
#828 = AXIS2_PLACEMENT_3D ( 'NONE', #207, #687, #1028 ) ;
#829 = MANIFOLD_SOLID_BREP ( 'CirPattern1', #556 ) ;
#830 = EDGE_LOOP ( 'NONE', ( #530, #1269, #1014 ) ) ;
#831 = LINE ( 'NONE', #621, #352 ) ;
#832 = DIRECTION ( 'NONE',  ( -1.000000000000000000, -0.000000000000000000, -0.000000000000000000 ) ) ;
#833 = CARTESIAN_POINT ( 'NONE',  ( 3.900000000000000799, -17.50000000000003553, 30.31088913245534044 ) ) ;
#834 = CIRCLE ( 'NONE', #566, 5.499999999999998224 ) ;
#835 = CYLINDRICAL_SURFACE ( 'NONE', #360, 5.499999999999994671 ) ;
#836 = VERTEX_POINT ( 'NONE', #1320 ) ;
#837 = FILL_AREA_STYLE_COLOUR ( '', #975 ) ;
#838 = VERTEX_POINT ( 'NONE', #694 ) ;
#839 = CARTESIAN_POINT ( 'NONE',  ( 3.900000000000000799, 17.50000000000003553, -30.31088913245534044 ) ) ;
#840 = CYLINDRICAL_SURFACE ( 'NONE', #720, 3.199999999999994404 ) ;
#841 = CARTESIAN_POINT ( 'NONE',  ( 15.00000000000000000, 17.50000000000025224, 33.51088913245521894 ) ) ;
#842 = VERTEX_POINT ( 'NONE', #382 ) ;
#843 =( LENGTH_UNIT ( ) NAMED_UNIT ( * ) SI_UNIT ( .MILLI., .METRE. ) );
#844 = ORIENTED_EDGE ( 'NONE', *, *, #708, .T. ) ;
#845 = DIRECTION ( 'NONE',  ( 0.000000000000000000, 0.000000000000000000, 1.000000000000000000 ) ) ;
#846 = DIRECTION ( 'NONE',  ( 0.000000000000000000, 0.000000000000000000, 1.000000000000000000 ) ) ;
#847 = DIRECTION ( 'NONE',  ( 0.000000000000000000, 0.000000000000000000, -1.000000000000000000 ) ) ;
#848 = CIRCLE ( 'NONE', #1044, 5.499999999999991118 ) ;
#849 = ORIENTED_EDGE ( 'NONE', *, *, #1437, .T. ) ;
#850 = AXIS2_PLACEMENT_3D ( 'NONE', #1038, #810, #547 ) ;
#851 = PLANE ( 'NONE',  #1353 ) ;
#852 = VECTOR ( 'NONE', #523, 1000.000000000000000 ) ;
#853 = ORIENTED_EDGE ( 'NONE', *, *, #62, .T. ) ;
#854 = AXIS2_PLACEMENT_3D ( 'NONE', #568, #435, #902 ) ;
#855 = CARTESIAN_POINT ( 'NONE',  ( 3.851859888774471706E-31, 17.50000000000025224, 24.81088913245521965 ) ) ;
#856 = CARTESIAN_POINT ( 'NONE',  ( 15.00000000000000000, -35.00000000000000711, 3.200000000000119194 ) ) ;
#857 = CARTESIAN_POINT ( 'NONE',  ( 3.851859888774471706E-31, -35.00000000000000711, 1.249000902703301108E-13 ) ) ;
#858 = AXIS2_PLACEMENT_3D ( 'NONE', #1441, #379, #847 ) ;
#859 = VERTEX_POINT ( 'NONE', #1058 ) ;
#860 = DIRECTION ( 'NONE',  ( 0.000000000000000000, 0.000000000000000000, -1.000000000000000000 ) ) ;
#861 = ORIENTED_EDGE ( 'NONE', *, *, #322, .F. ) ;
#862 = LINE ( 'NONE', #856, #1121 ) ;
#863 = CARTESIAN_POINT ( 'NONE',  ( 49.00000000000002132, 0.000000000000000000, 0.000000000000000000 ) ) ;
#864 = EDGE_CURVE ( 'NONE', #690, #1195, #418, .T. ) ;
#865 = ORIENTED_EDGE ( 'NONE', *, *, #1454, .F. ) ;
#866 = ADVANCED_FACE ( 'NONE', ( #236, #726, #1196, #1171, #115, #123, #1206, #586 ), #851, .T. ) ;
#867 = LINE ( 'NONE', #1008, #1129 ) ;
#868 = ORIENTED_EDGE ( 'NONE', *, *, #185, .F. ) ;
#869 = CARTESIAN_POINT ( 'NONE',  ( 0.000000000000000000, 0.000000000000000000, 0.000000000000000000 ) ) ;
#870 = CIRCLE ( 'NONE', #1065, 3.199999999999994404 ) ;
#871 = ADVANCED_FACE ( 'NONE', ( #137 ), #580, .F. ) ;
#872 = FACE_BOUND ( 'NONE', #1226, .T. ) ;
#873 = VECTOR ( 'NONE', #956, 1000.000000000000000 ) ;
#874 = DIRECTION ( 'NONE',  ( 0.000000000000000000, 0.000000000000000000, -1.000000000000000000 ) ) ;
#875 = ORIENTED_EDGE ( 'NONE', *, *, #1018, .T. ) ;
#876 = DIRECTION ( 'NONE',  ( -1.000000000000000000, -0.000000000000000000, -0.000000000000000000 ) ) ;
#877 = VERTEX_POINT ( 'NONE', #3 ) ;
#878 = VECTOR ( 'NONE', #899, 1000.000000000000000 ) ;
#879 = CARTESIAN_POINT ( 'NONE',  ( 20.00000000000000355, 3.918869757271530263E-15, 32.00000000000000000 ) ) ;
#880 =( GEOMETRIC_REPRESENTATION_CONTEXT ( 3 ) GLOBAL_UNCERTAINTY_ASSIGNED_CONTEXT ( ( #58 ) ) GLOBAL_UNIT_ASSIGNED_CONTEXT ( ( #843, #349, #613 ) ) REPRESENTATION_CONTEXT ( 'NONE', 'WORKASPACE' ) );
#881 = EDGE_CURVE ( 'NONE', #991, #1318, #1228, .T. ) ;
#882 = FACE_OUTER_BOUND ( 'NONE', #641, .T. ) ;
#883 = CIRCLE ( 'NONE', #828, 3.199999999999994404 ) ;
#884 = CIRCLE ( 'NONE', #485, 3.199999999999997957 ) ;
#885 = DIRECTION ( 'NONE',  ( 0.000000000000000000, 0.000000000000000000, 1.000000000000000000 ) ) ;
#886 = CARTESIAN_POINT ( 'NONE',  ( 15.00000000000000000, 17.50000000000003553, -30.31088913245534044 ) ) ;
#887 = ORIENTED_EDGE ( 'NONE', *, *, #1377, .T. ) ;
#888 = CARTESIAN_POINT ( 'NONE',  ( 3.851859888774471706E-31, -17.50000000000003553, 30.31088913245534044 ) ) ;
#889 = ADVANCED_FACE ( 'NONE', ( #355 ), #1073, .F. ) ;
#890 = EDGE_LOOP ( 'NONE', ( #424, #1082 ) ) ;
#891 = VECTOR ( 'NONE', #659, 1000.000000000000000 ) ;
#892 = CYLINDRICAL_SURFACE ( 'NONE', #969, 15.00000000000000178 ) ;
#893 = PLANE ( 'NONE',  #782 ) ;
#894 = ORIENTED_EDGE ( 'NONE', *, *, #775, .T. ) ;
#895 = CYLINDRICAL_SURFACE ( 'NONE', #289, 5.499999999999998224 ) ;
#896 = ORIENTED_EDGE ( 'NONE', *, *, #1083, .T. ) ;
#897 = LINE ( 'NONE', #994, #441 ) ;
#898 = DIRECTION ( 'NONE',  ( 0.000000000000000000, 0.000000000000000000, 1.000000000000000000 ) ) ;
#899 = DIRECTION ( 'NONE',  ( -0.5150380749100542666, 1.049727191138618572E-16, -0.8571673007021122226 ) ) ;
#900 = AXIS2_PLACEMENT_3D ( 'NONE', #432, #1223, #653 ) ;
#901 = CARTESIAN_POINT ( 'NONE',  ( 3.900000000000000799, -35.00000000000000711, 5.500000000000122569 ) ) ;
#902 = DIRECTION ( 'NONE',  ( 0.000000000000000000, 0.000000000000000000, 1.000000000000000000 ) ) ;
#903 = EDGE_LOOP ( 'NONE', ( #1075, #351 ) ) ;
#904 = CARTESIAN_POINT ( 'NONE',  ( 0.000000000000000000, -35.00000000000000711, -3.199999999999869615 ) ) ;
#905 = AXIS2_PLACEMENT_3D ( 'NONE', #1061, #253, #707 ) ;
#906 = CARTESIAN_POINT ( 'NONE',  ( 15.00000000000000000, 17.50000000000003553, -30.31088913245534044 ) ) ;
#907 = CIRCLE ( 'NONE', #927, 5.499999999999998224 ) ;
#908 = CARTESIAN_POINT ( 'NONE',  ( 15.00000000000000000, -17.50000000000003908, -30.31088913245534044 ) ) ;
#909 = ADVANCED_FACE ( 'NONE', ( #711, #1188 ), #20, .T. ) ;
#910 = VERTEX_POINT ( 'NONE', #538 ) ;
#911 = DIRECTION ( 'NONE',  ( -1.000000000000000000, -0.000000000000000000, -0.000000000000000000 ) ) ;
#912 = DIRECTION ( 'NONE',  ( 1.000000000000000000, 0.000000000000000000, 0.000000000000000000 ) ) ;
#913 = ORIENTED_EDGE ( 'NONE', *, *, #1489, .F. ) ;
#914 = DIRECTION ( 'NONE',  ( -0.7071067811865414665, 8.659560562355008046E-17, -0.7071067811865536790 ) ) ;
#915 = ORIENTED_EDGE ( 'NONE', *, *, #1191, .T. ) ;
#916 = CARTESIAN_POINT ( 'NONE',  ( 15.00000000000000000, 17.50000000000025224, 30.31088913245521255 ) ) ;
#917 = DIRECTION ( 'NONE',  ( -1.000000000000000000, -0.000000000000000000, -0.000000000000000000 ) ) ;
#918 = AXIS2_PLACEMENT_3D ( 'NONE', #134, #155, #1095 ) ;
#919 = ORIENTED_EDGE ( 'NONE', *, *, #522, .T. ) ;
#920 = EDGE_CURVE ( 'NONE', #21, #703, #1102, .T. ) ;
#921 = AXIS2_PLACEMENT_3D ( 'NONE', #1190, #1305, #14 ) ;
#922 = CARTESIAN_POINT ( 'NONE',  ( 15.00000000000000000, -17.50000000000003553, 30.31088913245534044 ) ) ;
#923 = ADVANCED_FACE ( 'NONE', ( #974 ), #72, .F. ) ;
#924 = VERTEX_POINT ( 'NONE', #619 ) ;
#925 = DIRECTION ( 'NONE',  ( 0.000000000000000000, 0.000000000000000000, 1.000000000000000000 ) ) ;
#926 = AXIS2_PLACEMENT_3D ( 'NONE', #1310, #1411, #1444 ) ;
#927 = AXIS2_PLACEMENT_3D ( 'NONE', #9, #1435, #1291 ) ;
#928 = CARTESIAN_POINT ( 'NONE',  ( 0.000000000000000000, 0.000000000000000000, 0.000000000000000000 ) ) ;
#929 = EDGE_LOOP ( 'NONE', ( #308, #614 ) ) ;
#930 = DIRECTION ( 'NONE',  ( -1.000000000000000000, -0.000000000000000000, -0.000000000000000000 ) ) ;
#931 = EDGE_CURVE ( 'NONE', #151, #1052, #1297, .T. ) ;
#932 = CIRCLE ( 'NONE', #541, 3.200000000000001510 ) ;
#933 = EDGE_CURVE ( 'NONE', #1394, #12, #314, .T. ) ;
#934 = ORIENTED_EDGE ( 'NONE', *, *, #1264, .F. ) ;
#935 = DIRECTION ( 'NONE',  ( -1.000000000000000000, -0.000000000000000000, -0.000000000000000000 ) ) ;
#936 = ORIENTED_EDGE ( 'NONE', *, *, #223, .T. ) ;
#937 = DIRECTION ( 'NONE',  ( 0.000000000000000000, 0.000000000000000000, 1.000000000000000000 ) ) ;
#938 = ORIENTED_EDGE ( 'NONE', *, *, #68, .F. ) ;
#939 = EDGE_LOOP ( 'NONE', ( #87, #574, #1240, #98 ) ) ;
#940 = DIRECTION ( 'NONE',  ( 0.000000000000000000, 0.000000000000000000, 1.000000000000000000 ) ) ;
#941 = VERTEX_POINT ( 'NONE', #274 ) ;
#942 = AXIS2_PLACEMENT_3D ( 'NONE', #1242, #638, #1358 ) ;
#943 = DIRECTION ( 'NONE',  ( -1.000000000000000000, -0.000000000000000000, -0.000000000000000000 ) ) ;
#944 = CIRCLE ( 'NONE', #921, 3.200000000000001510 ) ;
#945 = FACE_OUTER_BOUND ( 'NONE', #1072, .T. ) ;
#946 = LINE ( 'NONE', #149, #800 ) ;
#947 = VECTOR ( 'NONE', #531, 1000.000000000000000 ) ;
#948 = AXIS2_PLACEMENT_3D ( 'NONE', #395, #1451, #860 ) ;
#949 = DIRECTION ( 'NONE',  ( 0.000000000000000000, 0.000000000000000000, 1.000000000000000000 ) ) ;
#950 = ORIENTED_EDGE ( 'NONE', *, *, #1144, .T. ) ;
#951 = AXIS2_PLACEMENT_3D ( 'NONE', #561, #1020, #1281 ) ;
#952 = DIRECTION ( 'NONE',  ( -0.000000000000000000, 0.000000000000000000, 1.000000000000000000 ) ) ;
#953 = EDGE_CURVE ( 'NONE', #346, #459, #754, .T. ) ;
#954 = CONICAL_SURFACE ( 'NONE', #534, 3.199999999999994404, 1.029744258676654312 ) ;
#955 = ORIENTED_EDGE ( 'NONE', *, *, #1199, .T. ) ;
#956 = DIRECTION ( 'NONE',  ( -1.000000000000000000, -0.000000000000000000, -0.000000000000000000 ) ) ;
#957 = LINE ( 'NONE', #127, #237 ) ;
#958 = AXIS2_PLACEMENT_3D ( 'NONE', #788, #427, #440 ) ;
#959 = CARTESIAN_POINT ( 'NONE',  ( 0.000000000000000000, 17.50000000000025224, 30.31088913245521255 ) ) ;
#960 = EDGE_LOOP ( 'NONE', ( #1420, #919, #180 ) ) ;
#961 = CARTESIAN_POINT ( 'NONE',  ( 22.00000000000000711, 0.000000000000000000, 0.000000000000000000 ) ) ;
#962 = DIRECTION ( 'NONE',  ( -1.000000000000000000, -0.000000000000000000, -0.000000000000000000 ) ) ;
#963 = CYLINDRICAL_SURFACE ( 'NONE', #762, 5.499999999999996447 ) ;
#964 = ORIENTED_EDGE ( 'NONE', *, *, #651, .F. ) ;
#965 = ADVANCED_FACE ( 'NONE', ( #34 ), #1000, .T. ) ;
#966 = AXIS2_PLACEMENT_3D ( 'NONE', #787, #1085, #477 ) ;
#967 = AXIS2_PLACEMENT_3D ( 'NONE', #1496, #753, #1016 ) ;
#968 = FACE_OUTER_BOUND ( 'NONE', #939, .T. ) ;
#969 = AXIS2_PLACEMENT_3D ( 'NONE', #869, #425, #1348 ) ;
#970 = DIRECTION ( 'NONE',  ( 0.000000000000000000, 1.224646799147353454E-16, 1.000000000000000000 ) ) ;
#971 = DIRECTION ( 'NONE',  ( 0.000000000000000000, 0.000000000000000000, 1.000000000000000000 ) ) ;
#972 = EDGE_LOOP ( 'NONE', ( #1158, #1029, #106, #1057 ) ) ;
#973 = VECTOR ( 'NONE', #1137, 1000.000000000000000 ) ;
#974 = FACE_OUTER_BOUND ( 'NONE', #652, .T. ) ;
#975 = COLOUR_RGB ( '',0.7921568627450980005, 0.8196078431372548767, 0.9333333333333333481 ) ;
#976 = ORIENTED_EDGE ( 'NONE', *, *, #385, .F. ) ;
#977 = CIRCLE ( 'NONE', #1507, 50.00000000000000000 ) ;
#978 = CARTESIAN_POINT ( 'NONE',  ( 0.000000000000000000, 6.123233995736766085E-15, -50.00000000000000000 ) ) ;
#979 = DIRECTION ( 'NONE',  ( -0.5150380749100542666, 1.049727191138618572E-16, -0.8571673007021122226 ) ) ;
#980 = ADVANCED_FACE ( 'NONE', ( #1117 ), #895, .F. ) ;
#981 = LINE ( 'NONE', #362, #457 ) ;
#982 = EDGE_CURVE ( 'NONE', #582, #539, #700, .T. ) ;
#983 = DIRECTION ( 'NONE',  ( -1.000000000000000000, -0.000000000000000000, -0.000000000000000000 ) ) ;
#984 = ORIENTED_EDGE ( 'NONE', *, *, #501, .T. ) ;
#985 = CARTESIAN_POINT ( 'NONE',  ( 49.00000000000002132, 3.673940397442059178E-15, -30.00000000000000000 ) ) ;
#986 = ORIENTED_EDGE ( 'NONE', *, *, #329, .T. ) ;
#987 = EDGE_CURVE ( 'NONE', #991, #145, #867, .T. ) ;
#988 = CARTESIAN_POINT ( 'NONE',  ( 3.900000000000000799, 35.00000000000000000, -3.712308238590367182E-13 ) ) ;
#989 = DIRECTION ( 'NONE',  ( -1.000000000000000000, -0.000000000000000000, -0.000000000000000000 ) ) ;
#990 = DIRECTION ( 'NONE',  ( 0.000000000000000000, 0.000000000000000000, 1.000000000000000000 ) ) ;
#991 = VERTEX_POINT ( 'NONE', #1227 ) ;
#992 = DIRECTION ( 'NONE',  ( 0.000000000000000000, 0.000000000000000000, -1.000000000000000000 ) ) ;
#993 = ORIENTED_EDGE ( 'NONE', *, *, #205, .F. ) ;
#994 = CARTESIAN_POINT ( 'NONE',  ( 15.00000000000000000, 17.50000000000003553, -27.11088913245534116 ) ) ;
#995 = DIRECTION ( 'NONE',  ( 0.000000000000000000, 0.000000000000000000, 1.000000000000000000 ) ) ;
#996 = FACE_OUTER_BOUND ( 'NONE', #1197, .T. ) ;
#997 = AXIS2_PLACEMENT_3D ( 'NONE', #148, #1094, #368 ) ;
#998 = DIRECTION ( 'NONE',  ( 0.000000000000000000, 0.000000000000000000, -1.000000000000000000 ) ) ;
#999 = EDGE_LOOP ( 'NONE', ( #934, #594, #1363, #1531 ) ) ;
#1000 = CYLINDRICAL_SURFACE ( 'NONE', #261, 30.00000000000000000 ) ;
#1001 = ORIENTED_EDGE ( 'NONE', *, *, #595, .T. ) ;
#1002 = AXIS2_PLACEMENT_3D ( 'NONE', #1235, #1122, #426 ) ;
#1003 = AXIS2_PLACEMENT_3D ( 'NONE', #172, #642, #429 ) ;
#1004 = DIRECTION ( 'NONE',  ( -1.000000000000000000, -0.000000000000000000, -0.000000000000000000 ) ) ;
#1005 = AXIS2_PLACEMENT_3D ( 'NONE', #1416, #467, #241 ) ;
#1006 = DIRECTION ( 'NONE',  ( -1.000000000000000000, -0.000000000000000000, -0.000000000000000000 ) ) ;
#1007 = EDGE_LOOP ( 'NONE', ( #1309, #1253, #1380 ) ) ;
#1008 = CARTESIAN_POINT ( 'NONE',  ( 0.000000000000000000, -35.00000000000000711, 3.200000000000119194 ) ) ;
#1009 = ORIENTED_EDGE ( 'NONE', *, *, #1465, .F. ) ;
#1010 = DIRECTION ( 'NONE',  ( 0.000000000000000000, 0.000000000000000000, 1.000000000000000000 ) ) ;
#1011 = CARTESIAN_POINT ( 'NONE',  ( 0.000000000000000000, 35.00000000000000000, -5.500000000000365930 ) ) ;
#1012 = DIRECTION ( 'NONE',  ( -1.000000000000000000, -0.000000000000000000, -0.000000000000000000 ) ) ;
#1013 = CARTESIAN_POINT ( 'NONE',  ( 2.143131898507867459E-15, 0.000000000000000000, 0.000000000000000000 ) ) ;
#1014 = ORIENTED_EDGE ( 'NONE', *, *, #46, .T. ) ;
#1015 = CARTESIAN_POINT ( 'NONE',  ( 0.000000000000000000, 35.00000000000000000, 3.199999999999623146 ) ) ;
#1016 = DIRECTION ( 'NONE',  ( 0.000000000000000000, 0.000000000000000000, 1.000000000000000000 ) ) ;
#1017 = CARTESIAN_POINT ( 'NONE',  ( 15.00000000000000000, 17.50000000000025224, 30.31088913245521255 ) ) ;
#1018 = EDGE_CURVE ( 'NONE', #1165, #12, #1344, .T. ) ;
#1019 = CARTESIAN_POINT ( 'NONE',  ( 49.00000000000002132, 0.000000000000000000, 0.000000000000000000 ) ) ;
#1020 = DIRECTION ( 'NONE',  ( -1.000000000000000000, -0.000000000000000000, -0.000000000000000000 ) ) ;
#1021 = ORIENTED_EDGE ( 'NONE', *, *, #210, .F. ) ;
#1022 = DIRECTION ( 'NONE',  ( 0.000000000000000000, 0.000000000000000000, 1.000000000000000000 ) ) ;
#1023 = DIRECTION ( 'NONE',  ( 0.000000000000000000, 0.000000000000000000, -1.000000000000000000 ) ) ;
#1024 = AXIS2_PLACEMENT_3D ( 'NONE', #715, #77, #199 ) ;
#1025 = EDGE_CURVE ( 'NONE', #1410, #1165, #727, .T. ) ;
#1026 = VECTOR ( 'NONE', #1124, 1000.000000000000000 ) ;
#1027 = ADVANCED_FACE ( 'NONE', ( #1215 ), #1459, .F. ) ;
#1028 = DIRECTION ( 'NONE',  ( 0.000000000000000000, 0.000000000000000000, 1.000000000000000000 ) ) ;
#1029 = ORIENTED_EDGE ( 'NONE', *, *, #1376, .T. ) ;
#1030 = DIRECTION ( 'NONE',  ( -1.000000000000000000, -0.000000000000000000, -0.000000000000000000 ) ) ;
#1031 = ADVANCED_FACE ( 'NONE', ( #152 ), #403, .F. ) ;
#1032 = ORIENTED_EDGE ( 'NONE', *, *, #185, .T. ) ;
#1033 = DIRECTION ( 'NONE',  ( 0.000000000000000000, 0.000000000000000000, 1.000000000000000000 ) ) ;
#1034 = EDGE_CURVE ( 'NONE', #1103, #749, #629, .T. ) ;
#1035 = DIRECTION ( 'NONE',  ( -1.000000000000000000, -0.000000000000000000, -0.000000000000000000 ) ) ;
#1036 = ORIENTED_EDGE ( 'NONE', *, *, #646, .F. ) ;
#1037 = EDGE_CURVE ( 'NONE', #790, #769, #51, .T. ) ;
#1038 = CARTESIAN_POINT ( 'NONE',  ( 20.00000000000000355, 0.000000000000000000, 0.000000000000000000 ) ) ;
#1039 = ORIENTED_EDGE ( 'NONE', *, *, #68, .T. ) ;
#1040 = EDGE_CURVE ( 'NONE', #1110, #605, #388, .T. ) ;
#1041 = CARTESIAN_POINT ( 'NONE',  ( 3.900000000000000799, -17.50000000000003553, 30.31088913245534044 ) ) ;
#1042 = ORIENTED_EDGE ( 'NONE', *, *, #987, .F. ) ;
#1043 = CARTESIAN_POINT ( 'NONE',  ( 0.000000000000000000, 17.50000000000025224, 30.31088913245521255 ) ) ;
#1044 = AXIS2_PLACEMENT_3D ( 'NONE', #1200, #737, #1306 ) ;
#1045 = EDGE_LOOP ( 'NONE', ( #804, #986, #955 ) ) ;
#1046 = CIRCLE ( 'NONE', #1351, 14.99999999999999822 ) ;
#1047 = AXIS2_PLACEMENT_3D ( 'NONE', #377, #370, #400 ) ;
#1048 = DIRECTION ( 'NONE',  ( -1.000000000000000000, -0.000000000000000000, -0.000000000000000000 ) ) ;
#1049 = AXIS2_PLACEMENT_3D ( 'NONE', #734, #748, #423 ) ;
#1050 = VECTOR ( 'NONE', #1194, 1000.000000000000000 ) ;
#1051 = DIRECTION ( 'NONE',  ( -1.000000000000000000, -0.000000000000000000, -0.000000000000000000 ) ) ;
#1052 = VERTEX_POINT ( 'NONE', #293 ) ;
#1053 = CARTESIAN_POINT ( 'NONE',  ( 0.000000000000000000, 17.50000000000003553, -30.31088913245534044 ) ) ;
#1054 = ORIENTED_EDGE ( 'NONE', *, *, #982, .T. ) ;
#1055 = EDGE_LOOP ( 'NONE', ( #413, #524 ) ) ;
#1056 = CARTESIAN_POINT ( 'NONE',  ( 3.900000000000000799, -35.00000000000000711, -3.199999999999869615 ) ) ;
#1057 = ORIENTED_EDGE ( 'NONE', *, *, #1191, .F. ) ;
#1058 = CARTESIAN_POINT ( 'NONE',  ( 3.851859888774471706E-31, -17.50000000000003908, -24.81088913245534400 ) ) ;
#1059 = VERTEX_POINT ( 'NONE', #1492 ) ;
#1060 = CARTESIAN_POINT ( 'NONE',  ( 0.000000000000000000, -17.50000000000003553, 35.81088913245533689 ) ) ;
#1061 = CARTESIAN_POINT ( 'NONE',  ( 15.00000000000000000, -17.50000000000003553, 30.31088913245534044 ) ) ;
#1062 = ADVANCED_FACE ( 'NONE', ( #660 ), #606, .F. ) ;
#1063 = CYLINDRICAL_SURFACE ( 'NONE', #680, 3.199999999999994404 ) ;
#1064 = ORIENTED_EDGE ( 'NONE', *, *, #448, .T. ) ;
#1065 = AXIS2_PLACEMENT_3D ( 'NONE', #320, #1106, #1120 ) ;
#1066 = DIRECTION ( 'NONE',  ( 1.000000000000000000, 0.000000000000000000, 0.000000000000000000 ) ) ;
#1067 = LINE ( 'NONE', #904, #1395 ) ;
#1068 = DIRECTION ( 'NONE',  ( -0.5150380749100549327, 1.049727191138618079E-16, -0.8571673007021118895 ) ) ;
#1069 = CIRCLE ( 'NONE', #1381, 3.199999999999997957 ) ;
#1070 = AXIS2_PLACEMENT_3D ( 'NONE', #922, #930, #689 ) ;
#1071 = FACE_OUTER_BOUND ( 'NONE', #1172, .T. ) ;
#1072 = EDGE_LOOP ( 'NONE', ( #913, #799, #122, #1183 ) ) ;
#1073 = CYLINDRICAL_SURFACE ( 'NONE', #1277, 5.499999999999994671 ) ;
#1074 = CIRCLE ( 'NONE', #1357, 3.199999999999994404 ) ;
#1075 = ORIENTED_EDGE ( 'NONE', *, *, #1148, .T. ) ;
#1076 = DIRECTION ( 'NONE',  ( -1.000000000000000000, -0.000000000000000000, -0.000000000000000000 ) ) ;
#1077 = CARTESIAN_POINT ( 'NONE',  ( 15.00000000000000000, 35.00000000000000000, -3.712308238590367182E-13 ) ) ;
#1078 = ADVANCED_FACE ( 'NONE', ( #545 ), #262, .F. ) ;
#1079 = DIRECTION ( 'NONE',  ( -1.000000000000000000, -0.000000000000000000, -0.000000000000000000 ) ) ;
#1080 = EDGE_LOOP ( 'NONE', ( #861, #809, #233, #865 ) ) ;
#1081 = PRESENTATION_STYLE_ASSIGNMENT (( #499 ) ) ;
#1082 = ORIENTED_EDGE ( 'NONE', *, *, #1314, .F. ) ;
#1083 = EDGE_CURVE ( 'NONE', #1467, #147, #1104, .T. ) ;
#1084 = DIRECTION ( 'NONE',  ( 0.000000000000000000, 0.000000000000000000, 1.000000000000000000 ) ) ;
#1085 = DIRECTION ( 'NONE',  ( 1.000000000000000000, 0.000000000000000000, 0.000000000000000000 ) ) ;
#1086 = CYLINDRICAL_SURFACE ( 'NONE', #1279, 3.199999999999994404 ) ;
#1087 = ORIENTED_EDGE ( 'NONE', *, *, #812, .T. ) ;
#1088 = EDGE_CURVE ( 'NONE', #145, #1328, #562, .T. ) ;
#1089 = DIRECTION ( 'NONE',  ( 1.000000000000000000, 0.000000000000000000, 0.000000000000000000 ) ) ;
#1090 = ORIENTED_EDGE ( 'NONE', *, *, #54, .T. ) ;
#1091 = EDGE_CURVE ( 'NONE', #1438, #516, #1131, .T. ) ;
#1092 = EDGE_CURVE ( 'NONE', #12, #1103, #321, .T. ) ;
#1093 = AXIS2_PLACEMENT_3D ( 'NONE', #1198, #1433, #1208 ) ;
#1094 = DIRECTION ( 'NONE',  ( -1.000000000000000000, -0.000000000000000000, -0.000000000000000000 ) ) ;
#1095 = DIRECTION ( 'NONE',  ( 0.000000000000000000, 0.000000000000000000, 1.000000000000000000 ) ) ;
#1096 = PRODUCT_DEFINITION_SHAPE ( 'NONE', 'NONE',  #243 ) ;
#1097 = LINE ( 'NONE', #768, #1026 ) ;
#1098 = ORIENTED_EDGE ( 'NONE', *, *, #609, .T. ) ;
#1099 = EDGE_CURVE ( 'NONE', #1457, #924, #883, .T. ) ;
#1100 = AXIS2_PLACEMENT_3D ( 'NONE', #1174, #832, #925 ) ;
#1101 = DIRECTION ( 'NONE',  ( -0.7071067811865451302, 8.659560562354963673E-17, -0.7071067811865500152 ) ) ;
#1102 = CIRCLE ( 'NONE', #443, 5.499999999999998224 ) ;
#1103 = VERTEX_POINT ( 'NONE', #1379 ) ;
#1104 = CIRCLE ( 'NONE', #15, 3.199999999999994404 ) ;
#1105 = CARTESIAN_POINT ( 'NONE',  ( 15.00000000000000000, 17.50000000000003553, -30.31088913245534044 ) ) ;
#1106 = DIRECTION ( 'NONE',  ( -1.000000000000000000, -0.000000000000000000, -0.000000000000000000 ) ) ;
#1107 = DIRECTION ( 'NONE',  ( -1.000000000000000000, -0.000000000000000000, -0.000000000000000000 ) ) ;
#1108 = DIRECTION ( 'NONE',  ( 0.000000000000000000, 0.000000000000000000, 1.000000000000000000 ) ) ;
#1109 = AXIS2_PLACEMENT_3D ( 'NONE', #863, #187, #874 ) ;
#1110 = VERTEX_POINT ( 'NONE', #1370 ) ;
#1111 = CARTESIAN_POINT ( 'NONE',  ( 22.00000000000000711, 0.000000000000000000, 0.000000000000000000 ) ) ;
#1112 = ORIENTED_EDGE ( 'NONE', *, *, #37, .T. ) ;
#1113 = DIRECTION ( 'NONE',  ( 0.000000000000000000, 0.000000000000000000, 1.000000000000000000 ) ) ;
#1114 = DIRECTION ( 'NONE',  ( -1.000000000000000000, -0.000000000000000000, -0.000000000000000000 ) ) ;
#1115 = CARTESIAN_POINT ( 'NONE',  ( 15.00000000000000000, -17.50000000000003553, 27.11088913245534471 ) ) ;
#1116 = EDGE_LOOP ( 'NONE', ( #1533, #938 ) ) ;
#1117 = FACE_OUTER_BOUND ( 'NONE', #1170, .T. ) ;
#1118 = ORIENTED_EDGE ( 'NONE', *, *, #278, .T. ) ;
#1119 = CARTESIAN_POINT ( 'NONE',  ( 16.92275398088818861, -17.50000000000003908, 30.31088913245534044 ) ) ;
#1120 = DIRECTION ( 'NONE',  ( 0.000000000000000000, 0.000000000000000000, 1.000000000000000000 ) ) ;
#1121 = VECTOR ( 'NONE', #1333, 1000.000000000000000 ) ;
#1122 = DIRECTION ( 'NONE',  ( 1.000000000000000000, 0.000000000000000000, 0.000000000000000000 ) ) ;
#1123 = TOROIDAL_SURFACE ( 'NONE', #1272, 32.00000000000000000, 2.000000000000000000 ) ;
#1124 = DIRECTION ( 'NONE',  ( -0.5150380749100542666, 0.000000000000000000, 0.8571673007021122226 ) ) ;
#1125 = ORIENTED_EDGE ( 'NONE', *, *, #356, .T. ) ;
#1126 = DIRECTION ( 'NONE',  ( -1.000000000000000000, -0.000000000000000000, -0.000000000000000000 ) ) ;
#1127 = ORIENTED_EDGE ( 'NONE', *, *, #448, .F. ) ;
#1128 = AXIS2_PLACEMENT_3D ( 'NONE', #345, #82, #1151 ) ;
#1129 = VECTOR ( 'NONE', #159, 1000.000000000000000 ) ;
#1130 = CARTESIAN_POINT ( 'NONE',  ( 15.00000000000000000, 35.00000000000000000, 3.199999999999623146 ) ) ;
#1131 = CIRCLE ( 'NONE', #951, 3.199999999999994404 ) ;
#1132 = CARTESIAN_POINT ( 'NONE',  ( 0.000000000000000000, 17.50000000000025224, 24.81088913245521610 ) ) ;
#1133 = DIRECTION ( 'NONE',  ( 0.000000000000000000, 0.000000000000000000, 1.000000000000000000 ) ) ;
#1134 = CARTESIAN_POINT ( 'NONE',  ( 0.9999999999999978906, 0.000000000000000000, 0.000000000000000000 ) ) ;
#1135 = ORIENTED_EDGE ( 'NONE', *, *, #1417, .T. ) ;
#1136 = DIRECTION ( 'NONE',  ( -1.000000000000000000, -0.000000000000000000, -0.000000000000000000 ) ) ;
#1137 = DIRECTION ( 'NONE',  ( -0.7071067811865414665, 0.000000000000000000, 0.7071067811865536790 ) ) ;
#1138 =( NAMED_UNIT ( * ) PLANE_ANGLE_UNIT ( ) SI_UNIT ( $, .RADIAN. ) );
#1139 = CARTESIAN_POINT ( 'NONE',  ( 0.000000000000000000, 3.673940397442059178E-15, -30.00000000000000000 ) ) ;
#1140 = VERTEX_POINT ( 'NONE', #93 ) ;
#1141 = CARTESIAN_POINT ( 'NONE',  ( 0.000000000000000000, 17.50000000000003553, -33.51088913245533263 ) ) ;
#1142 = EDGE_CURVE ( 'NONE', #1408, #1189, #1231, .T. ) ;
#1143 = CARTESIAN_POINT ( 'NONE',  ( 0.000000000000000000, 35.00000000000000000, 5.499999999999623412 ) ) ;
#1144 = EDGE_CURVE ( 'NONE', #1214, #836, #1397, .T. ) ;
#1145 = CIRCLE ( 'NONE', #573, 30.00000000000000000 ) ;
#1146 = PRODUCT_CONTEXT ( 'NONE', #25, 'mechanical' ) ;
#1147 = DIRECTION ( 'NONE',  ( 0.000000000000000000, 0.000000000000000000, 1.000000000000000000 ) ) ;
#1148 = EDGE_CURVE ( 'NONE', #1189, #1408, #657, .T. ) ;
#1149 = ORIENTED_EDGE ( 'NONE', *, *, #595, .F. ) ;
#1150 = AXIS2_PLACEMENT_3D ( 'NONE', #1455, #1185, #722 ) ;
#1151 = DIRECTION ( 'NONE',  ( 0.000000000000000000, 0.000000000000000000, 1.000000000000000000 ) ) ;
#1152 = CONICAL_SURFACE ( 'NONE', #1447, 3.199999999999997957, 1.029744258676654534 ) ;
#1153 = VECTOR ( 'NONE', #325, 1000.000000000000000 ) ;
#1154 = ORIENTED_EDGE ( 'NONE', *, *, #920, .T. ) ;
#1155 = SHAPE_DEFINITION_REPRESENTATION ( #1096, #1500 ) ;
#1156 = ADVANCED_FACE ( 'NONE', ( #1391 ), #306, .F. ) ;
#1157 = CARTESIAN_POINT ( 'NONE',  ( 3.900000000000000799, -35.00000000000000711, 1.249000902703301108E-13 ) ) ;
#1158 = ORIENTED_EDGE ( 'NONE', *, *, #579, .F. ) ;
#1159 = DIRECTION ( 'NONE',  ( 0.000000000000000000, 0.000000000000000000, 1.000000000000000000 ) ) ;
#1160 = ORIENTED_EDGE ( 'NONE', *, *, #1431, .F. ) ;
#1161 = EDGE_CURVE ( 'NONE', #1521, #52, #317, .T. ) ;
#1162 = CARTESIAN_POINT ( 'NONE',  ( 0.000000000000000000, -35.00000000000000711, 5.500000000000120792 ) ) ;
#1163 = ORIENTED_EDGE ( 'NONE', *, *, #953, .F. ) ;
#1164 = DIRECTION ( 'NONE',  ( -1.000000000000000000, -0.000000000000000000, -0.000000000000000000 ) ) ;
#1165 = VERTEX_POINT ( 'NONE', #803 ) ;
#1166 = CARTESIAN_POINT ( 'NONE',  ( 0.000000000000000000, -17.50000000000003553, 33.51088913245533263 ) ) ;
#1167 = CONICAL_SURFACE ( 'NONE', #672, 30.00000000000000000, 0.7853981633974517207 ) ;
#1168 = CARTESIAN_POINT ( 'NONE',  ( 15.00000000000000000, -35.00000000000000711, -3.199999999999869615 ) ) ;
#1169 = CIRCLE ( 'NONE', #674, 3.199999999999994404 ) ;
#1170 = EDGE_LOOP ( 'NONE', ( #374, #221, #235, #712 ) ) ;
#1171 = FACE_BOUND ( 'NONE', #70, .T. ) ;
#1172 = EDGE_LOOP ( 'NONE', ( #1021, #1295, #1464 ) ) ;
#1173 = AXIS2_PLACEMENT_3D ( 'NONE', #1285, #822, #714 ) ;
#1174 = CARTESIAN_POINT ( 'NONE',  ( 3.851859888774471706E-31, -17.50000000000003908, -30.31088913245534044 ) ) ;
#1175 = CIRCLE ( 'NONE', #337, 32.00000000000000000 ) ;
#1176 = AXIS2_PLACEMENT_3D ( 'NONE', #1404, #814, #128 ) ;
#1177 = DIRECTION ( 'NONE',  ( 0.000000000000000000, 0.000000000000000000, 1.000000000000000000 ) ) ;
#1178 = EDGE_LOOP ( 'NONE', ( #796, #887, #1054, #350 ) ) ;
#1179 = FACE_OUTER_BOUND ( 'NONE', #999, .T. ) ;
#1180 = ORIENTED_EDGE ( 'NONE', *, *, #1040, .F. ) ;
#1181 = AXIS2_PLACEMENT_3D ( 'NONE', #59, #647, #156 ) ;
#1182 = ADVANCED_FACE ( 'NONE', ( #785 ), #571, .F. ) ;
#1183 = ORIENTED_EDGE ( 'NONE', *, *, #114, .T. ) ;
#1184 = DIRECTION ( 'NONE',  ( 0.000000000000000000, 0.000000000000000000, 1.000000000000000000 ) ) ;
#1185 = DIRECTION ( 'NONE',  ( -1.000000000000000000, -0.000000000000000000, -0.000000000000000000 ) ) ;
#1186 = CARTESIAN_POINT ( 'NONE',  ( 15.00000000000000000, 17.50000000000003553, -30.31088913245534044 ) ) ;
#1187 = ORIENTED_EDGE ( 'NONE', *, *, #398, .F. ) ;
#1188 = FACE_OUTER_BOUND ( 'NONE', #1442, .T. ) ;
#1189 = VERTEX_POINT ( 'NONE', #1268 ) ;
#1190 = CARTESIAN_POINT ( 'NONE',  ( 15.00000000000000000, 17.50000000000025224, 30.31088913245521255 ) ) ;
#1191 = EDGE_CURVE ( 'NONE', #1493, #302, #1501, .T. ) ;
#1192 = CARTESIAN_POINT ( 'NONE',  ( 0.000000000000000000, 17.50000000000025224, 30.31088913245521255 ) ) ;
#1193 = CARTESIAN_POINT ( 'NONE',  ( 16.92275398088818861, 34.99999999999999289, -3.712308238590367182E-13 ) ) ;
#1194 = DIRECTION ( 'NONE',  ( -1.000000000000000000, -0.000000000000000000, -0.000000000000000000 ) ) ;
#1195 = VERTEX_POINT ( 'NONE', #1254 ) ;
#1196 = FACE_BOUND ( 'NONE', #182, .T. ) ;
#1197 = EDGE_LOOP ( 'NONE', ( #1527, #936 ) ) ;
#1198 = CARTESIAN_POINT ( 'NONE',  ( 0.000000000000000000, 0.000000000000000000, 0.000000000000000000 ) ) ;
#1199 = EDGE_CURVE ( 'NONE', #1318, #991, #292, .T. ) ;
#1200 = CARTESIAN_POINT ( 'NONE',  ( 3.851859888774471706E-31, 35.00000000000000000, -3.712308238590367182E-13 ) ) ;
#1201 = CIRCLE ( 'NONE', #602, 5.499999999999998224 ) ;
#1202 = DIRECTION ( 'NONE',  ( 0.000000000000000000, 0.000000000000000000, 1.000000000000000000 ) ) ;
#1203 = ADVANCED_FACE ( 'NONE', ( #196 ), #954, .F. ) ;
#1204 = ORIENTED_EDGE ( 'NONE', *, *, #646, .T. ) ;
#1205 = VECTOR ( 'NONE', #105, 1000.000000000000000 ) ;
#1206 = FACE_BOUND ( 'NONE', #903, .T. ) ;
#1207 = VERTEX_POINT ( 'NONE', #1273 ) ;
#1208 = DIRECTION ( 'NONE',  ( 0.000000000000000000, 0.000000000000000000, 1.000000000000000000 ) ) ;
#1209 = ADVANCED_FACE ( 'NONE', ( #681 ), #473, .F. ) ;
#1210 = DIRECTION ( 'NONE',  ( -1.000000000000000000, -0.000000000000000000, -0.000000000000000000 ) ) ;
#1211 = AXIS2_PLACEMENT_3D ( 'NONE', #640, #527, #998 ) ;
#1212 = CARTESIAN_POINT ( 'NONE',  ( 16.92275398088818861, 17.50000000000024869, 30.31088913245521255 ) ) ;
#1213 = ADVANCED_FACE ( 'NONE', ( #1071 ), #218, .F. ) ;
#1214 = VERTEX_POINT ( 'NONE', #249 ) ;
#1215 = FACE_OUTER_BOUND ( 'NONE', #1449, .T. ) ;
#1216 = ORIENTED_EDGE ( 'NONE', *, *, #316, .T. ) ;
#1217 = CARTESIAN_POINT ( 'NONE',  ( 3.900000000000000799, -31.80000000000001492, 1.249000902703301108E-13 ) ) ;
#1218 = DIRECTION ( 'NONE',  ( -1.000000000000000000, -0.000000000000000000, -0.000000000000000000 ) ) ;
#1219 = DIRECTION ( 'NONE',  ( -1.000000000000000000, -0.000000000000000000, -0.000000000000000000 ) ) ;
#1220 = ORIENTED_EDGE ( 'NONE', *, *, #773, .T. ) ;
#1221 = CARTESIAN_POINT ( 'NONE',  ( 0.000000000000000000, -35.00000000000000711, 1.249000902703301108E-13 ) ) ;
#1222 = ORIENTED_EDGE ( 'NONE', *, *, #807, .F. ) ;
#1223 = DIRECTION ( 'NONE',  ( -1.000000000000000000, -0.000000000000000000, -0.000000000000000000 ) ) ;
#1224 = DIRECTION ( 'NONE',  ( 0.000000000000000000, 0.000000000000000000, 1.000000000000000000 ) ) ;
#1225 = LINE ( 'NONE', #168, #1480 ) ;
#1226 = EDGE_LOOP ( 'NONE', ( #1345, #739 ) ) ;
#1227 = CARTESIAN_POINT ( 'NONE',  ( 15.00000000000000000, -35.00000000000000711, 3.200000000000119194 ) ) ;
#1228 = CIRCLE ( 'NONE', #679, 3.199999999999994404 ) ;
#1229 = EDGE_LOOP ( 'NONE', ( #528, #112, #211 ) ) ;
#1230 = EDGE_CURVE ( 'NONE', #1479, #1413, #599, .T. ) ;
#1231 = CIRCLE ( 'NONE', #1329, 16.00000000000001421 ) ;
#1232 = DIRECTION ( 'NONE',  ( -1.000000000000000000, -0.000000000000000000, -0.000000000000000000 ) ) ;
#1233 = DIRECTION ( 'NONE',  ( 0.000000000000000000, 0.000000000000000000, 1.000000000000000000 ) ) ;
#1234 = ADVANCED_FACE ( 'NONE', ( #18 ), #1063, .F. ) ;
#1235 = CARTESIAN_POINT ( 'NONE',  ( 3.900000000000000799, -14.30000000000004512, -30.31088913245534044 ) ) ;
#1236 = CARTESIAN_POINT ( 'NONE',  ( 15.00000000000000000, 17.50000000000025224, 33.51088913245521894 ) ) ;
#1237 = AXIS2_PLACEMENT_3D ( 'NONE', #1019, #200, #1033 ) ;
#1238 = ORIENTED_EDGE ( 'NONE', *, *, #1458, .T. ) ;
#1239 = DIRECTION ( 'NONE',  ( 0.000000000000000000, 0.000000000000000000, 1.000000000000000000 ) ) ;
#1240 = ORIENTED_EDGE ( 'NONE', *, *, #1034, .T. ) ;
#1241 = DIRECTION ( 'NONE',  ( 0.000000000000000000, 0.000000000000000000, 1.000000000000000000 ) ) ;
#1242 = CARTESIAN_POINT ( 'NONE',  ( 50.00000000000000000, -30.00000000000000000, 0.000000000000000000 ) ) ;
#1243 = CARTESIAN_POINT ( 'NONE',  ( 3.900000000000000799, -17.50000000000003553, 30.31088913245534044 ) ) ;
#1244 = CARTESIAN_POINT ( 'NONE',  ( 0.000000000000000000, -35.00000000000000711, 1.249000902703301108E-13 ) ) ;
#1245 = EDGE_LOOP ( 'NONE', ( #1517, #1352, #688, #44 ) ) ;
#1246 = DIRECTION ( 'NONE',  ( -1.000000000000000000, -0.000000000000000000, -0.000000000000000000 ) ) ;
#1247 = ORIENTED_EDGE ( 'NONE', *, *, #498, .T. ) ;
#1248 = DIRECTION ( 'NONE',  ( -1.000000000000000000, -0.000000000000000000, -0.000000000000000000 ) ) ;
#1249 = DIRECTION ( 'NONE',  ( -0.5150380749100549327, 0.000000000000000000, 0.8571673007021118895 ) ) ;
#1250 = EDGE_CURVE ( 'NONE', #63, #910, #419, .T. ) ;
#1251 = CIRCLE ( 'NONE', #695, 5.499999999999998224 ) ;
#1252 = FACE_OUTER_BOUND ( 'NONE', #225, .T. ) ;
#1253 = ORIENTED_EDGE ( 'NONE', *, *, #518, .T. ) ;
#1254 = CARTESIAN_POINT ( 'NONE',  ( 3.900000000000000799, 17.50000000000025224, 35.81088913245520899 ) ) ;
#1255 = ORIENTED_EDGE ( 'NONE', *, *, #742, .F. ) ;
#1256 = AXIS2_PLACEMENT_3D ( 'NONE', #165, #1462, #298 ) ;
#1257 = AXIS2_PLACEMENT_3D ( 'NONE', #1466, #876, #1354 ) ;
#1258 = FACE_OUTER_BOUND ( 'NONE', #26, .T. ) ;
#1259 = CARTESIAN_POINT ( 'NONE',  ( 16.92275398088818861, -17.50000000000004263, -30.31088913245534044 ) ) ;
#1260 = FACE_OUTER_BOUND ( 'NONE', #1371, .T. ) ;
#1261 = DIRECTION ( 'NONE',  ( -1.000000000000000000, 0.000000000000000000, 0.000000000000000000 ) ) ;
#1262 = EDGE_CURVE ( 'NONE', #539, #582, #907, .T. ) ;
#1263 = ORIENTED_EDGE ( 'NONE', *, *, #1037, .F. ) ;
#1264 = EDGE_CURVE ( 'NONE', #1052, #151, #339, .T. ) ;
#1265 = CARTESIAN_POINT ( 'NONE',  ( 22.00000000000000711, 0.000000000000000000, 0.000000000000000000 ) ) ;
#1266 = CARTESIAN_POINT ( 'NONE',  ( 3.900000000000000799, 20.70000000000024443, 30.31088913245521255 ) ) ;
#1267 = EDGE_CURVE ( 'NONE', #1493, #612, #755, .T. ) ;
#1268 = CARTESIAN_POINT ( 'NONE',  ( 2.143131898507867459E-15, 0.000000000000000000, 16.00000000000001421 ) ) ;
#1269 = ORIENTED_EDGE ( 'NONE', *, *, #1230, .T. ) ;
#1270 = CARTESIAN_POINT ( 'NONE',  ( 15.00000000000000000, -35.00000000000000711, 1.249000902703301108E-13 ) ) ;
#1271 = VECTOR ( 'NONE', #23, 1000.000000000000000 ) ;
#1272 = AXIS2_PLACEMENT_3D ( 'NONE', #961, #132, #1332 ) ;
#1273 = CARTESIAN_POINT ( 'NONE',  ( 3.900000000000000799, -17.50000000000003908, -33.51088913245533263 ) ) ;
#1274 = EDGE_LOOP ( 'NONE', ( #332, #806, #1001, #291 ) ) ;
#1275 = FACE_BOUND ( 'NONE', #1116, .T. ) ;
#1276 = VECTOR ( 'NONE', #487, 1000.000000000000000 ) ;
#1277 = AXIS2_PLACEMENT_3D ( 'NONE', #827, #1302, #244 ) ;
#1278 = EDGE_LOOP ( 'NONE', ( #323, #364, #428, #896 ) ) ;
#1279 = AXIS2_PLACEMENT_3D ( 'NONE', #420, #633, #40 ) ;
#1280 = CARTESIAN_POINT ( 'NONE',  ( 0.000000000000000000, 0.000000000000000000, 50.00000000000000000 ) ) ;
#1281 = DIRECTION ( 'NONE',  ( 0.000000000000000000, 0.000000000000000000, 1.000000000000000000 ) ) ;
#1282 = ORIENTED_EDGE ( 'NONE', *, *, #205, .T. ) ;
#1283 = FACE_OUTER_BOUND ( 'NONE', #724, .T. ) ;
#1284 = ORIENTED_EDGE ( 'NONE', *, *, #1364, .T. ) ;
#1285 = CARTESIAN_POINT ( 'NONE',  ( 3.900000000000000799, 17.50000000000003553, -30.31088913245534044 ) ) ;
#1286 = FACE_OUTER_BOUND ( 'NONE', #1007, .T. ) ;
#1287 = ORIENTED_EDGE ( 'NONE', *, *, #931, .F. ) ;
#1288 = EDGE_LOOP ( 'NONE', ( #250, #108, #1154, #1149 ) ) ;
#1289 = EDGE_CURVE ( 'NONE', #1331, #910, #824, .T. ) ;
#1290 = CIRCLE ( 'NONE', #795, 50.00000000000000000 ) ;
#1291 = DIRECTION ( 'NONE',  ( 0.000000000000000000, 0.000000000000000000, 1.000000000000000000 ) ) ;
#1292 = ORIENTED_EDGE ( 'NONE', *, *, #472, .T. ) ;
#1293 = ADVANCED_FACE ( 'NONE', ( #1299 ), #111, .F. ) ;
#1294 = ORIENTED_EDGE ( 'NONE', *, *, #537, .F. ) ;
#1295 = ORIENTED_EDGE ( 'NONE', *, *, #678, .T. ) ;
#1296 = VECTOR ( 'NONE', #1347, 1000.000000000000000 ) ;
#1297 = CIRCLE ( 'NONE', #95, 3.199999999999994404 ) ;
#1298 = AXIS2_PLACEMENT_3D ( 'NONE', #121, #478, #1528 ) ;
#1299 = FACE_OUTER_BOUND ( 'NONE', #251, .T. ) ;
#1300 = ORIENTED_EDGE ( 'NONE', *, *, #579, .T. ) ;
#1301 = ADVANCED_FACE ( 'NONE', ( #1286 ), #1478, .F. ) ;
#1302 = DIRECTION ( 'NONE',  ( -1.000000000000000000, -0.000000000000000000, -0.000000000000000000 ) ) ;
#1303 = EDGE_CURVE ( 'NONE', #536, #52, #135, .T. ) ;
#1304 =( GEOMETRIC_REPRESENTATION_CONTEXT ( 3 ) GLOBAL_UNCERTAINTY_ASSIGNED_CONTEXT ( ( #793 ) ) GLOBAL_UNIT_ASSIGNED_CONTEXT ( ( #535, #1138, #1368 ) ) REPRESENTATION_CONTEXT ( 'NONE', 'WORKASPACE' ) );
#1305 = DIRECTION ( 'NONE',  ( -1.000000000000000000, -0.000000000000000000, -0.000000000000000000 ) ) ;
#1306 = DIRECTION ( 'NONE',  ( 0.000000000000000000, 0.000000000000000000, 1.000000000000000000 ) ) ;
#1307 = EDGE_CURVE ( 'NONE', #790, #747, #1384, .T. ) ;
#1308 = CARTESIAN_POINT ( 'NONE',  ( 0.000000000000000000, -17.50000000000003908, -30.31088913245534044 ) ) ;
#1309 = ORIENTED_EDGE ( 'NONE', *, *, #1346, .F. ) ;
#1310 = CARTESIAN_POINT ( 'NONE',  ( 3.900000000000000799, -14.30000000000004157, 30.31088913245534044 ) ) ;
#1311 = ADVANCED_FACE ( 'NONE', ( #24 ), #490, .T. ) ;
#1312 = ORIENTED_EDGE ( 'NONE', *, *, #178, .T. ) ;
#1313 = FACE_OUTER_BOUND ( 'NONE', #668, .T. ) ;
#1314 = EDGE_CURVE ( 'NONE', #842, #859, #1450, .T. ) ;
#1315 = CARTESIAN_POINT ( 'NONE',  ( 3.900000000000000799, -35.00000000000000711, -5.499999999999872102 ) ) ;
#1316 = DIRECTION ( 'NONE',  ( -0.5150380749100541555, 1.049727191138618696E-16, -0.8571673007021122226 ) ) ;
#1317 = DIRECTION ( 'NONE',  ( -1.000000000000000000, -0.000000000000000000, -0.000000000000000000 ) ) ;
#1318 = VERTEX_POINT ( 'NONE', #1168 ) ;
#1319 = CIRCLE ( 'NONE', #157, 2.000000000000001776 ) ;
#1320 = CARTESIAN_POINT ( 'NONE',  ( 0.9999999999999978906, 1.836970198721029983E-15, -15.00000000000000178 ) ) ;
#1321 = EDGE_LOOP ( 'NONE', ( #825, #993, #2, #216 ) ) ;
#1322 = EDGE_CURVE ( 'NONE', #32, #683, #977, .T. ) ;
#1323 = CARTESIAN_POINT ( 'NONE',  ( 3.900000000000000799, 17.50000000000025224, 27.11088913245522036 ) ) ;
#1324 = DIRECTION ( 'NONE',  ( 0.000000000000000000, 0.000000000000000000, 1.000000000000000000 ) ) ;
#1325 = AXIS2_PLACEMENT_3D ( 'NONE', #1518, #911, #1406 ) ;
#1326 = PRESENTATION_LAYER_ASSIGNMENT (  '', '', ( #604 ) ) ;
#1327 = FACE_OUTER_BOUND ( 'NONE', #124, .T. ) ;
#1328 = VERTEX_POINT ( 'NONE', #1056 ) ;
#1329 = AXIS2_PLACEMENT_3D ( 'NONE', #1516, #1510, #444 ) ;
#1330 = SURFACE_SIDE_STYLE ('',( #11 ) ) ;
#1331 = VERTEX_POINT ( 'NONE', #593 ) ;
#1332 = DIRECTION ( 'NONE',  ( 0.000000000000000000, 0.000000000000000000, -1.000000000000000000 ) ) ;
#1333 = DIRECTION ( 'NONE',  ( -0.5150380749100549327, 0.000000000000000000, 0.8571673007021118895 ) ) ;
#1334 = DIRECTION ( 'NONE',  ( -1.000000000000000000, -0.000000000000000000, -0.000000000000000000 ) ) ;
#1335 = ORIENTED_EDGE ( 'NONE', *, *, #57, .F. ) ;
#1336 = CARTESIAN_POINT ( 'NONE',  ( 0.000000000000000000, -17.50000000000003553, 30.31088913245534044 ) ) ;
#1337 = PRODUCT ( 'Flange', 'Flange', '', ( #1146 ) ) ;
#1338 = ORIENTED_EDGE ( 'NONE', *, *, #1267, .F. ) ;
#1339 = DIRECTION ( 'NONE',  ( 0.000000000000000000, 0.000000000000000000, 1.000000000000000000 ) ) ;
#1340 = FACE_OUTER_BOUND ( 'NONE', #507, .T. ) ;
#1341 = DIRECTION ( 'NONE',  ( 0.000000000000000000, 0.000000000000000000, 1.000000000000000000 ) ) ;
#1342 = ADVANCED_FACE ( 'NONE', ( #363 ), #835, .F. ) ;
#1343 = ORIENTED_EDGE ( 'NONE', *, *, #1417, .F. ) ;
#1344 = LINE ( 'NONE', #985, #1401 ) ;
#1345 = ORIENTED_EDGE ( 'NONE', *, *, #114, .F. ) ;
#1346 = EDGE_CURVE ( 'NONE', #546, #790, #1097, .T. ) ;
#1347 = DIRECTION ( 'NONE',  ( -1.000000000000000000, -0.000000000000000000, -0.000000000000000000 ) ) ;
#1348 = DIRECTION ( 'NONE',  ( 0.000000000000000000, 0.000000000000000000, 1.000000000000000000 ) ) ;
#1349 = FACE_OUTER_BOUND ( 'NONE', #779, .T. ) ;
#1350 = CARTESIAN_POINT ( 'NONE',  ( 15.00000000000000000, 17.50000000000003553, -33.51088913245533973 ) ) ;
#1351 = AXIS2_PLACEMENT_3D ( 'NONE', #544, #989, #885 ) ;
#1352 = ORIENTED_EDGE ( 'NONE', *, *, #1303, .T. ) ;
#1353 = AXIS2_PLACEMENT_3D ( 'NONE', #366, #818, #952 ) ;
#1354 = DIRECTION ( 'NONE',  ( 0.000000000000000000, 0.000000000000000000, 1.000000000000000000 ) ) ;
#1355 = AXIS2_PLACEMENT_3D ( 'NONE', #671, #315, #86 ) ;
#1356 = ORIENTED_EDGE ( 'NONE', *, *, #1230, .F. ) ;
#1357 = AXIS2_PLACEMENT_3D ( 'NONE', #732, #757, #520 ) ;
#1358 = DIRECTION ( 'NONE',  ( 0.000000000000000000, 0.000000000000000000, -1.000000000000000000 ) ) ;
#1359 = DIRECTION ( 'NONE',  ( -1.000000000000000000, -0.000000000000000000, -0.000000000000000000 ) ) ;
#1360 = CARTESIAN_POINT ( 'NONE',  ( 0.000000000000000000, -17.50000000000003908, -35.81088913245533689 ) ) ;
#1361 = ORIENTED_EDGE ( 'NONE', *, *, #807, .T. ) ;
#1362 = DIRECTION ( 'NONE',  ( 0.000000000000000000, 0.000000000000000000, 1.000000000000000000 ) ) ;
#1363 = ORIENTED_EDGE ( 'NONE', *, *, #1091, .T. ) ;
#1364 = EDGE_CURVE ( 'NONE', #346, #859, #30, .T. ) ;
#1365 = CARTESIAN_POINT ( 'NONE',  ( 3.851859888774471706E-31, 17.50000000000003553, -30.31088913245534044 ) ) ;
#1366 = CARTESIAN_POINT ( 'NONE',  ( 3.900000000000000799, 38.19999999999999574, -3.712308238590367182E-13 ) ) ;
#1367 = EDGE_CURVE ( 'NONE', #1052, #1438, #1225, .T. ) ;
#1368 =( NAMED_UNIT ( * ) SI_UNIT ( $, .STERADIAN. ) SOLID_ANGLE_UNIT ( ) );
#1369 = ORIENTED_EDGE ( 'NONE', *, *, #1025, .T. ) ;
#1370 = CARTESIAN_POINT ( 'NONE',  ( 3.900000000000000799, 17.50000000000003553, -33.51088913245533263 ) ) ;
#1371 = EDGE_LOOP ( 'NONE', ( #94, #875, #1403, #282 ) ) ;
#1372 = VECTOR ( 'NONE', #90, 1000.000000000000000 ) ;
#1373 = FACE_OUTER_BOUND ( 'NONE', #1045, .T. ) ;
#1374 = ADVANCED_FACE ( 'NONE', ( #1327 ), #1086, .F. ) ;
#1375 = LINE ( 'NONE', #407, #287 ) ;
#1376 = EDGE_CURVE ( 'NONE', #612, #758, #280, .T. ) ;
#1377 = EDGE_CURVE ( 'NONE', #1436, #582, #504, .T. ) ;
#1378 = CARTESIAN_POINT ( 'NONE',  ( 3.851859888774471706E-31, 17.50000000000025224, 30.31088913245521255 ) ) ;
#1379 = CARTESIAN_POINT ( 'NONE',  ( 22.00000000000000711, 3.673940397442059178E-15, -30.00000000000000000 ) ) ;
#1380 = ORIENTED_EDGE ( 'NONE', *, *, #271, .T. ) ;
#1381 = AXIS2_PLACEMENT_3D ( 'NONE', #906, #279, #1224 ) ;
#1382 = CARTESIAN_POINT ( 'NONE',  ( 15.00000000000000000, -17.50000000000003908, -33.51088913245533263 ) ) ;
#1383 = DIRECTION ( 'NONE',  ( -1.000000000000000000, -0.000000000000000000, -0.000000000000000000 ) ) ;
#1384 = CIRCLE ( 'NONE', #631, 3.199999999999994404 ) ;
#1385 = EDGE_CURVE ( 'NONE', #1452, #941, #884, .T. ) ;
#1386 = DIRECTION ( 'NONE',  ( -1.000000000000000000, -0.000000000000000000, -0.000000000000000000 ) ) ;
#1387 = PRODUCT_DEFINITION_FORMATION_WITH_SPECIFIED_SOURCE ( 'ANY', '', #1337, .NOT_KNOWN. ) ;
#1388 = EDGE_LOOP ( 'NONE', ( #35, #1392, #1216, #505 ) ) ;
#1389 = FACE_OUTER_BOUND ( 'NONE', #1278, .T. ) ;
#1390 = CARTESIAN_POINT ( 'NONE',  ( 0.000000000000000000, -17.50000000000003908, -33.51088913245533263 ) ) ;
#1391 = FACE_OUTER_BOUND ( 'NONE', #1519, .T. ) ;
#1392 = ORIENTED_EDGE ( 'NONE', *, *, #479, .F. ) ;
#1393 = FACE_OUTER_BOUND ( 'NONE', #1274, .T. ) ;
#1394 = VERTEX_POINT ( 'NONE', #393 ) ;
#1395 = VECTOR ( 'NONE', #1383, 1000.000000000000000 ) ;
#1396 = AXIS2_PLACEMENT_3D ( 'NONE', #608, #1076, #1084 ) ;
#1397 = LINE ( 'NONE', #789, #1205 ) ;
#1398 = ORIENTED_EDGE ( 'NONE', *, *, #1437, .F. ) ;
#1399 = CARTESIAN_POINT ( 'NONE',  ( 22.00000000000000711, 0.000000000000000000, 30.00000000000000000 ) ) ;
#1400 = CONICAL_SURFACE ( 'NONE', #214, 3.200000000000001510, 1.029744258676654534 ) ;
#1401 = VECTOR ( 'NONE', #1101, 1000.000000000000114 ) ;
#1402 = AXIS2_PLACEMENT_3D ( 'NONE', #577, #723, #940 ) ;
#1403 = ORIENTED_EDGE ( 'NONE', *, *, #933, .F. ) ;
#1404 = CARTESIAN_POINT ( 'NONE',  ( 3.851859888774471706E-31, 17.50000000000003553, -30.31088913245534044 ) ) ;
#1405 = ORIENTED_EDGE ( 'NONE', *, *, #1099, .T. ) ;
#1406 = DIRECTION ( 'NONE',  ( 0.000000000000000000, 0.000000000000000000, 1.000000000000000000 ) ) ;
#1407 = VECTOR ( 'NONE', #496, 1000.000000000000000 ) ;
#1408 = VERTEX_POINT ( 'NONE', #401 ) ;
#1409 = DIRECTION ( 'NONE',  ( -1.000000000000000000, -0.000000000000000000, -0.000000000000000000 ) ) ;
#1410 = VERTEX_POINT ( 'NONE', #264 ) ;
#1411 = DIRECTION ( 'NONE',  ( 1.000000000000000000, 0.000000000000000000, 0.000000000000000000 ) ) ;
#1412 = ORIENTED_EDGE ( 'NONE', *, *, #1376, .F. ) ;
#1413 = VERTEX_POINT ( 'NONE', #1236 ) ;
#1414 = CIRCLE ( 'NONE', #900, 14.99999999999999822 ) ;
#1415 = EDGE_CURVE ( 'NONE', #1207, #769, #1074, .T. ) ;
#1416 = CARTESIAN_POINT ( 'NONE',  ( 15.00000000000000000, -17.50000000000003908, -30.31088913245534044 ) ) ;
#1417 = EDGE_CURVE ( 'NONE', #302, #758, #682, .T. ) ;
#1418 = ORIENTED_EDGE ( 'NONE', *, *, #1040, .T. ) ;
#1419 = DIRECTION ( 'NONE',  ( 0.000000000000000000, 0.000000000000000000, 1.000000000000000000 ) ) ;
#1420 = ORIENTED_EDGE ( 'NONE', *, *, #442, .F. ) ;
#1421 = VECTOR ( 'NONE', #1006, 1000.000000000000000 ) ;
#1422 = CARTESIAN_POINT ( 'NONE',  ( 49.00000000000002132, 3.673940397442059178E-15, -30.00000000000000000 ) ) ;
#1423 = ADVANCED_FACE ( 'NONE', ( #617 ), #963, .F. ) ;
#1424 = MECHANICAL_DESIGN_GEOMETRIC_PRESENTATION_REPRESENTATION (  '', ( #604 ), #880 ) ;
#1425 = FACE_OUTER_BOUND ( 'NONE', #1178, .T. ) ;
#1426 = AXIS2_PLACEMENT_3D ( 'NONE', #460, #327, #215 ) ;
#1427 = CARTESIAN_POINT ( 'NONE',  ( 3.851859888774471706E-31, -17.50000000000003908, -30.31088913245534044 ) ) ;
#1428 = ORIENTED_EDGE ( 'NONE', *, *, #1264, .T. ) ;
#1429 = DIRECTION ( 'NONE',  ( 0.000000000000000000, 0.000000000000000000, 1.000000000000000000 ) ) ;
#1430 = ORIENTED_EDGE ( 'NONE', *, *, #1465, .T. ) ;
#1431 = EDGE_CURVE ( 'NONE', #459, #346, #637, .T. ) ;
#1432 = CIRCLE ( 'NONE', #1181, 2.000000000000001776 ) ;
#1433 = DIRECTION ( 'NONE',  ( -1.000000000000000000, -0.000000000000000000, -0.000000000000000000 ) ) ;
#1434 = CARTESIAN_POINT ( 'NONE',  ( 0.9999999999999978906, 0.000000000000000000, 15.00000000000000178 ) ) ;
#1435 = DIRECTION ( 'NONE',  ( -1.000000000000000000, -0.000000000000000000, -0.000000000000000000 ) ) ;
#1436 = VERTEX_POINT ( 'NONE', #290 ) ;
#1437 = EDGE_CURVE ( 'NONE', #12, #1394, #397, .T. ) ;
#1438 = VERTEX_POINT ( 'NONE', #179 ) ;
#1439 = DIRECTION ( 'NONE',  ( -1.000000000000000000, -0.000000000000000000, -0.000000000000000000 ) ) ;
#1440 = DIRECTION ( 'NONE',  ( 0.000000000000000000, 0.000000000000000000, 1.000000000000000000 ) ) ;
#1441 = CARTESIAN_POINT ( 'NONE',  ( 50.00000000000000000, 0.000000000000000000, 0.000000000000000000 ) ) ;
#1442 = EDGE_LOOP ( 'NONE', ( #160, #272 ) ) ;
#1443 = AXIS2_PLACEMENT_3D ( 'NONE', #198, #83, #549 ) ;
#1444 = DIRECTION ( 'NONE',  ( 0.000000000000000000, 0.000000000000000000, -1.000000000000000000 ) ) ;
#1445 = DIRECTION ( 'NONE',  ( 0.000000000000000000, 0.000000000000000000, 1.000000000000000000 ) ) ;
#1446 = DIRECTION ( 'NONE',  ( -1.000000000000000000, -0.000000000000000000, -0.000000000000000000 ) ) ;
#1447 = AXIS2_PLACEMENT_3D ( 'NONE', #1105, #1232, #174 ) ;
#1448 = DIRECTION ( 'NONE',  ( -1.000000000000000000, -0.000000000000000000, -0.000000000000000000 ) ) ;
#1449 = EDGE_LOOP ( 'NONE', ( #717, #1287, #894, #1090 ) ) ;
#1450 = CIRCLE ( 'NONE', #511, 5.499999999999994671 ) ;
#1451 = DIRECTION ( 'NONE',  ( -1.000000000000000000, -0.000000000000000000, -0.000000000000000000 ) ) ;
#1452 = VERTEX_POINT ( 'NONE', #1350 ) ;
#1453 = CARTESIAN_POINT ( 'NONE',  ( 0.000000000000000000, 17.50000000000003553, -27.11088913245534471 ) ) ;
#1454 = EDGE_CURVE ( 'NONE', #1103, #1140, #1432, .T. ) ;
#1455 = CARTESIAN_POINT ( 'NONE',  ( 15.00000000000000000, 35.00000000000000000, -3.712308238590367182E-13 ) ) ;
#1456 = CARTESIAN_POINT ( 'NONE',  ( 0.000000000000000000, -17.50000000000003553, 24.81088913245534400 ) ) ;
#1457 = VERTEX_POINT ( 'NONE', #1115 ) ;
#1458 = EDGE_CURVE ( 'NONE', #1140, #692, #1511, .T. ) ;
#1459 = CYLINDRICAL_SURFACE ( 'NONE', #510, 3.199999999999994404 ) ;
#1460 = ORIENTED_EDGE ( 'NONE', *, *, #548, .F. ) ;
#1461 = PLANE ( 'NONE',  #942 ) ;
#1462 = DIRECTION ( 'NONE',  ( -1.000000000000000000, -0.000000000000000000, -0.000000000000000000 ) ) ;
#1463 = CARTESIAN_POINT ( 'NONE',  ( 3.900000000000000799, -17.50000000000003908, -30.31088913245534044 ) ) ;
#1464 = ORIENTED_EDGE ( 'NONE', *, *, #550, .T. ) ;
#1465 = EDGE_CURVE ( 'NONE', #459, #842, #1472, .T. ) ;
#1466 = CARTESIAN_POINT ( 'NONE',  ( 3.900000000000000799, 17.50000000000003553, -30.31088913245534044 ) ) ;
#1467 = VERTEX_POINT ( 'NONE', #623 ) ;
#1468 = DIRECTION ( 'NONE',  ( -0.5150380749100541555, 0.000000000000000000, 0.8571673007021122226 ) ) ;
#1469 = CIRCLE ( 'NONE', #458, 3.199999999999994404 ) ;
#1470 = FACE_OUTER_BOUND ( 'NONE', #131, .T. ) ;
#1471 = DIRECTION ( 'NONE',  ( 0.000000000000000000, 0.000000000000000000, 1.000000000000000000 ) ) ;
#1472 = LINE ( 'NONE', #1360, #1407 ) ;
#1473 = AXIS2_PLACEMENT_3D ( 'NONE', #203, #319, #1022 ) ;
#1474 = ORIENTED_EDGE ( 'NONE', *, *, #1161, .F. ) ;
#1475 = EDGE_CURVE ( 'NONE', #1165, #1410, #176, .T. ) ;
#1476 = VECTOR ( 'NONE', #914, 1000.000000000000000 ) ;
#1477 = DIRECTION ( 'NONE',  ( -1.000000000000000000, -0.000000000000000000, -0.000000000000000000 ) ) ;
#1478 = CONICAL_SURFACE ( 'NONE', #1005, 3.199999999999994404, 1.029744258676654312 ) ;
#1479 = VERTEX_POINT ( 'NONE', #1212 ) ;
#1480 = VECTOR ( 'NONE', #49, 1000.000000000000000 ) ;
#1481 = ADVANCED_FACE ( 'NONE', ( #312 ), #1509, .F. ) ;
#1482 = CARTESIAN_POINT ( 'NONE',  ( 20.00000000000000355, 0.000000000000000000, 50.00000000000000000 ) ) ;
#1483 = DIRECTION ( 'NONE',  ( -1.000000000000000000, -0.000000000000000000, -0.000000000000000000 ) ) ;
#1484 = ORIENTED_EDGE ( 'NONE', *, *, #104, .T. ) ;
#1485 = CARTESIAN_POINT ( 'NONE',  ( 15.00000000000000000, 35.00000000000000000, -3.712308238590367182E-13 ) ) ;
#1486 = ADVANCED_FACE ( 'NONE', ( #85, #1252 ), #333, .F. ) ;
#1487 = VERTEX_POINT ( 'NONE', #801 ) ;
#1488 = CARTESIAN_POINT ( 'NONE',  ( 49.00000000000002132, 0.000000000000000000, 0.000000000000000000 ) ) ;
#1489 = EDGE_CURVE ( 'NONE', #747, #1207, #193, .T. ) ;
#1490 = CARTESIAN_POINT ( 'NONE',  ( 49.00000000000002132, 0.000000000000000000, 30.00000000000000000 ) ) ;
#1491 = APPLICATION_PROTOCOL_DEFINITION ( 'draft international standard', 'automotive_design', 1998, #25 ) ;
#1492 = CARTESIAN_POINT ( 'NONE',  ( 3.851859888774471706E-31, 35.00000000000000000, 5.499999999999619860 ) ) ;
#1493 = VERTEX_POINT ( 'NONE', #901 ) ;
#1494 = DIRECTION ( 'NONE',  ( -1.000000000000000000, -0.000000000000000000, -0.000000000000000000 ) ) ;
#1495 = AXIS2_PLACEMENT_3D ( 'NONE', #988, #1136, #898 ) ;
#1496 = CARTESIAN_POINT ( 'NONE',  ( 0.9999999999999978906, 0.000000000000000000, 0.000000000000000000 ) ) ;
#1497 = CIRCLE ( 'NONE', #1396, 3.199999999999994404 ) ;
#1498 = LINE ( 'NONE', #551, #878 ) ;
#1499 = DIRECTION ( 'NONE',  ( -1.000000000000000000, -0.000000000000000000, -0.000000000000000000 ) ) ;
#1500 = ADVANCED_BREP_SHAPE_REPRESENTATION ( 'Flange', ( #829, #958 ), #1304 ) ;
#1501 = LINE ( 'NONE', #1162, #118 ) ;
#1502 = ORIENTED_EDGE ( 'NONE', *, *, #982, .F. ) ;
#1503 = VECTOR ( 'NONE', #247, 1000.000000000000000 ) ;
#1504 = CARTESIAN_POINT ( 'NONE',  ( 3.851859888774471706E-31, -35.00000000000000711, -5.499999999999869438 ) ) ;
#1505 = AXIS2_PLACEMENT_3D ( 'NONE', #718, #257, #937 ) ;
#1506 = FACE_OUTER_BOUND ( 'NONE', #521, .T. ) ;
#1507 = AXIS2_PLACEMENT_3D ( 'NONE', #808, #231, #584 ) ;
#1508 = PRODUCT_RELATED_PRODUCT_CATEGORY ( 'part', '', ( #1337 ) ) ;
#1509 = CYLINDRICAL_SURFACE ( 'NONE', #365, 3.199999999999994404 ) ;
#1510 = DIRECTION ( 'NONE',  ( 1.000000000000000000, 0.000000000000000000, 0.000000000000000000 ) ) ;
#1511 = CIRCLE ( 'NONE', #1211, 32.00000000000000000 ) ;
#1512 = EDGE_CURVE ( 'NONE', #153, #32, #666, .T. ) ;
#1513 = ORIENTED_EDGE ( 'NONE', *, *, #1289, .T. ) ;
#1514 = DIRECTION ( 'NONE',  ( 0.000000000000000000, 0.000000000000000000, -1.000000000000000000 ) ) ;
#1515 = EDGE_LOOP ( 'NONE', ( #1356, #585, #500 ) ) ;
#1516 = CARTESIAN_POINT ( 'NONE',  ( 2.143131898507867459E-15, 0.000000000000000000, 0.000000000000000000 ) ) ;
#1517 = ORIENTED_EDGE ( 'NONE', *, *, #1532, .F. ) ;
#1518 = CARTESIAN_POINT ( 'NONE',  ( 15.00000000000000000, -17.50000000000003553, 30.31088913245534044 ) ) ;
#1519 = EDGE_LOOP ( 'NONE', ( #572, #5, #844, #1042 ) ) ;
#1520 = DIRECTION ( 'NONE',  ( -1.000000000000000000, -0.000000000000000000, -0.000000000000000000 ) ) ;
#1521 = VERTEX_POINT ( 'NONE', #222 ) ;
#1522 = ADVANCED_FACE ( 'NONE', ( #1260 ), #100, .T. ) ;
#1523 = PLANE ( 'NONE',  #926 ) ;
#1524 = CONICAL_SURFACE ( 'NONE', #1473, 15.00000000000000178, 0.7853981633974569387 ) ;
#1525 = AXIS2_PLACEMENT_3D ( 'NONE', #181, #283, #635 ) ;
#1526 = AXIS2_PLACEMENT_3D ( 'NONE', #1186, #234, #347 ) ;
#1527 = ORIENTED_EDGE ( 'NONE', *, *, #479, .T. ) ;
#1528 = DIRECTION ( 'NONE',  ( 0.000000000000000000, 0.000000000000000000, 1.000000000000000000 ) ) ;
#1529 = ORIENTED_EDGE ( 'NONE', *, *, #271, .F. ) ;
#1530 = CYLINDRICAL_SURFACE ( 'NONE', #560, 3.199999999999994404 ) ;
#1531 = ORIENTED_EDGE ( 'NONE', *, *, #775, .F. ) ;
#1532 = EDGE_CURVE ( 'NONE', #536, #1413, #932, .T. ) ;
#1533 = ORIENTED_EDGE ( 'NONE', *, *, #1083, .F. ) ;
#1534 = EDGE_CURVE ( 'NONE', #703, #21, #834, .T. ) ;
#1535 = LINE ( 'NONE', #1166, #823 ) ;
ENDSEC;
END-ISO-10303-21;
