ISO-10303-21;
HEADER;
FILE_DESCRIPTION (( 'STEP AP214' ),
    '1' );
FILE_NAME ('Exercise 12.STEP',
    '2024-08-28T15:22:53',
    ( '' ),
    ( '' ),
    'SwSTEP 2.0',
    'SolidWorks 2024',
    '' );
FILE_SCHEMA (( 'AUTOMOTIVE_DESIGN' ));
ENDSEC;

DATA;
#1 = CARTESIAN_POINT ( 'NONE',  ( 86.13856863182407153, 183.8069657515113420, -26.09488183426076446 ) ) ;
#2 = AXIS2_PLACEMENT_3D ( 'NONE', #1208, #335, #1918 ) ;
#3 = ORIENTED_EDGE ( 'NONE', *, *, #1022, .F. ) ;
#4 = CARTESIAN_POINT ( 'NONE',  ( 58.92606004024768396, 95.71551112905297032, 11.66446482508050941 ) ) ;
#5 = CARTESIAN_POINT ( 'NONE',  ( 68.81860213634105605, 132.0000000000000284, -58.00000000000000711 ) ) ;
#6 = AXIS2_PLACEMENT_3D ( 'NONE', #1519, #1283, #802 ) ;
#7 = LINE ( 'NONE', #2241, #1791 ) ;
#8 = VERTEX_POINT ( 'NONE', #742 ) ;
#9 = SHAPE_DEFINITION_REPRESENTATION ( #2875, #1849 ) ;
#10 = ORIENTED_EDGE ( 'NONE', *, *, #2707, .F. ) ;
#11 = CARTESIAN_POINT ( 'NONE',  ( 71.99978082390758516, 110.8224939044239505, 54.00166188691761704 ) ) ;
#12 = CIRCLE ( 'NONE', #439, 79.00000000000000000 ) ;
#13 = CYLINDRICAL_SURFACE ( 'NONE', #1152, 8.999999999999994671 ) ;
#14 = ORIENTED_EDGE ( 'NONE', *, *, #270, .F. ) ;
#15 = CARTESIAN_POINT ( 'NONE',  ( 88.02826479152500383, 186.9033349425836263, -19.08856658933196115 ) ) ;
#16 = VERTEX_POINT ( 'NONE', #2470 ) ;
#17 = EDGE_CURVE ( 'NONE', #447, #2385, #168, .T. ) ;
#18 = CARTESIAN_POINT ( 'NONE',  ( 59.94487643642460739, 94.08685991532495052, 2.964144589215425007 ) ) ;
#19 = DIRECTION ( 'NONE',  ( -0.000000000000000000, -1.000000000000000000, -0.000000000000000000 ) ) ;
#20 = DIRECTION ( 'NONE',  ( -0.000000000000000000, -1.000000000000000000, -0.000000000000000000 ) ) ;
#21 = VERTEX_POINT ( 'NONE', #961 ) ;
#22 = DIRECTION ( 'NONE',  ( 0.000000000000000000, 0.000000000000000000, 1.000000000000000000 ) ) ;
#23 = VECTOR ( 'NONE', #2857, 1000.000000000000000 ) ;
#24 = DIRECTION ( 'NONE',  ( 0.000000000000000000, 0.000000000000000000, -1.000000000000000000 ) ) ;
#25 = CARTESIAN_POINT ( 'NONE',  ( 67.33048821972155906, 164.8277055926053833, 19.18022323724491329 ) ) ;
#26 = ORIENTED_EDGE ( 'NONE', *, *, #1634, .T. ) ;
#27 = AXIS2_PLACEMENT_3D ( 'NONE', #526, #1423, #2312 ) ;
#28 = CARTESIAN_POINT ( 'NONE',  ( 0.000000000000000000, 20.00000000000000000, 0.000000000000000000 ) ) ;
#29 = CARTESIAN_POINT ( 'NONE',  ( -96.99484522385726848, 274.0000000000000000, 55.99999999999977973 ) ) ;
#30 = ORIENTED_EDGE ( 'NONE', *, *, #2799, .T. ) ;
#31 = AXIS2_PLACEMENT_3D ( 'NONE', #1908, #773, #339 ) ;
#32 = ADVANCED_FACE ( 'NONE', ( #2037 ), #1179, .F. ) ;
#33 = CARTESIAN_POINT ( 'NONE',  ( 59.71314293810682017, 94.45443205487370619, 5.906212020910301064 ) ) ;
#34 = LINE ( 'NONE', #2693, #2060 ) ;
#35 = EDGE_CURVE ( 'NONE', #1590, #2521, #1429, .T. ) ;
#36 = AXIS2_PLACEMENT_3D ( 'NONE', #1980, #2395, #1725 ) ;
#37 = CIRCLE ( 'NONE', #1113, 9.000000000000000000 ) ;
#38 = CARTESIAN_POINT ( 'NONE',  ( 58.78775382679627626, 129.5484659675504986, 37.99999999999999289 ) ) ;
#39 = FILL_AREA_STYLE ('',( #2052 ) ) ;
#40 = DIRECTION ( 'NONE',  ( 0.000000000000000000, 0.000000000000000000, 1.000000000000000000 ) ) ;
#41 = CIRCLE ( 'NONE', #1591, 9.000000000000001776 ) ;
#42 = TOROIDAL_SURFACE ( 'NONE', #235, 83.00000000000000000, 25.00000000000000000 ) ;
#43 = CARTESIAN_POINT ( 'NONE',  ( 59.61664166674645315, 141.9759078163635593, 36.68842273145300936 ) ) ;
#44 = ORIENTED_EDGE ( 'NONE', *, *, #2743, .F. ) ;
#45 = DIRECTION ( 'NONE',  ( -0.000000000000000000, 1.000000000000000000, -0.000000000000000000 ) ) ;
#46 = CARTESIAN_POINT ( 'NONE',  ( 80.79122744322560834, 82.28682493129858244, -29.89626750242842590 ) ) ;
#47 = VERTEX_POINT ( 'NONE', #2284 ) ;
#48 = DIRECTION ( 'NONE',  ( 0.000000000000000000, 0.000000000000000000, -1.000000000000000000 ) ) ;
#49 = CARTESIAN_POINT ( 'NONE',  ( 0.000000000000000000, -0.0009999999999732445133, -112.0000000000000000 ) ) ;
#50 = ADVANCED_FACE ( 'NONE', ( #252 ), #2257, .T. ) ;
#51 = CARTESIAN_POINT ( 'NONE',  ( 60.72212441715653597, 116.7577397095698331, 34.82937903370345367 ) ) ;
#52 = DIRECTION ( 'NONE',  ( 0.000000000000000000, -0.000000000000000000, 1.000000000000000000 ) ) ;
#53 = EDGE_CURVE ( 'NONE', #1513, #516, #2086, .T. ) ;
#54 = CIRCLE ( 'NONE', #1603, 60.00000000000000000 ) ;
#55 = AXIS2_PLACEMENT_3D ( 'NONE', #1461, #2587, #140 ) ;
#56 = DIRECTION ( 'NONE',  ( 1.000000000000000000, -0.000000000000000000, -0.000000000000000000 ) ) ;
#57 = CARTESIAN_POINT ( 'NONE',  ( 64.26119215907017690, 157.9552432393604136, 27.76150414776205366 ) ) ;
#58 = EDGE_LOOP ( 'NONE', ( #78, #2045, #2806, #2657, #356, #2025 ) ) ;
#59 = VECTOR ( 'NONE', #1386, 1000.000000000000000 ) ;
#60 = DIRECTION ( 'NONE',  ( -0.000000000000000000, 1.000000000000000000, 0.000000000000000000 ) ) ;
#61 = CARTESIAN_POINT ( 'NONE',  ( 0.000000000000000000, 98.00000000000000000, 0.000000000000000000 ) ) ;
#62 = ORIENTED_EDGE ( 'NONE', *, *, #873, .T. ) ;
#63 = DIRECTION ( 'NONE',  ( 1.000000000000000000, -0.000000000000000000, -0.000000000000000000 ) ) ;
#64 = CARTESIAN_POINT ( 'NONE',  ( 0.000000000000000000, 20.00000000000000000, 0.000000000000000000 ) ) ;
#65 = CARTESIAN_POINT ( 'NONE',  ( 75.53948793842010900, 100.8287126020123878, -48.93780354422023748 ) ) ;
#66 = FACE_OUTER_BOUND ( 'NONE', #544, .T. ) ;
#67 = COLOUR_RGB ( '',0.7921568627450980005, 0.8196078431372548767, 0.9333333333333333481 ) ;
#68 = EDGE_CURVE ( 'NONE', #167, #1967, #1190, .T. ) ;
#69 = LINE ( 'NONE', #921, #2537 ) ;
#70 = CARTESIAN_POINT ( 'NONE',  ( 61.65597521665783631, 150.5938396326683915, -33.14593330395578619 ) ) ;
#71 = ORIENTED_EDGE ( 'NONE', *, *, #239, .F. ) ;
#72 = ADVANCED_FACE ( 'NONE', ( #1611 ), #2739, .F. ) ;
#73 = DIRECTION ( 'NONE',  ( 1.000000000000000000, 0.000000000000000000, -0.000000000000000000 ) ) ;
#74 = CARTESIAN_POINT ( 'NONE',  ( 80.77662303757360007, 85.26693183961450018, 34.42021073463840253 ) ) ;
#75 = ORIENTED_EDGE ( 'NONE', *, *, #486, .F. ) ;
#76 = AXIS2_PLACEMENT_3D ( 'NONE', #2830, #1971, #797 ) ;
#77 = DIRECTION ( 'NONE',  ( 1.000000000000000000, 0.000000000000000000, 0.000000000000000000 ) ) ;
#78 = ORIENTED_EDGE ( 'NONE', *, *, #1975, .F. ) ;
#79 = CYLINDRICAL_SURFACE ( 'NONE', #2672, 70.00000000000000000 ) ;
#80 = CARTESIAN_POINT ( 'NONE',  ( 68.89726656315103526, 128.6012729145751052, -57.90655437776341330 ) ) ;
#81 = CARTESIAN_POINT ( 'NONE',  ( -96.99484522385688479, 274.0000000000000000, -65.00000000000045475 ) ) ;
#82 = VECTOR ( 'NONE', #979, 1000.000000000000000 ) ;
#83 = DIRECTION ( 'NONE',  ( -0.000000000000000000, -1.000000000000000000, -0.000000000000000000 ) ) ;
#84 = CARTESIAN_POINT ( 'NONE',  ( 67.91421391521686246, 166.0088821088042437, 16.99809270520597337 ) ) ;
#85 = ORIENTED_EDGE ( 'NONE', *, *, #2327, .F. ) ;
#86 = ADVANCED_FACE ( 'NONE', ( #66 ), #523, .F. ) ;
#87 = TOROIDAL_SURFACE ( 'NONE', #465, 65.00000000000000000, 25.00000000000000000 ) ;
#88 = CARTESIAN_POINT ( 'NONE',  ( 0.000000000000000000, 34.00000000000000711, -38.00000000000000000 ) ) ;
#89 = CARTESIAN_POINT ( 'NONE',  ( 78.08361179246686845, 74.63836935162657937, 8.649869155484818606 ) ) ;
#90 = ORIENTED_EDGE ( 'NONE', *, *, #256, .F. ) ;
#91 = EDGE_CURVE ( 'NONE', #2385, #284, #278, .T. ) ;
#92 = DIRECTION ( 'NONE',  ( -1.000000000000000000, -0.000000000000000000, -0.000000000000000000 ) ) ;
#93 = VERTEX_POINT ( 'NONE', #2526 ) ;
#94 = DIRECTION ( 'NONE',  ( 1.000000000000000000, 0.000000000000000000, 0.000000000000000000 ) ) ;
#95 = ADVANCED_FACE ( 'NONE', ( #1876, #1363 ), #715, .T. ) ;
#96 = DIRECTION ( 'NONE',  ( 0.000000000000000000, 0.000000000000000000, 1.000000000000000000 ) ) ;
#97 = CARTESIAN_POINT ( 'NONE',  ( -96.99484522385726848, 274.0000000000000000, 55.99999999999977973 ) ) ;
#98 = DIRECTION ( 'NONE',  ( 0.000000000000000000, 0.000000000000000000, -1.000000000000000000 ) ) ;
#99 = DIRECTION ( 'NONE',  ( 0.000000000000000000, 0.000000000000000000, 1.000000000000000000 ) ) ;
#100 = EDGE_LOOP ( 'NONE', ( #196, #1362, #2533, #1500 ) ) ;
#101 = AXIS2_PLACEMENT_3D ( 'NONE', #1724, #1548, #234 ) ;
#102 = DIRECTION ( 'NONE',  ( -0.000000000000000000, -1.000000000000000000, -0.000000000000000000 ) ) ;
#103 = CARTESIAN_POINT ( 'NONE',  ( 0.000000000000000000, 30.00000000000000000, -58.00000000000000000 ) ) ;
#104 = DIRECTION ( 'NONE',  ( 0.000000000000000000, 0.000000000000000000, -1.000000000000000000 ) ) ;
#105 = VERTEX_POINT ( 'NONE', #469 ) ;
#106 = AXIS2_PLACEMENT_3D ( 'NONE', #265, #1392, #1599 ) ;
#107 = EDGE_CURVE ( 'NONE', #2619, #990, #2765, .T. ) ;
#108 = CARTESIAN_POINT ( 'NONE',  ( 62.57240483200801862, 98.64797365730966305, 18.21254545239463596 ) ) ;
#109 = EDGE_LOOP ( 'NONE', ( #1122, #2641 ) ) ;
#110 = DIRECTION ( 'NONE',  ( -0.000000000000000000, 1.000000000000000000, -0.000000000000000000 ) ) ;
#111 = EDGE_CURVE ( 'NONE', #1268, #2668, #681, .T. ) ;
#112 = CARTESIAN_POINT ( 'NONE',  ( -135.0010000000000048, 132.0000000000000000, 38.00000000000000000 ) ) ;
#113 = CARTESIAN_POINT ( 'NONE',  ( 0.000000000000000000, 0.000000000000000000, 88.00000000000000000 ) ) ;
#114 = PLANE ( 'NONE',  #207 ) ;
#115 = DIRECTION ( 'NONE',  ( 0.000000000000000000, -0.8660254037844434816, 0.4999999999999916178 ) ) ;
#116 = ORIENTED_EDGE ( 'NONE', *, *, #453, .F. ) ;
#117 = CARTESIAN_POINT ( 'NONE',  ( 199.9999999999999716, 174.9999999999993179, 83.47818472546209989 ) ) ;
#118 = DIRECTION ( 'NONE',  ( 1.000000000000000000, -0.000000000000000000, 1.224646799147353207E-16 ) ) ;
#119 = CARTESIAN_POINT ( 'NONE',  ( 199.9999999999999716, 46.00000000000002132, 9.000000000000000000 ) ) ;
#120 = ORIENTED_EDGE ( 'NONE', *, *, #1037, .F. ) ;
#121 = AXIS2_PLACEMENT_3D ( 'NONE', #528, #312, #1201 ) ;
#122 = CARTESIAN_POINT ( 'NONE',  ( 96.99484522385765217, -0.0009999999999732445133, -46.99999999999910472 ) ) ;
#123 = VERTEX_POINT ( 'NONE', #81 ) ;
#124 = DIRECTION ( 'NONE',  ( 0.000000000000000000, 0.000000000000000000, -1.000000000000000000 ) ) ;
#125 = EDGE_CURVE ( 'NONE', #2668, #1268, #2181, .T. ) ;
#126 = AXIS2_PLACEMENT_3D ( 'NONE', #1689, #1010, #564 ) ;
#127 = CARTESIAN_POINT ( 'NONE',  ( 0.000000000000000000, 268.0000000000000000, 0.000000000000000000 ) ) ;
#128 = MANIFOLD_SOLID_BREP ( 'CirPattern3', #2314 ) ;
#129 = DIRECTION ( 'NONE',  ( 1.000000000000000000, -0.000000000000000000, -0.000000000000000000 ) ) ;
#130 = AXIS2_PLACEMENT_3D ( 'NONE', #1496, #618, #399 ) ;
#131 = ADVANCED_FACE ( 'NONE', ( #1464 ), #1151, .F. ) ;
#132 = CARTESIAN_POINT ( 'NONE',  ( 0.000000000000000000, 0.000000000000000000, 0.000000000000000000 ) ) ;
#133 = ORIENTED_EDGE ( 'NONE', *, *, #1161, .F. ) ;
#134 = AXIS2_PLACEMENT_3D ( 'NONE', #2104, #286, #2318 ) ;
#135 = DIRECTION ( 'NONE',  ( -0.000000000000000000, -1.000000000000000000, -0.000000000000000000 ) ) ;
#136 = LINE ( 'NONE', #823, #2003 ) ;
#137 = ORIENTED_EDGE ( 'NONE', *, *, #169, .F. ) ;
#138 = CARTESIAN_POINT ( 'NONE',  ( -96.99484522385688479, 254.0000000000000000, -47.00000000000046185 ) ) ;
#139 = ORIENTED_EDGE ( 'NONE', *, *, #1161, .T. ) ;
#140 = DIRECTION ( 'NONE',  ( 0.000000000000000000, 0.000000000000000000, -1.000000000000000000 ) ) ;
#141 = FACE_OUTER_BOUND ( 'NONE', #2143, .T. ) ;
#142 = EDGE_CURVE ( 'NONE', #1011, #917, #612, .T. ) ;
#143 = AXIS2_PLACEMENT_3D ( 'NONE', #2590, #1666, #600 ) ;
#144 = CARTESIAN_POINT ( 'NONE',  ( 0.000000000000000000, 254.0000000000000000, 112.0000000000000000 ) ) ;
#145 = AXIS2_PLACEMENT_3D ( 'NONE', #1239, #1663, #1445 ) ;
#146 = CYLINDRICAL_SURFACE ( 'NONE', #856, 8.999999999999994671 ) ;
#147 = EDGE_CURVE ( 'NONE', #301, #2592, #2019, .T. ) ;
#148 = DIRECTION ( 'NONE',  ( 0.000000000000000000, 0.000000000000000000, -1.000000000000000000 ) ) ;
#149 = ORIENTED_EDGE ( 'NONE', *, *, #685, .F. ) ;
#150 = FACE_BOUND ( 'NONE', #2742, .T. ) ;
#151 = EDGE_CURVE ( 'NONE', #1756, #719, #1783, .T. ) ;
#152 = CARTESIAN_POINT ( 'NONE',  ( 199.9999999999999716, 175.0000000000003695, -74.47818472546153146 ) ) ;
#153 = VERTEX_POINT ( 'NONE', #2356 ) ;
#154 = CIRCLE ( 'NONE', #2071, 110.0000000000000000 ) ;
#155 = CIRCLE ( 'NONE', #55, 70.00000000000000000 ) ;
#156 = CARTESIAN_POINT ( 'NONE',  ( 72.68456128319260756, 155.4035963311372086, 53.07694590094719445 ) ) ;
#157 = ORIENTED_EDGE ( 'NONE', *, *, #716, .F. ) ;
#158 = FACE_BOUND ( 'NONE', #792, .T. ) ;
#159 = CARTESIAN_POINT ( 'NONE',  ( 64.28063471995280054, 106.0000000000000000, -27.71281292110202799 ) ) ;
#160 = FACE_BOUND ( 'NONE', #774, .T. ) ;
#161 = ORIENTED_EDGE ( 'NONE', *, *, #1309, .T. ) ;
#162 = CARTESIAN_POINT ( 'NONE',  ( 0.000000000000000000, 88.00000000000001421, -60.00000000000000000 ) ) ;
#163 = ORIENTED_EDGE ( 'NONE', *, *, #1816, .F. ) ;
#164 = EDGE_CURVE ( 'NONE', #1797, #301, #2557, .T. ) ;
#165 = DIRECTION ( 'NONE',  ( 0.000000000000000000, 0.000000000000000000, -1.000000000000000000 ) ) ;
#166 = DIRECTION ( 'NONE',  ( -0.000000000000000000, -1.000000000000000000, -0.000000000000000000 ) ) ;
#167 = VERTEX_POINT ( 'NONE', #2108 ) ;
#168 = CIRCLE ( 'NONE', #2546, 8.999999999999994671 ) ;
#169 = EDGE_CURVE ( 'NONE', #2362, #2600, #2523, .T. ) ;
#170 = CARTESIAN_POINT ( 'NONE',  ( 69.63043499397609537, 142.6435778728299226, 57.02337955497049649 ) ) ;
#171 = ORIENTED_EDGE ( 'NONE', *, *, #1885, .F. ) ;
#172 = FACE_OUTER_BOUND ( 'NONE', #2654, .T. ) ;
#173 = CARTESIAN_POINT ( 'NONE',  ( 0.000000000000000000, 20.00000000000001776, 88.00000000000000000 ) ) ;
#174 = CARTESIAN_POINT ( 'NONE',  ( 1.102182119232617517E-15, 20.00000000000001776, 96.99999999999998579 ) ) ;
#175 = CARTESIAN_POINT ( 'NONE',  ( 57.54997827975262936, 98.00000000000000000, 16.97056274847713553 ) ) ;
#176 = AXIS2_PLACEMENT_3D ( 'NONE', #652, #2432, #433 ) ;
#177 = EDGE_LOOP ( 'NONE', ( #1503, #2873, #1027, #2208 ) ) ;
#178 = VERTEX_POINT ( 'NONE', #1003 ) ;
#179 = DIRECTION ( 'NONE',  ( 0.000000000000000000, 0.000000000000000000, -1.000000000000000000 ) ) ;
#180 = CARTESIAN_POINT ( 'NONE',  ( 58.78775382679629047, 132.0000000000000000, -38.00000000000000000 ) ) ;
#181 = EDGE_LOOP ( 'NONE', ( #449, #630, #2196, #1794, #1172, #2903, #2828, #2412 ) ) ;
#182 = EDGE_CURVE ( 'NONE', #1748, #1513, #1652, .T. ) ;
#183 = CIRCLE ( 'NONE', #36, 8.999999999999992895 ) ;
#184 = VECTOR ( 'NONE', #984, 1000.000000000000000 ) ;
#185 = DIRECTION ( 'NONE',  ( 0.000000000000000000, 0.000000000000000000, -1.000000000000000000 ) ) ;
#186 = ORIENTED_EDGE ( 'NONE', *, *, #395, .T. ) ;
#187 = ADVANCED_FACE ( 'NONE', ( #786 ), #2837, .F. ) ;
#188 = AXIS2_PLACEMENT_3D ( 'NONE', #2451, #452, #858 ) ;
#189 = AXIS2_PLACEMENT_3D ( 'NONE', #190, #1074, #683 ) ;
#190 = CARTESIAN_POINT ( 'NONE',  ( 0.000000000000000000, 0.000000000000000000, 88.00000000000000000 ) ) ;
#191 = CARTESIAN_POINT ( 'NONE',  ( 0.000000000000000000, 0.000000000000000000, -58.00000000000000000 ) ) ;
#192 = CARTESIAN_POINT ( 'NONE',  ( 0.000000000000000000, 274.0000000000000000, 112.0000000000000000 ) ) ;
#193 = CARTESIAN_POINT ( 'NONE',  ( 76.21023553303069775, 274.0009999999999764, -43.99999999999982236 ) ) ;
#194 = VERTEX_POINT ( 'NONE', #1242 ) ;
#195 = PRODUCT_CONTEXT ( 'NONE', #2832, 'mechanical' ) ;
#196 = ORIENTED_EDGE ( 'NONE', *, *, #650, .F. ) ;
#197 = DIRECTION ( 'NONE',  ( 0.000000000000000000, 0.000000000000000000, -1.000000000000000000 ) ) ;
#198 = DIRECTION ( 'NONE',  ( -0.000000000000000000, -1.000000000000000000, -0.000000000000000000 ) ) ;
#199 = EDGE_LOOP ( 'NONE', ( #1826, #377 ) ) ;
#200 = CARTESIAN_POINT ( 'NONE',  ( 80.72136623107259368, 174.1926526620601123, -39.80749394059092339 ) ) ;
#201 = ORIENTED_EDGE ( 'NONE', *, *, #936, .F. ) ;
#202 = CIRCLE ( 'NONE', #1886, 8.999999999999994671 ) ;
#203 = AXIS2_PLACEMENT_3D ( 'NONE', #2214, #831, #1299 ) ;
#204 = EDGE_CURVE ( 'NONE', #2317, #1313, #2907, .T. ) ;
#205 = DIRECTION ( 'NONE',  ( -0.000000000000000000, -1.000000000000000000, -0.000000000000000000 ) ) ;
#206 = CYLINDRICAL_SURFACE ( 'NONE', #853, 8.999999999999994671 ) ;
#207 = AXIS2_PLACEMENT_3D ( 'NONE', #337, #1654, #1481 ) ;
#208 = EDGE_CURVE ( 'NONE', #334, #1324, #2139, .T. ) ;
#209 = LINE ( 'NONE', #2481, #1275 ) ;
#210 = LINE ( 'NONE', #861, #2287 ) ;
#211 = ORIENTED_EDGE ( 'NONE', *, *, #864, .F. ) ;
#212 = VERTEX_POINT ( 'NONE', #159 ) ;
#213 = CARTESIAN_POINT ( 'NONE',  ( 70.71557516214744510, 115.4605302353053560, 55.68904043331768605 ) ) ;
#214 = DIRECTION ( 'NONE',  ( -0.000000000000000000, -1.000000000000000000, -0.000000000000000000 ) ) ;
#215 = ORIENTED_EDGE ( 'NONE', *, *, #1200, .F. ) ;
#216 = CARTESIAN_POINT ( 'NONE',  ( 83.30695488185070019, 178.9551362153961804, -34.09821233371645377 ) ) ;
#217 = ORIENTED_EDGE ( 'NONE', *, *, #68, .F. ) ;
#218 = CARTESIAN_POINT ( 'NONE',  ( 63.37482450446641025, 99.16762411136970456, -19.13965374993662039 ) ) ;
#219 = FACE_OUTER_BOUND ( 'NONE', #1238, .T. ) ;
#220 = EDGE_CURVE ( 'NONE', #1319, #2411, #1501, .T. ) ;
#221 = DIRECTION ( 'NONE',  ( 0.000000000000000000, 0.000000000000000000, -1.000000000000000000 ) ) ;
#222 = DIRECTION ( 'NONE',  ( -1.000000000000000000, -0.000000000000000000, -0.000000000000000000 ) ) ;
#223 = EDGE_LOOP ( 'NONE', ( #2024, #2002, #2173, #2442 ) ) ;
#224 = ORIENTED_EDGE ( 'NONE', *, *, #1866, .F. ) ;
#225 = B_SPLINE_CURVE_WITH_KNOTS ( 'NONE', 3,
 ( #1100, #2463, #423, #1315, #669, #2213, #1990, #2435, #437, #1330, #2226, #218, #2005, #886, #1784, #1563, #2450, #1344, #2239, #1926, #1688, #2784, #2113, #1912 ),
 .UNSPECIFIED., .F., .F.,
 ( 4, 2, 2, 2, 2, 2, 2, 2, 2, 2, 2, 4 ),
 ( 0.01947969849877759230, 0.01997656532271177218, 0.02047343214664595554, 0.02146716579451429449, 0.02246089944238263345, 0.02345463309025098975, 0.02544210038598767459, 0.02742956768172435944, 0.02941703497746104776, 0.03140450227319772913, 0.03339196956893442092, 0.03537943686467110577 ),
 .UNSPECIFIED. ) ;
#226 = EDGE_CURVE ( 'NONE', #754, #2594, #1403, .T. ) ;
#227 = AXIS2_PLACEMENT_3D ( 'NONE', #1066, #1234, #2130 ) ;
#228 = CARTESIAN_POINT ( 'NONE',  ( 75.53085930408599324, 100.7668853603158681, 48.97617076022211080 ) ) ;
#229 = DIRECTION ( 'NONE',  ( 1.000000000000000000, -0.000000000000000000, -0.000000000000000000 ) ) ;
#230 = ORIENTED_EDGE ( 'NONE', *, *, #2170, .F. ) ;
#231 = CARTESIAN_POINT ( 'NONE',  ( 79.39302057497420151, 171.5930480279739641, 42.39397130515298784 ) ) ;
#232 = ORIENTED_EDGE ( 'NONE', *, *, #2155, .F. ) ;
#233 = FACE_OUTER_BOUND ( 'NONE', #723, .T. ) ;
#234 = DIRECTION ( 'NONE',  ( 0.000000000000000000, 0.000000000000000000, 1.000000000000000000 ) ) ;
#235 = AXIS2_PLACEMENT_3D ( 'NONE', #1998, #2457, #2233 ) ;
#236 = FACE_BOUND ( 'NONE', #2874, .T. ) ;
#237 = ORIENTED_EDGE ( 'NONE', *, *, #1562, .T. ) ;
#238 = ORIENTED_EDGE ( 'NONE', *, *, #2499, .F. ) ;
#239 = EDGE_CURVE ( 'NONE', #558, #2798, #713, .T. ) ;
#240 = CARTESIAN_POINT ( 'NONE',  ( 70.02720579241531595, 118.6445904643465923, 56.53982527463275432 ) ) ;
#241 = LINE ( 'NONE', #2207, #2704 ) ;
#242 = EDGE_LOOP ( 'NONE', ( #992, #1289 ) ) ;
#243 = AXIS2_PLACEMENT_3D ( 'NONE', #97, #320, #2541 ) ;
#244 = EDGE_CURVE ( 'NONE', #1473, #1097, #478, .T. ) ;
#245 = CARTESIAN_POINT ( 'NONE',  ( 82.68067925100244508, 177.8376664475773339, -35.58630540721051716 ) ) ;
#246 = ORIENTED_EDGE ( 'NONE', *, *, #952, .F. ) ;
#247 = CARTESIAN_POINT ( 'NONE',  ( 58.31342042382603807, 96.70776238796260316, 14.38160447641183026 ) ) ;
#248 = DIRECTION ( 'NONE',  ( 1.000000000000000000, -0.000000000000000000, -0.000000000000000000 ) ) ;
#249 = AXIS2_PLACEMENT_3D ( 'NONE', #1255, #1723, #2153 ) ;
#250 = CARTESIAN_POINT ( 'NONE',  ( 199.9999999999999716, 132.0000000000000000, 0.000000000000000000 ) ) ;
#251 = ORIENTED_EDGE ( 'NONE', *, *, #380, .T. ) ;
#252 = FACE_OUTER_BOUND ( 'NONE', #181, .T. ) ;
#253 = LINE ( 'NONE', #2752, #582 ) ;
#254 = DIRECTION ( 'NONE',  ( 0.000000000000000000, 0.000000000000000000, 1.000000000000000000 ) ) ;
#255 = ORIENTED_EDGE ( 'NONE', *, *, #2327, .T. ) ;
#256 = EDGE_CURVE ( 'NONE', #527, #1524, #1434, .T. ) ;
#257 = FACE_OUTER_BOUND ( 'NONE', #2895, .T. ) ;
#258 = CARTESIAN_POINT ( 'NONE',  ( 68.81860213634101342, 135.9449124716468020, -57.99999999999997868 ) ) ;
#259 = ORIENTED_EDGE ( 'NONE', *, *, #1578, .T. ) ;
#260 = CARTESIAN_POINT ( 'NONE',  ( 57.93181296813025227, 97.35368888168862611, -15.67569832068675950 ) ) ;
#261 = CARTESIAN_POINT ( 'NONE',  ( 0.000000000000000000, 0.000000000000000000, -38.00000000000000000 ) ) ;
#262 = DIRECTION ( 'NONE',  ( 0.000000000000000000, 0.000000000000000000, -1.000000000000000000 ) ) ;
#263 = DIRECTION ( 'NONE',  ( 0.000000000000000000, 0.000000000000000000, -1.000000000000000000 ) ) ;
#264 = AXIS2_PLACEMENT_3D ( 'NONE', #1425, #60, #2289 ) ;
#265 = CARTESIAN_POINT ( 'NONE',  ( 0.000000000000000000, 0.000000000000000000, 0.000000000000000000 ) ) ;
#266 = CARTESIAN_POINT ( 'NONE',  ( 59.95079774869077482, 143.7661312243770624, 36.13790158312093581 ) ) ;
#267 = ORIENTED_EDGE ( 'NONE', *, *, #2347, .F. ) ;
#268 = CIRCLE ( 'NONE', #126, 8.999999999999994671 ) ;
#269 = CARTESIAN_POINT ( 'NONE',  ( 0.000000000000000000, 0.000000000000000000, -38.00000000000000000 ) ) ;
#270 = EDGE_CURVE ( 'NONE', #609, #1722, #1465, .T. ) ;
#271 = DIRECTION ( 'NONE',  ( -0.000000000000000000, -1.000000000000000000, -0.000000000000000000 ) ) ;
#272 = VERTEX_POINT ( 'NONE', #424 ) ;
#273 = EDGE_CURVE ( 'NONE', #93, #754, #1084, .T. ) ;
#274 = CYLINDRICAL_SURFACE ( 'NONE', #1160, 8.999999999999994671 ) ;
#275 = DIRECTION ( 'NONE',  ( 0.000000000000000000, 1.000000000000000000, -0.000000000000000000 ) ) ;
#276 = AXIS2_PLACEMENT_3D ( 'NONE', #1523, #412, #1981 ) ;
#277 = CARTESIAN_POINT ( 'NONE',  ( 61.91184450633466696, 112.5587236510684477, 32.67162738812377398 ) ) ;
#278 = LINE ( 'NONE', #1848, #1806 ) ;
#279 = CARTESIAN_POINT ( 'NONE',  ( 0.000000000000000000, 254.0000000000000000, -90.00000000000000000 ) ) ;
#280 = CARTESIAN_POINT ( 'NONE',  ( 62.32424175257347798, 152.7011736139673701, -31.87216344251966049 ) ) ;
#281 = VERTEX_POINT ( 'NONE', #1331 ) ;
#282 = FACE_OUTER_BOUND ( 'NONE', #2232, .T. ) ;
#283 = CARTESIAN_POINT ( 'NONE',  ( 78.36968247042675273, 75.00195918735423106, 10.78889477969768684 ) ) ;
#284 = VERTEX_POINT ( 'NONE', #1738 ) ;
#285 = CIRCLE ( 'NONE', #1408, 38.00000000000000000 ) ;
#286 = DIRECTION ( 'NONE',  ( 0.000000000000000000, 1.000000000000000000, 0.000000000000000000 ) ) ;
#287 = DIRECTION ( 'NONE',  ( 0.000000000000000000, 1.000000000000000000, 0.000000000000000000 ) ) ;
#288 = EDGE_CURVE ( 'NONE', #1898, #272, #988, .T. ) ;
#289 = CARTESIAN_POINT ( 'NONE',  ( 71.35790224541217697, 113.1188839903008727, -54.84679517109171343 ) ) ;
#290 = DIRECTION ( 'NONE',  ( 0.000000000000000000, 1.000000000000000000, 0.000000000000000000 ) ) ;
#291 = CIRCLE ( 'NONE', #389, 8.000000000000000000 ) ;
#292 = B_SPLINE_CURVE_WITH_KNOTS ( 'NONE', 3,
 ( #569, #1847, #2738, #80, #550, #947, #1402, #1432, #1446, #2065, #726, #2337, #289, #2321, #2107, #319, #65, #2283, #2509, #508, #2764, #756 ),
 .UNSPECIFIED., .F., .F.,
 ( 4, 2, 2, 2, 2, 2, 2, 2, 2, 2, 4 ),
 ( 0.2275222110353056493, 0.2300384648425189693, 0.2325547186497322893, 0.2375872262641589017, 0.2426197338785855417, 0.2451359876857988618, 0.2476522414930121818, 0.2577172567218652954, 0.2627497643362918245, 0.2652660181435050890, 0.2677822719507183535 ),
 .UNSPECIFIED. ) ;
#293 = EDGE_CURVE ( 'NONE', #428, #1856, #1607, .T. ) ;
#294 = AXIS2_PLACEMENT_3D ( 'NONE', #28, #2302, #1395 ) ;
#295 = DIRECTION ( 'NONE',  ( -0.000000000000000000, -1.000000000000000000, -0.000000000000000000 ) ) ;
#296 = CARTESIAN_POINT ( 'NONE',  ( 58.78775382679626205, 132.6407571968840102, 37.99999999999999289 ) ) ;
#297 = ORIENTED_EDGE ( 'NONE', *, *, #2598, .T. ) ;
#298 = CIRCLE ( 'NONE', #2588, 110.0000000000000000 ) ;
#299 = DIRECTION ( 'NONE',  ( 0.000000000000000000, -0.8660254037844327124, -0.5000000000000101030 ) ) ;
#300 = CARTESIAN_POINT ( 'NONE',  ( 80.84101883047334525, 84.02327517120231448, -32.66466314925482095 ) ) ;
#301 = VERTEX_POINT ( 'NONE', #2630 ) ;
#302 = CARTESIAN_POINT ( 'NONE',  ( -135.0020000000000095, 132.0000000000000000, 0.000000000000000000 ) ) ;
#303 = ORIENTED_EDGE ( 'NONE', *, *, #1812, .F. ) ;
#304 = CARTESIAN_POINT ( 'NONE',  ( 0.000000000000000000, 98.00000000000000000, 0.000000000000000000 ) ) ;
#305 = DIRECTION ( 'NONE',  ( 0.000000000000000000, 0.000000000000000000, 1.000000000000000000 ) ) ;
#306 = EDGE_CURVE ( 'NONE', #1524, #1574, #2117, .T. ) ;
#307 = CARTESIAN_POINT ( 'NONE',  ( -135.0010000000000048, 174.9999999999993179, 83.47818472546209989 ) ) ;
#308 = DIRECTION ( 'NONE',  ( 0.000000000000000000, 0.000000000000000000, -1.000000000000000000 ) ) ;
#309 = EDGE_CURVE ( 'NONE', #16, #1532, #2407, .T. ) ;
#310 = CARTESIAN_POINT ( 'NONE',  ( 62.15438156944033921, 152.1845612254972764, -32.20189500218418033 ) ) ;
#311 = ORIENTED_EDGE ( 'NONE', *, *, #2367, .F. ) ;
#312 = DIRECTION ( 'NONE',  ( 1.000000000000000000, 0.000000000000000000, -1.224646799147353207E-16 ) ) ;
#313 = CARTESIAN_POINT ( 'NONE',  ( 80.53676544573588103, 80.16589224057958063, 26.04634154186695483 ) ) ;
#314 = ORIENTED_EDGE ( 'NONE', *, *, #1240, .F. ) ;
#315 = AXIS2_PLACEMENT_3D ( 'NONE', #1472, #345, #2803 ) ;
#316 = CARTESIAN_POINT ( 'NONE',  ( 59.94663037855444543, 120.0731824658902696, -36.15884455144705356 ) ) ;
#317 = ORIENTED_EDGE ( 'NONE', *, *, #2292, .F. ) ;
#318 = DIRECTION ( 'NONE',  ( 0.000000000000000000, 0.000000000000000000, -1.000000000000000000 ) ) ;
#319 = CARTESIAN_POINT ( 'NONE',  ( 74.98817299028257821, 102.1859230866123056, -49.77617381036615996 ) ) ;
#320 = DIRECTION ( 'NONE',  ( 0.000000000000000000, 1.000000000000000000, 0.000000000000000000 ) ) ;
#321 = CIRCLE ( 'NONE', #1304, 135.0000000000000000 ) ;
#322 = CIRCLE ( 'NONE', #2659, 9.999999999999994671 ) ;
#323 = FACE_BOUND ( 'NONE', #1348, .T. ) ;
#324 = CARTESIAN_POINT ( 'NONE',  ( 66.03969226464550957, 162.0952545185268718, -23.23288721462077788 ) ) ;
#325 = ORIENTED_EDGE ( 'NONE', *, *, #785, .F. ) ;
#326 = EDGE_CURVE ( 'NONE', #1560, #2782, #2349, .T. ) ;
#327 = CIRCLE ( 'NONE', #2334, 58.00000000000000000 ) ;
#328 = CIRCLE ( 'NONE', #1311, 24.99999999999999289 ) ;
#329 = DIRECTION ( 'NONE',  ( -0.8660254037844363761, 0.000000000000000000, -0.5000000000000041078 ) ) ;
#330 = DIRECTION ( 'NONE',  ( 1.000000000000000000, -0.000000000000000000, -0.000000000000000000 ) ) ;
#331 = CARTESIAN_POINT ( 'NONE',  ( 77.82991637953520581, 95.64761515876240594, 45.19407169479819686 ) ) ;
#332 = ORIENTED_EDGE ( 'NONE', *, *, #1436, .T. ) ;
#333 = CARTESIAN_POINT ( 'NONE',  ( 62.78843628592901638, 98.77109063643676734, 18.43676127027535827 ) ) ;
#334 = VERTEX_POINT ( 'NONE', #2615 ) ;
#335 = DIRECTION ( 'NONE',  ( -0.000000000000000000, -1.000000000000000000, -0.000000000000000000 ) ) ;
#336 = PLANE ( 'NONE',  #667 ) ;
#337 = CARTESIAN_POINT ( 'NONE',  ( 79.00000000000000000, 274.0000000000000000, 0.000000000000000000 ) ) ;
#338 = ORIENTED_EDGE ( 'NONE', *, *, #125, .T. ) ;
#339 = DIRECTION ( 'NONE',  ( 0.000000000000000000, 0.000000000000000000, 1.000000000000000000 ) ) ;
#340 = AXIS2_PLACEMENT_3D ( 'NONE', #1933, #2393, #2823 ) ;
#341 = ORIENTED_EDGE ( 'NONE', *, *, #482, .F. ) ;
#342 = VECTOR ( 'NONE', #2227, 1000.000000000000000 ) ;
#343 = CARTESIAN_POINT ( 'NONE',  ( 0.000000000000000000, 49.00000000000000711, 0.000000000000000000 ) ) ;
#344 = CARTESIAN_POINT ( 'NONE',  ( 0.000000000000000000, 0.000000000000000000, 0.000000000000000000 ) ) ;
#345 = DIRECTION ( 'NONE',  ( -0.000000000000000000, -1.000000000000000000, -0.000000000000000000 ) ) ;
#346 = ORIENTED_EDGE ( 'NONE', *, *, #682, .F. ) ;
#347 = ADVANCED_FACE ( 'NONE', ( #1316 ), #2727, .F. ) ;
#348 = AXIS2_PLACEMENT_3D ( 'NONE', #804, #2812, #2604 ) ;
#349 = CARTESIAN_POINT ( 'NONE',  ( 58.83533444124195455, 129.5564855959790407, -37.92630560019626529 ) ) ;
#350 = VERTEX_POINT ( 'NONE', #2660 ) ;
#351 = EDGE_CURVE ( 'NONE', #21, #2074, #655, .T. ) ;
#352 = DIRECTION ( 'NONE',  ( -0.000000000000000000, -1.000000000000000000, -0.000000000000000000 ) ) ;
#353 = CARTESIAN_POINT ( 'NONE',  ( 96.99484522385648688, 254.0000000000000000, 56.00000000000112976 ) ) ;
#354 = DIRECTION ( 'NONE',  ( 1.000000000000000000, 0.000000000000000000, 0.000000000000000000 ) ) ;
#355 = VERTEX_POINT ( 'NONE', #1991 ) ;
#356 = ORIENTED_EDGE ( 'NONE', *, *, #35, .F. ) ;
#357 = DIRECTION ( 'NONE',  ( 0.000000000000000000, 0.000000000000000000, -1.000000000000000000 ) ) ;
#358 = CYLINDRICAL_SURFACE ( 'NONE', #919, 8.999999999999994671 ) ;
#359 = ORIENTED_EDGE ( 'NONE', *, *, #752, .F. ) ;
#360 = ADVANCED_FACE ( 'NONE', ( #219 ), #206, .F. ) ;
#361 = CARTESIAN_POINT ( 'NONE',  ( 199.9999999999999716, 132.0000000000000000, 0.000000000000000000 ) ) ;
#362 = EDGE_LOOP ( 'NONE', ( #1394, #1989, #1686, #2365 ) ) ;
#363 = DIRECTION ( 'NONE',  ( 0.000000000000000000, 1.000000000000000000, 0.000000000000000000 ) ) ;
#364 = AXIS2_PLACEMENT_3D ( 'NONE', #416, #198, #1126 ) ;
#365 = EDGE_CURVE ( 'NONE', #2619, #355, #577, .T. ) ;
#366 = FACE_BOUND ( 'NONE', #1949, .T. ) ;
#367 = CARTESIAN_POINT ( 'NONE',  ( 0.000000000000000000, 274.0000000000000000, 0.000000000000000000 ) ) ;
#368 = FACE_BOUND ( 'NONE', #242, .T. ) ;
#369 = VERTEX_POINT ( 'NONE', #2021 ) ;
#370 = CARTESIAN_POINT ( 'NONE',  ( 1.102182119232617517E-15, 0.000000000000000000, -79.00000000000000000 ) ) ;
#371 = ORIENTED_EDGE ( 'NONE', *, *, #1070, .F. ) ;
#372 = DIRECTION ( 'NONE',  ( 0.000000000000000000, 0.000000000000000000, -1.000000000000000000 ) ) ;
#373 = LINE ( 'NONE', #2161, #410 ) ;
#374 = VERTEX_POINT ( 'NONE', #1977 ) ;
#375 = AXIS2_PLACEMENT_3D ( 'NONE', #1569, #2220, #179 ) ;
#376 = DIRECTION ( 'NONE',  ( -0.000000000000000000, -1.000000000000000000, -0.000000000000000000 ) ) ;
#377 = ORIENTED_EDGE ( 'NONE', *, *, #1332, .T. ) ;
#378 = FACE_BOUND ( 'NONE', #2245, .T. ) ;
#379 = DIRECTION ( 'NONE',  ( 0.000000000000000000, 0.000000000000000000, 1.000000000000000000 ) ) ;
#380 = EDGE_CURVE ( 'NONE', #1011, #1319, #2006, .T. ) ;
#381 = AXIS2_PLACEMENT_3D ( 'NONE', #477, #275, #739 ) ;
#382 = DIRECTION ( 'NONE',  ( -0.000000000000000000, -1.000000000000000000, -0.000000000000000000 ) ) ;
#383 = DIRECTION ( 'NONE',  ( 0.000000000000000000, 0.000000000000000000, -1.000000000000000000 ) ) ;
#384 = ORIENTED_EDGE ( 'NONE', *, *, #1526, .T. ) ;
#385 = EDGE_CURVE ( 'NONE', #2780, #1759, #41, .T. ) ;
#386 = DIRECTION ( 'NONE',  ( 0.000000000000000000, 0.000000000000000000, -1.000000000000000000 ) ) ;
#387 = CARTESIAN_POINT ( 'NONE',  ( 0.000000000000000000, 88.00000000000001421, 0.000000000000000000 ) ) ;
#388 = ORIENTED_EDGE ( 'NONE', *, *, #1070, .T. ) ;
#389 = AXIS2_PLACEMENT_3D ( 'NONE', #1388, #2883, #2255 ) ;
#390 = DIRECTION ( 'NONE',  ( 0.000000000000000000, 1.000000000000000000, 0.000000000000000000 ) ) ;
#391 = ORIENTED_EDGE ( 'NONE', *, *, #35, .T. ) ;
#392 = CIRCLE ( 'NONE', #1702, 90.00000000000001421 ) ;
#393 = CARTESIAN_POINT ( 'NONE',  ( 199.9999999999999716, 132.0000000000000000, 0.000000000000000000 ) ) ;
#394 = DIRECTION ( 'NONE',  ( 0.8660254037844327124, 0.000000000000000000, 0.5000000000000101030 ) ) ;
#395 = EDGE_CURVE ( 'NONE', #1053, #350, #2205, .T. ) ;
#396 = CARTESIAN_POINT ( 'NONE',  ( 0.000000000000000000, 72.32380757938128113, 0.000000000000000000 ) ) ;
#397 = FACE_OUTER_BOUND ( 'NONE', #2056, .T. ) ;
#398 = VERTEX_POINT ( 'NONE', #2856 ) ;
#399 = DIRECTION ( 'NONE',  ( 0.000000000000000000, 0.000000000000000000, -1.000000000000000000 ) ) ;
#400 = VERTEX_POINT ( 'NONE', #1564 ) ;
#401 = EDGE_CURVE ( 'NONE', #1443, #2266, #2571, .T. ) ;
#402 = DIRECTION ( 'NONE',  ( 0.000000000000000000, 1.000000000000000000, 0.000000000000000000 ) ) ;
#403 = FACE_OUTER_BOUND ( 'NONE', #1495, .T. ) ;
#404 = ORIENTED_EDGE ( 'NONE', *, *, #351, .F. ) ;
#405 = CARTESIAN_POINT ( 'NONE',  ( -76.21023553303099618, 20.00000000000001776, 34.99999999999929656 ) ) ;
#406 = ORIENTED_EDGE ( 'NONE', *, *, #1236, .T. ) ;
#407 = CIRCLE ( 'NONE', #1530, 58.00000000000000000 ) ;
#408 = DIRECTION ( 'NONE',  ( -1.000000000000000000, -0.000000000000000000, -0.000000000000000000 ) ) ;
#409 = CARTESIAN_POINT ( 'NONE',  ( 0.000000000000000000, 0.000000000000000000, -88.00000000000000000 ) ) ;
#410 = VECTOR ( 'NONE', #1717, 1000.000000000000000 ) ;
#411 = DIRECTION ( 'NONE',  ( -0.000000000000000000, -1.000000000000000000, -0.000000000000000000 ) ) ;
#412 = DIRECTION ( 'NONE',  ( 0.000000000000000000, 1.000000000000000000, 0.000000000000000000 ) ) ;
#413 = ORIENTED_EDGE ( 'NONE', *, *, #326, .F. ) ;
#414 = ORIENTED_EDGE ( 'NONE', *, *, #2279, .F. ) ;
#415 = CARTESIAN_POINT ( 'NONE',  ( 71.77724731536795844, 111.5910050401668627, 54.29686344541059384 ) ) ;
#416 = CARTESIAN_POINT ( 'NONE',  ( 0.000000000000000000, 274.0000000000000000, 0.000000000000000000 ) ) ;
#417 = ORIENTED_EDGE ( 'NONE', *, *, #401, .T. ) ;
#418 = EDGE_CURVE ( 'NONE', #2242, #2219, #932, .T. ) ;
#419 = CARTESIAN_POINT ( 'NONE',  ( 81.40108297159078177, 175.5337709943913183, 38.50230169525384838 ) ) ;
#420 = EDGE_LOOP ( 'NONE', ( #1219, #2731 ) ) ;
#421 = CIRCLE ( 'NONE', #1968, 46.00000000000000000 ) ;
#422 = VECTOR ( 'NONE', #2896, 1000.000000000000000 ) ;
#423 = CARTESIAN_POINT ( 'NONE',  ( 59.96584342220602082, 98.00482260630342068, -16.98023643515659487 ) ) ;
#424 = CARTESIAN_POINT ( 'NONE',  ( 76.21023553303041354, 0.000000000000000000, 35.00000000000036238 ) ) ;
#425 = LINE ( 'NONE', #1536, #23 ) ;
#426 = CARTESIAN_POINT ( 'NONE',  ( 199.9999999999999716, 175.0000000000003695, -65.47818472546153146 ) ) ;
#427 = EDGE_LOOP ( 'NONE', ( #1655, #431, #2648, #767 ) ) ;
#428 = VERTEX_POINT ( 'NONE', #2063 ) ;
#429 = LINE ( 'NONE', #470, #1262 ) ;
#430 = CYLINDRICAL_SURFACE ( 'NONE', #1815, 8.999999999999994671 ) ;
#431 = ORIENTED_EDGE ( 'NONE', *, *, #1132, .F. ) ;
#432 = EDGE_CURVE ( 'NONE', #1552, #281, #327, .T. ) ;
#433 = DIRECTION ( 'NONE',  ( 0.000000000000000000, 0.000000000000000000, -1.000000000000000000 ) ) ;
#434 = ORIENTED_EDGE ( 'NONE', *, *, #256, .T. ) ;
#435 = VECTOR ( 'NONE', #2438, 1000.000000000000000 ) ;
#436 = VECTOR ( 'NONE', #2757, 1000.000000000000000 ) ;
#437 = CARTESIAN_POINT ( 'NONE',  ( 62.08901333717175675, 98.42433639653553712, -17.79688558266293086 ) ) ;
#438 = DIRECTION ( 'NONE',  ( 0.000000000000000000, 0.000000000000000000, -1.000000000000000000 ) ) ;
#439 = AXIS2_PLACEMENT_3D ( 'NONE', #483, #1422, #1613 ) ;
#440 = CARTESIAN_POINT ( 'NONE',  ( 0.000000000000000000, 98.00000000000000000, 0.000000000000000000 ) ) ;
#441 = DIRECTION ( 'NONE',  ( 1.000000000000000000, 0.000000000000000000, 0.000000000000000000 ) ) ;
#442 = ORIENTED_EDGE ( 'NONE', *, *, #293, .F. ) ;
#443 = DIRECTION ( 'NONE',  ( 0.000000000000000000, 0.000000000000000000, 1.000000000000000000 ) ) ;
#444 = ORIENTED_EDGE ( 'NONE', *, *, #1453, .T. ) ;
#445 = FACE_OUTER_BOUND ( 'NONE', #2319, .T. ) ;
#446 = DIRECTION ( 'NONE',  ( 0.000000000000000000, 1.000000000000000000, 0.000000000000000000 ) ) ;
#447 = VERTEX_POINT ( 'NONE', #725 ) ;
#448 = CARTESIAN_POINT ( 'NONE',  ( 84.48235069834076683, 181.0102012905550168, 31.07157487555256381 ) ) ;
#449 = ORIENTED_EDGE ( 'NONE', *, *, #666, .T. ) ;
#450 = AXIS2_PLACEMENT_3D ( 'NONE', #2510, #918, #2094 ) ;
#451 = CARTESIAN_POINT ( 'NONE',  ( 0.000000000000000000, 0.000000000000000000, 79.00000000000000000 ) ) ;
#452 = DIRECTION ( 'NONE',  ( 0.000000000000000000, 1.000000000000000000, 0.000000000000000000 ) ) ;
#453 = EDGE_CURVE ( 'NONE', #1040, #1560, #491, .T. ) ;
#454 = CARTESIAN_POINT ( 'NONE',  ( -135.0010000000000048, 174.9999999999993179, 65.47818472546211410 ) ) ;
#455 = ORIENTED_EDGE ( 'NONE', *, *, #1490, .T. ) ;
#456 = ORIENTED_EDGE ( 'NONE', *, *, #948, .T. ) ;
#457 = DIRECTION ( 'NONE',  ( 1.000000000000000000, -0.000000000000000000, -0.000000000000000000 ) ) ;
#458 = DIRECTION ( 'NONE',  ( 0.000000000000000000, -1.000000000000000000, -0.000000000000000000 ) ) ;
#459 = VERTEX_POINT ( 'NONE', #2493 ) ;
#460 = CARTESIAN_POINT ( 'NONE',  ( 88.00784506299990539, 186.8704290169277158, 19.17616571332122888 ) ) ;
#461 = VERTEX_POINT ( 'NONE', #2506 ) ;
#462 = AXIS2_PLACEMENT_3D ( 'NONE', #2770, #2185, #1285 ) ;
#463 = CARTESIAN_POINT ( 'NONE',  ( 0.000000000000000000, 274.0009999999999764, -88.00000000000000000 ) ) ;
#464 = FACE_OUTER_BOUND ( 'NONE', #2475, .T. ) ;
#465 = AXIS2_PLACEMENT_3D ( 'NONE', #2485, #2527, #40 ) ;
#466 = CARTESIAN_POINT ( 'NONE',  ( 0.000000000000000000, 49.00000000000000711, 0.000000000000000000 ) ) ;
#467 = ORIENTED_EDGE ( 'NONE', *, *, #2398, .F. ) ;
#468 = EDGE_CURVE ( 'NONE', #2266, #105, #2078, .T. ) ;
#469 = CARTESIAN_POINT ( 'NONE',  ( -96.99484522385688479, 274.0000000000000000, -47.00000000000046185 ) ) ;
#470 = CARTESIAN_POINT ( 'NONE',  ( -135.0010000000000048, 218.0000000000000000, -9.000000000000000000 ) ) ;
#471 = FACE_OUTER_BOUND ( 'NONE', #2687, .T. ) ;
#472 = ORIENTED_EDGE ( 'NONE', *, *, #270, .T. ) ;
#473 = LINE ( 'NONE', #955, #436 ) ;
#474 = CARTESIAN_POINT ( 'NONE',  ( 70.12849375721063439, 145.5221489592381090, -56.41001602218024402 ) ) ;
#475 = ORIENTED_EDGE ( 'NONE', *, *, #1364, .F. ) ;
#476 = CARTESIAN_POINT ( 'NONE',  ( 59.94646257643472609, 94.08435108866012797, -2.936593468971242515 ) ) ;
#477 = CARTESIAN_POINT ( 'NONE',  ( 96.99484522385765217, -0.0009999999999732445133, -55.99999999999909761 ) ) ;
#478 = CIRCLE ( 'NONE', #1884, 8.999999999999994671 ) ;
#479 = DIRECTION ( 'NONE',  ( -0.000000000000000000, -1.000000000000000000, -0.000000000000000000 ) ) ;
#480 = CARTESIAN_POINT ( 'NONE',  ( 179.9999999999999716, 218.0000000000000000, 0.000000000000000000 ) ) ;
#481 = AXIS2_PLACEMENT_3D ( 'NONE', #1212, #354, #1046 ) ;
#482 = EDGE_CURVE ( 'NONE', #2317, #1476, #1801, .T. ) ;
#483 = CARTESIAN_POINT ( 'NONE',  ( 0.000000000000000000, 274.0000000000000000, 0.000000000000000000 ) ) ;
#484 = CARTESIAN_POINT ( 'NONE',  ( 69.92945800858709049, 169.8699354809382385, -3.205020446315297367 ) ) ;
#485 = ORIENTED_EDGE ( 'NONE', *, *, #453, .T. ) ;
#486 = EDGE_CURVE ( 'NONE', #1709, #2700, #421, .T. ) ;
#487 = CARTESIAN_POINT ( 'NONE',  ( 1.347111479062088523E-14, 0.000000000000000000, 110.0000000000000000 ) ) ;
#488 = CARTESIAN_POINT ( 'NONE',  ( 80.53911815433873755, 80.17830626627790025, -26.07119907834526273 ) ) ;
#489 = EDGE_LOOP ( 'NONE', ( #215, #869 ) ) ;
#490 = DIRECTION ( 'NONE',  ( -0.000000000000000000, -1.000000000000000000, -0.000000000000000000 ) ) ;
#491 = LINE ( 'NONE', #1175, #2807 ) ;
#492 = FACE_OUTER_BOUND ( 'NONE', #2880, .T. ) ;
#493 = CARTESIAN_POINT ( 'NONE',  ( 0.000000000000000000, 95.64761515876240594, 0.000000000000000000 ) ) ;
#494 = CIRCLE ( 'NONE', #2138, 73.99999999999997158 ) ;
#495 = CARTESIAN_POINT ( 'NONE',  ( 7.102951435054648059E-15, 30.00000000000000000, 58.00000000000000000 ) ) ;
#496 = CARTESIAN_POINT ( 'NONE',  ( 65.51958555579996357, 160.9298624078174385, -24.64621490777645363 ) ) ;
#497 = ORIENTED_EDGE ( 'NONE', *, *, #2347, .T. ) ;
#498 = CIRCLE ( 'NONE', #732, 8.999999999999994671 ) ;
#499 = CARTESIAN_POINT ( 'NONE',  ( 199.9999999999999716, 88.99999999999914735, 74.47818472546120461 ) ) ;
#500 = CARTESIAN_POINT ( 'NONE',  ( 79.34492552362027595, 76.52312155316350584, -17.05676408302024782 ) ) ;
#501 = ORIENTED_EDGE ( 'NONE', *, *, #2631, .T. ) ;
#502 = CIRCLE ( 'NONE', #1391, 58.00000000000000000 ) ;
#503 = EDGE_CURVE ( 'NONE', #2600, #2718, #34, .T. ) ;
#504 = DIRECTION ( 'NONE',  ( 1.000000000000000000, 0.000000000000000000, 0.000000000000000000 ) ) ;
#505 = ADVANCED_FACE ( 'NONE', ( #1594 ), #2294, .F. ) ;
#506 = DIRECTION ( 'NONE',  ( -0.000000000000000000, 1.000000000000000000, -0.000000000000000000 ) ) ;
#507 = VECTOR ( 'NONE', #814, 1000.000000000000000 ) ;
#508 = CARTESIAN_POINT ( 'NONE',  ( 77.24978295732337585, 96.90214684170011594, -46.18202181374745408 ) ) ;
#509 = DIRECTION ( 'NONE',  ( 0.000000000000000000, 1.000000000000000000, 0.000000000000000000 ) ) ;
#510 = CARTESIAN_POINT ( 'NONE',  ( -135.0010000000000048, 218.0000000000000000, 0.000000000000000000 ) ) ;
#511 = CARTESIAN_POINT ( 'NONE',  ( 59.11376939884772241, 138.3176959927987468, 37.49197335675895459 ) ) ;
#512 = EDGE_LOOP ( 'NONE', ( #1336, #1750 ) ) ;
#513 = CARTESIAN_POINT ( 'NONE',  ( 199.9999999999999716, 132.0000000000000000, -38.00000000000000000 ) ) ;
#514 = DIRECTION ( 'NONE',  ( -0.000000000000000000, 1.000000000000000000, -0.000000000000000000 ) ) ;
#515 = AXIS2_PLACEMENT_3D ( 'NONE', #367, #2168, #2124 ) ;
#516 = VERTEX_POINT ( 'NONE', #261 ) ;
#517 = EDGE_CURVE ( 'NONE', #1407, #2718, #2428, .T. ) ;
#518 = AXIS2_PLACEMENT_3D ( 'NONE', #1415, #2308, #1576 ) ;
#519 = ORIENTED_EDGE ( 'NONE', *, *, #1757, .F. ) ;
#520 = CYLINDRICAL_SURFACE ( 'NONE', #518, 60.00000000000000000 ) ;
#521 = EDGE_CURVE ( 'NONE', #835, #2400, #2715, .T. ) ;
#522 = CYLINDRICAL_SURFACE ( 'NONE', #1694, 8.999999999999994671 ) ;
#523 = CYLINDRICAL_SURFACE ( 'NONE', #1049, 70.00000000000000000 ) ;
#524 = AXIS2_PLACEMENT_3D ( 'NONE', #1565, #2035, #2661 ) ;
#525 = VECTOR ( 'NONE', #45, 1000.000000000000000 ) ;
#526 = CARTESIAN_POINT ( 'NONE',  ( -76.21023553303099618, 20.00000000000001776, 43.99999999999928946 ) ) ;
#527 = VERTEX_POINT ( 'NONE', #2480 ) ;
#528 = CARTESIAN_POINT ( 'NONE',  ( 1.016456843292303150E-14, 49.00000000000000711, 83.00000000000000000 ) ) ;
#529 = CARTESIAN_POINT ( 'NONE',  ( 78.37081796562152647, 75.00348125888089612, -10.79673766038454552 ) ) ;
#530 = ORIENTED_EDGE ( 'NONE', *, *, #220, .T. ) ;
#531 = CARTESIAN_POINT ( 'NONE',  ( 58.86414353823690959, 128.9407479140740236, -37.88162571251335464 ) ) ;
#532 = ORIENTED_EDGE ( 'NONE', *, *, #931, .T. ) ;
#533 = CARTESIAN_POINT ( 'NONE',  ( 0.000000000000000000, 254.0000000000000000, 0.000000000000000000 ) ) ;
#534 = CARTESIAN_POINT ( 'NONE',  ( 180.0000000000000000, 132.0000000000000000, 0.000000000000000000 ) ) ;
#535 = DIRECTION ( 'NONE',  ( 0.000000000000000000, -1.000000000000000000, 0.000000000000000000 ) ) ;
#536 = ADVANCED_FACE ( 'NONE', ( #1814 ), #2749, .F. ) ;
#537 = AXIS2_PLACEMENT_3D ( 'NONE', #2712, #1194, #705 ) ;
#538 = FACE_BOUND ( 'NONE', #420, .T. ) ;
#539 = CARTESIAN_POINT ( 'NONE',  ( 65.34363838256579982, 160.5294519744012121, -25.10869544227678318 ) ) ;
#540 = VERTEX_POINT ( 'NONE', #5 ) ;
#541 = CIRCLE ( 'NONE', #1294, 8.999999999999994671 ) ;
#542 = CARTESIAN_POINT ( 'NONE',  ( 199.9999999999999716, 89.00000000000018474, -65.47818472546181567 ) ) ;
#543 = CARTESIAN_POINT ( 'NONE',  ( 79.00683533550892435, 75.93134055278838446, -14.99754821906376456 ) ) ;
#544 = EDGE_LOOP ( 'NONE', ( #1482, #898, #2375, #1568 ) ) ;
#545 = CIRCLE ( 'NONE', #176, 110.0000000000000000 ) ;
#546 = CIRCLE ( 'NONE', #27, 8.999999999999994671 ) ;
#547 = CARTESIAN_POINT ( 'NONE',  ( 64.28063471995280054, 106.0000000000000000, 27.71281292110202799 ) ) ;
#548 = ORIENTED_EDGE ( 'NONE', *, *, #2419, .F. ) ;
#549 = FACE_OUTER_BOUND ( 'NONE', #1553, .T. ) ;
#550 = CARTESIAN_POINT ( 'NONE',  ( 68.94413487483969050, 127.7582175738677108, -57.85080387141151448 ) ) ;
#551 = DIRECTION ( 'NONE',  ( -0.000000000000000000, -1.000000000000000000, -0.000000000000000000 ) ) ;
#552 = B_SPLINE_CURVE_WITH_KNOTS ( 'NONE', 3,
 ( #2290, #1158, #722, #2114, #2745, #1410, #2303, #764, #300, #46, #1440, #1187, #488, #941, #1897, #500, #543, #956, #529, #2277, #1426, #1202, #2785, #2771, #2548, #1841, #2734, #2330, #89, #283, #2088, #1855, #1397, #2758, #2316, #313, #1171, #778, #1618, #2501, #74, #968, #1868, #2073, #2490, #734, #2517, #331 ),
 .UNSPECIFIED., .F., .F.,
 ( 4, 2, 2, 2, 2, 2, 2, 2, 2, 2, 2, 2, 2, 2, 2, 2, 2, 2, 2, 2, 2, 2, 2, 4 ),
 ( 2.693064451524118684E-07, 0.006522918159093973184, 0.009784242585418384194, 0.01304556701174279520, 0.01956821586439161376, 0.02282954029071602650, 0.02609086471704044272, 0.03261351356968925780, 0.03913616242233807635, 0.04239748684866247869, 0.04402814906182467986, 0.04565881127498688796, 0.05218146012763572039, 0.05870410898028456670, 0.06196543340660898291, 0.06522675783293339913, 0.07174940668558223156, 0.07827205553823105011, 0.08153337996455546632, 0.08479470439087988254, 0.09131735324352870109, 0.09457867766985311730, 0.09784000209617751964, 0.1043626509488263243 ),
 .UNSPECIFIED. ) ;
#553 = CIRCLE ( 'NONE', #1206, 58.00000000000000000 ) ;
#554 = EDGE_CURVE ( 'NONE', #153, #1657, #2022, .T. ) ;
#555 = DIRECTION ( 'NONE',  ( 1.000000000000000000, 0.000000000000000000, 0.000000000000000000 ) ) ;
#556 = EDGE_LOOP ( 'NONE', ( #1276, #2446 ) ) ;
#557 = DIRECTION ( 'NONE',  ( 1.000000000000000000, 0.000000000000000000, 0.000000000000000000 ) ) ;
#558 = VERTEX_POINT ( 'NONE', #2737 ) ;
#559 = VECTOR ( 'NONE', #506, 1000.000000000000000 ) ;
#560 = AXIS2_PLACEMENT_3D ( 'NONE', #2246, #457, #1337 ) ;
#561 = EDGE_CURVE ( 'NONE', #2385, #447, #1269, .T. ) ;
#562 = CARTESIAN_POINT ( 'NONE',  ( -96.99484522385726848, 254.0000000000000000, 64.99999999999978684 ) ) ;
#563 = FACE_BOUND ( 'NONE', #617, .T. ) ;
#564 = DIRECTION ( 'NONE',  ( 0.000000000000000000, 0.000000000000000000, 1.000000000000000000 ) ) ;
#565 = ORIENTED_EDGE ( 'NONE', *, *, #909, .F. ) ;
#566 = CYLINDRICAL_SURFACE ( 'NONE', #2199, 58.00000000000000000 ) ;
#567 = ORIENTED_EDGE ( 'NONE', *, *, #576, .F. ) ;
#568 = CARTESIAN_POINT ( 'NONE',  ( 0.000000000000000000, 0.000000000000000000, 0.000000000000000000 ) ) ;
#569 = CARTESIAN_POINT ( 'NONE',  ( 68.81860213634105605, 132.0000000000000284, -58.00000000000000711 ) ) ;
#570 = DIRECTION ( 'NONE',  ( 0.000000000000000000, 0.000000000000000000, -1.000000000000000000 ) ) ;
#571 = FACE_OUTER_BOUND ( 'NONE', #1735, .T. ) ;
#572 = ORIENTED_EDGE ( 'NONE', *, *, #2691, .F. ) ;
#573 = VECTOR ( 'NONE', #1903, 1000.000000000000000 ) ;
#574 = EDGE_LOOP ( 'NONE', ( #971, #417 ) ) ;
#575 = B_SPLINE_CURVE_WITH_KNOTS ( 'NONE', 3,
 ( #1805, #1291, #228, #1745, #1351, #1109, #2014, #11, #415, #213, #240, #2637, #2415, #1125, #2027, #633, #1306, #906 ),
 .UNSPECIFIED., .F., .F.,
 ( 4, 2, 2, 2, 2, 2, 2, 2, 4 ),
 ( 0.000000000000000000, 0.01008463279313186536, 0.01512694918969778070, 0.01764810738798074097, 0.02016926558626370297, 0.03025389837939553017, 0.03529621477596146112, 0.03781737297424446476, 0.04033853117252746839 ),
 .UNSPECIFIED. ) ;
#576 = EDGE_CURVE ( 'NONE', #1748, #905, #285, .T. ) ;
#577 = CIRCLE ( 'NONE', #1448, 8.999999999999994671 ) ;
#578 = DIRECTION ( 'NONE',  ( 0.000000000000000000, 0.000000000000000000, -1.000000000000000000 ) ) ;
#579 = CARTESIAN_POINT ( 'NONE',  ( -96.99484522385688479, -0.0009999999999732445133, -56.00000000000046185 ) ) ;
#580 = ORIENTED_EDGE ( 'NONE', *, *, #2013, .F. ) ;
#581 = ADVANCED_FACE ( 'NONE', ( #930 ), #520, .F. ) ;
#582 = VECTOR ( 'NONE', #83, 1000.000000000000000 ) ;
#583 = CARTESIAN_POINT ( 'NONE',  ( 76.70487487790903458, 165.9050726242327869, 47.09400622972538741 ) ) ;
#584 = ORIENTED_EDGE ( 'NONE', *, *, #1180, .F. ) ;
#585 = DIRECTION ( 'NONE',  ( 0.000000000000000000, 0.000000000000000000, -1.000000000000000000 ) ) ;
#586 = LINE ( 'NONE', #2137, #1646 ) ;
#587 = DIRECTION ( 'NONE',  ( -0.000000000000000000, -1.000000000000000000, -0.000000000000000000 ) ) ;
#588 = FACE_BOUND ( 'NONE', #2180, .T. ) ;
#589 =( LENGTH_UNIT ( ) NAMED_UNIT ( * ) SI_UNIT ( .MILLI., .METRE. ) );
#590 = ORIENTED_EDGE ( 'NONE', *, *, #2674, .T. ) ;
#591 = DIRECTION ( 'NONE',  ( 0.000000000000000000, 0.000000000000000000, -1.000000000000000000 ) ) ;
#592 = FACE_BOUND ( 'NONE', #1937, .T. ) ;
#593 = EDGE_LOOP ( 'NONE', ( #2192, #1108, #2635, #2606 ) ) ;
#594 = EDGE_CURVE ( 'NONE', #957, #999, #1641, .T. ) ;
#595 = CARTESIAN_POINT ( 'NONE',  ( 69.48983632563437141, 141.6823659811317384, 57.19439375979087714 ) ) ;
#596 = ORIENTED_EDGE ( 'NONE', *, *, #1578, .F. ) ;
#597 = AXIS2_PLACEMENT_3D ( 'NONE', #1484, #2361, #1674 ) ;
#598 = ADVANCED_FACE ( 'NONE', ( #464 ), #1359, .F. ) ;
#599 = CARTESIAN_POINT ( 'NONE',  ( 76.21023553303069775, 274.0009999999999764, -34.99999999999982947 ) ) ;
#600 = DIRECTION ( 'NONE',  ( 0.000000000000000000, 0.000000000000000000, 1.000000000000000000 ) ) ;
#601 = FACE_BOUND ( 'NONE', #1245, .T. ) ;
#602 = EDGE_LOOP ( 'NONE', ( #978, #1213 ) ) ;
#603 = ORIENTED_EDGE ( 'NONE', *, *, #913, .T. ) ;
#604 = CARTESIAN_POINT ( 'NONE',  ( 96.99484522385648688, 274.0000000000000000, 65.00000000000112266 ) ) ;
#605 = DIRECTION ( 'NONE',  ( -0.000000000000000000, -1.000000000000000000, -0.000000000000000000 ) ) ;
#606 = ORIENTED_EDGE ( 'NONE', *, *, #1544, .F. ) ;
#607 = CIRCLE ( 'NONE', #2572, 8.999999999999994671 ) ;
#608 = LINE ( 'NONE', #1734, #1305 ) ;
#609 = VERTEX_POINT ( 'NONE', #2336 ) ;
#610 = ADVANCED_FACE ( 'NONE', ( #1874 ), #2573, .F. ) ;
#611 = DIRECTION ( 'NONE',  ( -0.8660254037844363761, 0.000000000000000000, -0.5000000000000041078 ) ) ;
#612 = CIRCLE ( 'NONE', #1404, 8.999999999999994671 ) ;
#613 = CARTESIAN_POINT ( 'NONE',  ( 0.000000000000000000, 34.00000000000000711, 0.000000000000000000 ) ) ;
#614 = ADVANCED_FACE ( 'NONE', ( #1253 ), #768, .F. ) ;
#615 = CYLINDRICAL_SURFACE ( 'NONE', #2466, 8.999999999999994671 ) ;
#616 = CARTESIAN_POINT ( 'NONE',  ( 199.9999999999999716, 132.0000000000000000, 110.0000000000000000 ) ) ;
#617 = EDGE_LOOP ( 'NONE', ( #1079, #388 ) ) ;
#618 = DIRECTION ( 'NONE',  ( -0.000000000000000000, -1.000000000000000000, -0.000000000000000000 ) ) ;
#619 = ORIENTED_EDGE ( 'NONE', *, *, #365, .T. ) ;
#620 = LINE ( 'NONE', #1514, #1969 ) ;
#621 = CARTESIAN_POINT ( 'NONE',  ( 77.82991637953520581, 95.64761515876240594, 45.19407169479819686 ) ) ;
#622 = ORIENTED_EDGE ( 'NONE', *, *, #2379, .T. ) ;
#623 = VECTOR ( 'NONE', #1101, 1000.000000000000000 ) ;
#624 = CARTESIAN_POINT ( 'NONE',  ( 78.37913524960313794, 169.5191109438052877, 44.23987418262161952 ) ) ;
#625 = ORIENTED_EDGE ( 'NONE', *, *, #2342, .T. ) ;
#626 = CARTESIAN_POINT ( 'NONE',  ( 179.9999999999999716, 46.00000000000002132, 0.000000000000000000 ) ) ;
#627 = DIRECTION ( 'NONE',  ( 0.000000000000000000, 1.000000000000000000, 0.000000000000000000 ) ) ;
#628 = CARTESIAN_POINT ( 'NONE',  ( 0.000000000000000000, 254.0000000000000000, -103.0000000000000142 ) ) ;
#629 = DIRECTION ( 'NONE',  ( 0.000000000000000000, 0.000000000000000000, -1.000000000000000000 ) ) ;
#630 = ORIENTED_EDGE ( 'NONE', *, *, #1176, .T. ) ;
#631 = EDGE_CURVE ( 'NONE', #1733, #374, #1549, .T. ) ;
#632 = ORIENTED_EDGE ( 'NONE', *, *, #2815, .T. ) ;
#633 = CARTESIAN_POINT ( 'NONE',  ( 68.83403214013944194, 130.3157639282516413, 57.98170695285558907 ) ) ;
#634 = ADVANCED_FACE ( 'NONE', ( #549 ), #2297, .F. ) ;
#635 = DIRECTION ( 'NONE',  ( 0.000000000000000000, 0.000000000000000000, -1.000000000000000000 ) ) ;
#636 = VERTEX_POINT ( 'NONE', #2135 ) ;
#637 = CARTESIAN_POINT ( 'NONE',  ( 1.102182119232617517E-15, 254.0000000000000000, -121.0000000000000000 ) ) ;
#638 = EDGE_LOOP ( 'NONE', ( #1308, #2016, #444, #2070 ) ) ;
#639 = CIRCLE ( 'NONE', #2184, 9.000000000000000000 ) ;
#640 = CARTESIAN_POINT ( 'NONE',  ( -135.0010000000000048, 218.0000000000000000, 9.000000000000000000 ) ) ;
#641 = CIRCLE ( 'NONE', #227, 8.999999999999994671 ) ;
#642 = DIRECTION ( 'NONE',  ( -0.000000000000000000, 1.000000000000000000, -0.000000000000000000 ) ) ;
#643 = DIRECTION ( 'NONE',  ( 0.000000000000000000, 0.000000000000000000, -1.000000000000000000 ) ) ;
#644 = ORIENTED_EDGE ( 'NONE', *, *, #2776, .F. ) ;
#645 = ORIENTED_EDGE ( 'NONE', *, *, #561, .T. ) ;
#646 = ADVANCED_FACE ( 'NONE', ( #1223 ), #79, .F. ) ;
#647 = CARTESIAN_POINT ( 'NONE',  ( 9.674709713264090904E-15, 274.0000000000000000, 79.00000000000000000 ) ) ;
#648 = DIRECTION ( 'NONE',  ( -0.000000000000000000, -1.000000000000000000, -0.000000000000000000 ) ) ;
#649 = ORIENTED_EDGE ( 'NONE', *, *, #896, .F. ) ;
#650 = EDGE_CURVE ( 'NONE', #2131, #2225, #1028, .T. ) ;
#651 = CIRCLE ( 'NONE', #1632, 8.999999999999994671 ) ;
#652 = CARTESIAN_POINT ( 'NONE',  ( 199.9999999999999716, 132.0000000000000000, 0.000000000000000000 ) ) ;
#653 = ORIENTED_EDGE ( 'NONE', *, *, #2136, .T. ) ;
#654 = CARTESIAN_POINT ( 'NONE',  ( 59.55011737802699656, 94.71425590775858439, 7.370637709582989139 ) ) ;
#655 = LINE ( 'NONE', #1058, #1843 ) ;
#656 = CARTESIAN_POINT ( 'NONE',  ( 0.000000000000000000, 72.32380757938128113, -74.00000000000008527 ) ) ;
#657 = CARTESIAN_POINT ( 'NONE',  ( 61.92226425899202269, 112.5260427304602615, -32.65173442720237063 ) ) ;
#658 = ORIENTED_EDGE ( 'NONE', *, *, #2258, .F. ) ;
#659 = ORIENTED_EDGE ( 'NONE', *, *, #2465, .T. ) ;
#660 = CARTESIAN_POINT ( 'NONE',  ( 5.633375276077824704E-15, 88.00000000000001421, 46.00000000000000000 ) ) ;
#661 = DIRECTION ( 'NONE',  ( 0.000000000000000000, 0.000000000000000000, -1.000000000000000000 ) ) ;
#662 = ORIENTED_EDGE ( 'NONE', *, *, #2833, .T. ) ;
#663 = EDGE_CURVE ( 'NONE', #881, #1797, #1036, .T. ) ;
#664 = CARTESIAN_POINT ( 'NONE',  ( 89.47408425885407723, 189.1806330401225296, 9.764009602051952896 ) ) ;
#665 = ORIENTED_EDGE ( 'NONE', *, *, #1979, .T. ) ;
#666 = EDGE_CURVE ( 'NONE', #1733, #2119, #986, .T. ) ;
#667 = AXIS2_PLACEMENT_3D ( 'NONE', #2777, #2079, #1875 ) ;
#668 = AXIS2_PLACEMENT_3D ( 'NONE', #2553, #1015, #2121 ) ;
#669 = CARTESIAN_POINT ( 'NONE',  ( 60.46543986467709431, 98.04078113262391980, -17.05208407913374202 ) ) ;
#670 = DIRECTION ( 'NONE',  ( 0.000000000000000000, 0.000000000000000000, 1.000000000000000000 ) ) ;
#671 = AXIS2_PLACEMENT_3D ( 'NONE', #2068, #1583, #2272 ) ;
#672 = DIRECTION ( 'NONE',  ( 0.000000000000000000, 0.000000000000000000, 1.000000000000000000 ) ) ;
#673 = CARTESIAN_POINT ( 'NONE',  ( -135.0010000000000048, 218.0000000000000000, 0.000000000000000000 ) ) ;
#674 = ORIENTED_EDGE ( 'NONE', *, *, #2670, .T. ) ;
#675 = ORIENTED_EDGE ( 'NONE', *, *, #952, .T. ) ;
#676 = DIRECTION ( 'NONE',  ( 0.000000000000000000, -0.000000000000000000, 1.000000000000000000 ) ) ;
#677 = DIRECTION ( 'NONE',  ( -0.000000000000000000, -1.000000000000000000, -0.000000000000000000 ) ) ;
#678 = ORIENTED_EDGE ( 'NONE', *, *, #517, .F. ) ;
#679 = DIRECTION ( 'NONE',  ( 0.000000000000000000, -0.8660254037844434816, 0.4999999999999916178 ) ) ;
#680 = EDGE_LOOP ( 'NONE', ( #10, #1021 ) ) ;
#681 = CIRCLE ( 'NONE', #537, 9.000000000000000000 ) ;
#682 = EDGE_CURVE ( 'NONE', #194, #1804, #946, .T. ) ;
#683 = DIRECTION ( 'NONE',  ( 0.000000000000000000, 0.000000000000000000, 1.000000000000000000 ) ) ;
#684 = CARTESIAN_POINT ( 'NONE',  ( 0.000000000000000000, 34.00000000000000711, 0.000000000000000000 ) ) ;
#685 = EDGE_CURVE ( 'NONE', #301, #212, #155, .T. ) ;
#686 = CYLINDRICAL_SURFACE ( 'NONE', #524, 8.999999999999994671 ) ;
#687 = ORIENTED_EDGE ( 'NONE', *, *, #2047, .T. ) ;
#688 = EDGE_LOOP ( 'NONE', ( #149, #1205, #2313, #2864 ) ) ;
#689 = AXIS2_PLACEMENT_3D ( 'NONE', #1352, #880, #1096 ) ;
#690 = CARTESIAN_POINT ( 'NONE',  ( 0.000000000000000000, 106.0000000000000000, 0.000000000000000000 ) ) ;
#691 = CARTESIAN_POINT ( 'NONE',  ( -96.99484522385688479, 254.0000000000000000, -56.00000000000046185 ) ) ;
#692 = ORIENTED_EDGE ( 'NONE', *, *, #1939, .T. ) ;
#693 = CYLINDRICAL_SURFACE ( 'NONE', #2644, 8.999999999999994671 ) ;
#694 = CARTESIAN_POINT ( 'NONE',  ( 89.36276284220575405, 189.0063720261888989, 10.73443816265851858 ) ) ;
#695 = ORIENTED_EDGE ( 'NONE', *, *, #1433, .T. ) ;
#696 = CIRCLE ( 'NONE', #2708, 58.00000000000000000 ) ;
#697 = AXIS2_PLACEMENT_3D ( 'NONE', #1930, #1915, #2376 ) ;
#698 = CYLINDRICAL_SURFACE ( 'NONE', #1827, 8.999999999999994671 ) ;
#699 = DIRECTION ( 'NONE',  ( -0.000000000000000000, -1.000000000000000000, -0.000000000000000000 ) ) ;
#700 = EDGE_CURVE ( 'NONE', #1759, #2780, #2584, .T. ) ;
#701 = AXIS2_PLACEMENT_3D ( 'NONE', #49, #959, #1387 ) ;
#702 = VECTOR ( 'NONE', #1527, 1000.000000000000000 ) ;
#703 = CARTESIAN_POINT ( 'NONE',  ( 76.21023553303069775, 20.00000000000001776, -43.99999999999982236 ) ) ;
#704 = EDGE_LOOP ( 'NONE', ( #2498, #2456 ) ) ;
#705 = DIRECTION ( 'NONE',  ( 0.000000000000000000, 0.000000000000000000, -1.000000000000000000 ) ) ;
#706 = CYLINDRICAL_SURFACE ( 'NONE', #106, 90.00000000000001421 ) ;
#707 = CARTESIAN_POINT ( 'NONE',  ( 61.79792696017408815, 151.1469310569154629, 32.91392852440700523 ) ) ;
#708 = EDGE_LOOP ( 'NONE', ( #297, #1972 ) ) ;
#709 = DIRECTION ( 'NONE',  ( -0.000000000000000000, 1.000000000000000000, -0.000000000000000000 ) ) ;
#710 = CARTESIAN_POINT ( 'NONE',  ( 89.67034391978006624, 189.4872460138086012, -7.757568752726708539 ) ) ;
#711 = EDGE_LOOP ( 'NONE', ( #157, #2372, #455, #1279, #2397, #501 ) ) ;
#712 = DIRECTION ( 'NONE',  ( 1.000000000000000000, 0.000000000000000000, 0.000000000000000000 ) ) ;
#713 = CIRCLE ( 'NONE', #2483, 60.00000000000000000 ) ;
#714 = CARTESIAN_POINT ( 'NONE',  ( 59.97035822765785440, 120.0942546390141388, 36.10701708078859440 ) ) ;
#715 = PLANE ( 'NONE',  #2694 ) ;
#716 = EDGE_CURVE ( 'NONE', #178, #558, #801, .T. ) ;
#717 = DIRECTION ( 'NONE',  ( -0.000000000000000000, -1.000000000000000000, -0.000000000000000000 ) ) ;
#718 = CARTESIAN_POINT ( 'NONE',  ( 70.00043410245221764, 170.0007996624399880, 2.532301946758311217 ) ) ;
#719 = VERTEX_POINT ( 'NONE', #1478 ) ;
#720 = ADVANCED_FACE ( 'NONE', ( #2763 ), #2169, .T. ) ;
#721 = CARTESIAN_POINT ( 'NONE',  ( -76.21023553303007247, 20.00000000000001776, -53.00000000000088107 ) ) ;
#722 = CARTESIAN_POINT ( 'NONE',  ( 79.17427108918599288, 92.46882597448130525, -42.49481352778587961 ) ) ;
#723 = EDGE_LOOP ( 'NONE', ( #2767, #2513, #485, #1955 ) ) ;
#724 = FACE_OUTER_BOUND ( 'NONE', #1272, .T. ) ;
#725 = CARTESIAN_POINT ( 'NONE',  ( 179.9999999999999716, 88.99999999999914735, 83.47818472546120461 ) ) ;
#726 = CARTESIAN_POINT ( 'NONE',  ( 70.77042802232291763, 115.4760977081334659, -55.60255869993377331 ) ) ;
#727 = DIRECTION ( 'NONE',  ( -0.000000000000000000, -1.000000000000000000, -0.000000000000000000 ) ) ;
#728 = LINE ( 'NONE', #2260, #2077 ) ;
#729 = CARTESIAN_POINT ( 'NONE',  ( 62.82580281437889624, 154.1807754001529531, 30.87873244807792616 ) ) ;
#730 = EDGE_LOOP ( 'NONE', ( #2786, #2421 ) ) ;
#731 = EDGE_CURVE ( 'NONE', #905, #516, #1431, .T. ) ;
#732 = AXIS2_PLACEMENT_3D ( 'NONE', #1882, #980, #995 ) ;
#733 = DIRECTION ( 'NONE',  ( 1.000000000000000000, 0.000000000000000000, 0.000000000000000000 ) ) ;
#734 = CARTESIAN_POINT ( 'NONE',  ( 79.17681561497245468, 92.46299162780682934, 42.49005625994461610 ) ) ;
#735 = ORIENTED_EDGE ( 'NONE', *, *, #1597, .T. ) ;
#736 = AXIS2_PLACEMENT_3D ( 'NONE', #2827, #2157, #1048 ) ;
#737 = EDGE_CURVE ( 'NONE', #2400, #1984, #2719, .T. ) ;
#738 = CARTESIAN_POINT ( 'NONE',  ( 199.9999999999999716, 218.0000000000000000, 9.000000000000000000 ) ) ;
#739 = DIRECTION ( 'NONE',  ( 0.000000000000000000, 0.000000000000000000, 1.000000000000000000 ) ) ;
#740 = CIRCLE ( 'NONE', #1774, 110.0000000000000000 ) ;
#741 = DIRECTION ( 'NONE',  ( 0.000000000000000000, 1.000000000000000000, -0.000000000000000000 ) ) ;
#742 = CARTESIAN_POINT ( 'NONE',  ( 77.82991637953520581, 95.64761515876240594, -45.19407169479819686 ) ) ;
#743 = AXIS2_PLACEMENT_3D ( 'NONE', #1835, #937, #2053 ) ;
#744 = CARTESIAN_POINT ( 'NONE',  ( 76.21023553303041354, 0.000000000000000000, 53.00000000000035527 ) ) ;
#745 = CARTESIAN_POINT ( 'NONE',  ( 64.98758307373479681, 159.7042326487076309, -26.01637388490097536 ) ) ;
#746 = ORIENTED_EDGE ( 'NONE', *, *, #873, .F. ) ;
#747 = DIRECTION ( 'NONE',  ( -0.000000000000000000, -1.000000000000000000, 0.000000000000000000 ) ) ;
#748 = CYLINDRICAL_SURFACE ( 'NONE', #2189, 110.0000000000000000 ) ;
#749 = AXIS2_PLACEMENT_3D ( 'NONE', #1225, #2824, #2603 ) ;
#750 = ORIENTED_EDGE ( 'NONE', *, *, #966, .F. ) ;
#751 = AXIS2_PLACEMENT_3D ( 'NONE', #2049, #1375, #1635 ) ;
#752 = EDGE_CURVE ( 'NONE', #1293, #281, #473, .T. ) ;
#753 = DIRECTION ( 'NONE',  ( -0.000000000000000000, -1.000000000000000000, -0.000000000000000000 ) ) ;
#754 = VERTEX_POINT ( 'NONE', #721 ) ;
#755 = DIRECTION ( 'NONE',  ( -0.000000000000000000, -1.000000000000000000, -0.000000000000000000 ) ) ;
#756 = CARTESIAN_POINT ( 'NONE',  ( 77.82991637953520581, 95.64761515876240594, -45.19407169479819686 ) ) ;
#757 = DIRECTION ( 'NONE',  ( -1.000000000000000000, -0.000000000000000000, -0.000000000000000000 ) ) ;
#758 = CIRCLE ( 'NONE', #2392, 9.000000000000000000 ) ;
#759 = FACE_BOUND ( 'NONE', #849, .T. ) ;
#760 = ORIENTED_EDGE ( 'NONE', *, *, #769, .T. ) ;
#761 = CARTESIAN_POINT ( 'NONE',  ( 68.90131469353933369, 167.9373218444000031, 12.41351211530558984 ) ) ;
#762 = EDGE_LOOP ( 'NONE', ( #895, #619, #863, #1398 ) ) ;
#763 = DIRECTION ( 'NONE',  ( -0.000000000000000000, -1.000000000000000000, -0.000000000000000000 ) ) ;
#764 = CARTESIAN_POINT ( 'NONE',  ( 80.77579102947062495, 85.28432709844845760, -34.44488393493158185 ) ) ;
#765 = ORIENTED_EDGE ( 'NONE', *, *, #1257, .F. ) ;
#766 = CARTESIAN_POINT ( 'NONE',  ( 63.69457613505306881, 99.47530217115634343, 19.66039869122059969 ) ) ;
#767 = ORIENTED_EDGE ( 'NONE', *, *, #68, .T. ) ;
#768 = CYLINDRICAL_SURFACE ( 'NONE', #1124, 8.999999999999994671 ) ;
#769 = EDGE_CURVE ( 'NONE', #8, #964, #1795, .T. ) ;
#770 = DIRECTION ( 'NONE',  ( 1.000000000000000000, -0.000000000000000000, -0.000000000000000000 ) ) ;
#771 =( LENGTH_UNIT ( ) NAMED_UNIT ( * ) SI_UNIT ( .MILLI., .METRE. ) );
#772 = PLANE ( 'NONE',  #1280 ) ;
#773 = DIRECTION ( 'NONE',  ( -0.000000000000000000, -1.000000000000000000, -0.000000000000000000 ) ) ;
#774 = EDGE_LOOP ( 'NONE', ( #1742, #2127 ) ) ;
#775 = TOROIDAL_SURFACE ( 'NONE', #1904, 62.00000000000000711, 7.999999999999996447 ) ;
#776 = DIRECTION ( 'NONE',  ( 0.000000000000000000, 0.000000000000000000, -1.000000000000000000 ) ) ;
#777 = CARTESIAN_POINT ( 'NONE',  ( 1.102182119232618069E-14, 95.64761515876240594, 90.00000000000001421 ) ) ;
#778 = CARTESIAN_POINT ( 'NONE',  ( 80.74907511523538517, 81.72434042510742813, 28.94053082466152205 ) ) ;
#779 = ORIENTED_EDGE ( 'NONE', *, *, #1486, .T. ) ;
#780 = AXIS2_PLACEMENT_3D ( 'NONE', #1778, #894, #1307 ) ;
#781 = LINE ( 'NONE', #1676, #184 ) ;
#782 = ORIENTED_EDGE ( 'NONE', *, *, #2794, .F. ) ;
#783 = DIRECTION ( 'NONE',  ( -1.000000000000000000, 0.000000000000000000, 0.000000000000000000 ) ) ;
#784 = FACE_BOUND ( 'NONE', #2570, .T. ) ;
#785 = EDGE_CURVE ( 'NONE', #2288, #1657, #2476, .T. ) ;
#786 = FACE_OUTER_BOUND ( 'NONE', #2697, .T. ) ;
#787 = TOROIDAL_SURFACE ( 'NONE', #134, 68.00000000000000000, 10.00000000000000000 ) ;
#788 = FACE_BOUND ( 'NONE', #2134, .T. ) ;
#789 = ORIENTED_EDGE ( 'NONE', *, *, #1634, .F. ) ;
#790 = ADVANCED_FACE ( 'NONE', ( #282 ), #1854, .F. ) ;
#791 = DIRECTION ( 'NONE',  ( 0.000000000000000000, 0.000000000000000000, 1.000000000000000000 ) ) ;
#792 = EDGE_LOOP ( 'NONE', ( #1067, #2178 ) ) ;
#793 = AXIS2_PLACEMENT_3D ( 'NONE', #173, #1963, #670 ) ;
#794 = AXIS2_PLACEMENT_3D ( 'NONE', #2698, #2206, #197 ) ;
#795 = DIRECTION ( 'NONE',  ( 0.000000000000000000, 0.000000000000000000, -1.000000000000000000 ) ) ;
#796 = CARTESIAN_POINT ( 'NONE',  ( 5.633375276077824704E-15, 0.000000000000000000, 46.00000000000000000 ) ) ;
#797 = DIRECTION ( 'NONE',  ( 0.000000000000000000, 0.000000000000000000, 1.000000000000000000 ) ) ;
#798 = ORIENTED_EDGE ( 'NONE', *, *, #1558, .F. ) ;
#799 = CARTESIAN_POINT ( 'NONE',  ( 69.24796561992728527, 139.7583246211891321, 57.48700103166655850 ) ) ;
#800 = ORIENTED_EDGE ( 'NONE', *, *, #1490, .F. ) ;
#801 = LINE ( 'NONE', #2538, #1325 ) ;
#802 = DIRECTION ( 'NONE',  ( 0.000000000000000000, 0.000000000000000000, 1.000000000000000000 ) ) ;
#803 = SURFACE_STYLE_USAGE ( .BOTH. , #1833 ) ;
#804 = CARTESIAN_POINT ( 'NONE',  ( 199.9999999999999716, 175.0000000000003695, -74.47818472546153146 ) ) ;
#805 = DIRECTION ( 'NONE',  ( -1.000000000000000000, 0.000000000000000000, 0.000000000000000000 ) ) ;
#806 = CIRCLE ( 'NONE', #1932, 8.999999999999996447 ) ;
#807 = VERTEX_POINT ( 'NONE', #513 ) ;
#808 = CIRCLE ( 'NONE', #1177, 24.99999999999999289 ) ;
#809 = EDGE_CURVE ( 'NONE', #1546, #1590, #808, .T. ) ;
#810 = DIRECTION ( 'NONE',  ( -1.000000000000000000, -0.000000000000000000, -0.000000000000000000 ) ) ;
#811 = FACE_BOUND ( 'NONE', #867, .T. ) ;
#812 = EDGE_LOOP ( 'NONE', ( #359, #1701, #548, #765, #1424, #246 ) ) ;
#813 = EDGE_CURVE ( 'NONE', #1856, #428, #2820, .T. ) ;
#814 = DIRECTION ( 'NONE',  ( -0.000000000000000000, -1.000000000000000000, -0.000000000000000000 ) ) ;
#815 = VERTEX_POINT ( 'NONE', #1141 ) ;
#816 = CYLINDRICAL_SURFACE ( 'NONE', #1321, 110.0000000000000000 ) ;
#817 = CARTESIAN_POINT ( 'NONE',  ( -76.21023553303007247, 274.0009999999999764, -53.00000000000088107 ) ) ;
#818 = DIRECTION ( 'NONE',  ( 1.000000000000000000, -0.000000000000000000, -0.000000000000000000 ) ) ;
#819 = DIRECTION ( 'NONE',  ( -0.000000000000000000, -1.000000000000000000, -0.000000000000000000 ) ) ;
#820 = STYLED_ITEM ( 'NONE', ( #1045 ), #128 ) ;
#821 = ORIENTED_EDGE ( 'NONE', *, *, #896, .T. ) ;
#822 = DIRECTION ( 'NONE',  ( 1.000000000000000000, 0.000000000000000000, 0.000000000000000000 ) ) ;
#823 = CARTESIAN_POINT ( 'NONE',  ( 1.102182119232617319E-15, 274.0009999999999764, -79.00000000000000000 ) ) ;
#824 = ORIENTED_EDGE ( 'NONE', *, *, #2833, .F. ) ;
#825 = EDGE_CURVE ( 'NONE', #400, #1476, #1935, .T. ) ;
#826 = CARTESIAN_POINT ( 'NONE',  ( 74.76603965566621923, 161.2622926341413461, 50.11191117759641855 ) ) ;
#827 = ORIENTED_EDGE ( 'NONE', *, *, #2013, .T. ) ;
#828 = ADVANCED_FACE ( 'NONE', ( #257 ), #1157, .F. ) ;
#829 = CIRCLE ( 'NONE', #2747, 70.00000000000000000 ) ;
#830 = CARTESIAN_POINT ( 'NONE',  ( 0.000000000000000000, 254.0000000000000000, -135.0000000000000000 ) ) ;
#831 = DIRECTION ( 'NONE',  ( 0.000000000000000000, 1.000000000000000000, 0.000000000000000000 ) ) ;
#832 = CARTESIAN_POINT ( 'NONE',  ( 1.653273178848927024E-14, 274.0000000000000000, 135.0000000000000000 ) ) ;
#833 = ORIENTED_EDGE ( 'NONE', *, *, #142, .F. ) ;
#834 = CARTESIAN_POINT ( 'NONE',  ( 0.000000000000000000, 30.00000000000000000, 68.00000000000000000 ) ) ;
#835 = VERTEX_POINT ( 'NONE', #1170 ) ;
#836 = CIRCLE ( 'NONE', #1585, 8.999999999999992895 ) ;
#837 = DIRECTION ( 'NONE',  ( 1.000000000000000000, 0.000000000000000000, 0.000000000000000000 ) ) ;
#838 = CARTESIAN_POINT ( 'NONE',  ( 1.102182119232617517E-15, 254.0000000000000000, 103.0000000000000142 ) ) ;
#839 = ORIENTED_EDGE ( 'NONE', *, *, #2670, .F. ) ;
#840 = VECTOR ( 'NONE', #2020, 1000.000000000000000 ) ;
#841 = CARTESIAN_POINT ( 'NONE',  ( 73.54911399371120240, 157.9636286222044816, 51.87272449285589460 ) ) ;
#842 = EDGE_LOOP ( 'NONE', ( #1303, #565, #1438, #2223 ) ) ;
#843 = ADVANCED_FACE ( 'NONE', ( #924 ), #775, .F. ) ;
#844 = CARTESIAN_POINT ( 'NONE',  ( 0.000000000000000000, 274.0000000000000000, 121.0000000000000000 ) ) ;
#845 = DIRECTION ( 'NONE',  ( 0.000000000000000000, -1.000000000000000000, 0.000000000000000000 ) ) ;
#846 = CARTESIAN_POINT ( 'NONE',  ( 0.000000000000000000, 0.000000000000000000, 0.000000000000000000 ) ) ;
#847 = DIRECTION ( 'NONE',  ( -0.000000000000000000, -1.000000000000000000, -0.000000000000000000 ) ) ;
#848 = EDGE_LOOP ( 'NONE', ( #1340, #346 ) ) ;
#849 = EDGE_LOOP ( 'NONE', ( #1497, #1692 ) ) ;
#850 = CYLINDRICAL_SURFACE ( 'NONE', #560, 9.000000000000000000 ) ;
#851 = CARTESIAN_POINT ( 'NONE',  ( 179.9999999999999716, 174.9999999999993179, 83.47818472546209989 ) ) ;
#852 = EDGE_LOOP ( 'NONE', ( #2487, #2543 ) ) ;
#853 = AXIS2_PLACEMENT_3D ( 'NONE', #1506, #2200, #1753 ) ;
#854 = DIRECTION ( 'NONE',  ( 1.000000000000000000, -0.000000000000000000, 1.224646799147353207E-16 ) ) ;
#855 = EDGE_LOOP ( 'NONE', ( #325, #2431, #1203, #1248 ) ) ;
#856 = AXIS2_PLACEMENT_3D ( 'NONE', #1243, #2825, #1494 ) ;
#857 = CARTESIAN_POINT ( 'NONE',  ( -96.99484522385726848, 274.0000000000000000, 64.99999999999978684 ) ) ;
#858 = DIRECTION ( 'NONE',  ( 0.000000000000000000, 0.000000000000000000, -1.000000000000000000 ) ) ;
#859 = EDGE_CURVE ( 'NONE', #272, #1898, #639, .T. ) ;
#860 = DIRECTION ( 'NONE',  ( 0.000000000000000000, 0.000000000000000000, 1.000000000000000000 ) ) ;
#861 = CARTESIAN_POINT ( 'NONE',  ( 1.102182119232618069E-14, 0.000000000000000000, 90.00000000000001421 ) ) ;
#862 = EDGE_LOOP ( 'NONE', ( #1596, #2552 ) ) ;
#863 = ORIENTED_EDGE ( 'NONE', *, *, #1185, .T. ) ;
#864 = EDGE_CURVE ( 'NONE', #540, #1552, #1604, .T. ) ;
#865 = DIRECTION ( 'NONE',  ( -0.8660254037844327124, 0.000000000000000000, -0.5000000000000101030 ) ) ;
#866 = CARTESIAN_POINT ( 'NONE',  ( 60.06805712818930942, 144.3915758592941359, -35.94460260755258929 ) ) ;
#867 = EDGE_LOOP ( 'NONE', ( #2010, #186 ) ) ;
#868 = CARTESIAN_POINT ( 'NONE',  ( 81.70901177520585179, 176.0523761137669680, -37.73933436356393401 ) ) ;
#869 = ORIENTED_EDGE ( 'NONE', *, *, #365, .F. ) ;
#870 = CARTESIAN_POINT ( 'NONE',  ( 59.45598766271269398, 94.86467729040070651, 8.093627077615247245 ) ) ;
#871 = CARTESIAN_POINT ( 'NONE',  ( 96.99484522385648688, 274.0000000000000000, 56.00000000000112976 ) ) ;
#872 = AXIS2_PLACEMENT_3D ( 'NONE', #1793, #648, #254 ) ;
#873 = EDGE_CURVE ( 'NONE', #459, #284, #2042, .T. ) ;
#874 = FACE_BOUND ( 'NONE', #1489, .T. ) ;
#875 = CARTESIAN_POINT ( 'NONE',  ( 0.000000000000000000, 98.00000000000000000, 0.000000000000000000 ) ) ;
#876 = EDGE_LOOP ( 'NONE', ( #2377, #580 ) ) ;
#877 = ORIENTED_EDGE ( 'NONE', *, *, #731, .F. ) ;
#878 = ADVANCED_FACE ( 'NONE', ( #1840 ), #693, .F. ) ;
#879 = FACE_BOUND ( 'NONE', #708, .T. ) ;
#880 = DIRECTION ( 'NONE',  ( 1.000000000000000000, -0.000000000000000000, 0.000000000000000000 ) ) ;
#881 = VERTEX_POINT ( 'NONE', #967 ) ;
#882 = AXIS2_PLACEMENT_3D ( 'NONE', #1189, #77, #1871 ) ;
#883 = CARTESIAN_POINT ( 'NONE',  ( 89.74369551052210170, 189.6015333073112288, 6.856747794110080285 ) ) ;
#884 = ORIENTED_EDGE ( 'NONE', *, *, #1744, .F. ) ;
#885 = AXIS2_PLACEMENT_3D ( 'NONE', #344, #2829, #372 ) ;
#886 = CARTESIAN_POINT ( 'NONE',  ( 64.20224420164932155, 100.1245407061926755, -20.69633248826029615 ) ) ;
#887 = CARTESIAN_POINT ( 'NONE',  ( 96.99484522385765217, 254.0000000000000000, -55.99999999999909761 ) ) ;
#888 = DIRECTION ( 'NONE',  ( 0.000000000000000000, 0.000000000000000000, -1.000000000000000000 ) ) ;
#889 =( GEOMETRIC_REPRESENTATION_CONTEXT ( 3 ) GLOBAL_UNCERTAINTY_ASSIGNED_CONTEXT ( ( #2860 ) ) GLOBAL_UNIT_ASSIGNED_CONTEXT ( ( #771, #2575, #2810 ) ) REPRESENTATION_CONTEXT ( 'NONE', 'WORKASPACE' ) );
#890 = DIRECTION ( 'NONE',  ( 0.000000000000000000, 0.8660254037844401509, -0.4999999999999975575 ) ) ;
#891 = ORIENTED_EDGE ( 'NONE', *, *, #1707, .T. ) ;
#892 = ORIENTED_EDGE ( 'NONE', *, *, #2267, .F. ) ;
#893 = CARTESIAN_POINT ( 'NONE',  ( -96.99484522385726848, -0.0009999999999732445133, 55.99999999999977973 ) ) ;
#894 = DIRECTION ( 'NONE',  ( -1.000000000000000000, -0.000000000000000000, -0.000000000000000000 ) ) ;
#895 = ORIENTED_EDGE ( 'NONE', *, *, #107, .F. ) ;
#896 = EDGE_CURVE ( 'NONE', #2700, #1722, #1867, .T. ) ;
#897 = CARTESIAN_POINT ( 'NONE',  ( 78.72317502159141611, 170.2931865340971171, -43.71695968467710003 ) ) ;
#898 = ORIENTED_EDGE ( 'NONE', *, *, #1507, .T. ) ;
#899 = AXIS2_PLACEMENT_3D ( 'NONE', #127, #1298, #2406 ) ;
#900 = EDGE_CURVE ( 'NONE', #1880, #1546, #2550, .T. ) ;
#901 = CARTESIAN_POINT ( 'NONE',  ( 59.99960226577665878, 94.00062800143891195, 1.491273831399383631 ) ) ;
#902 = DIRECTION ( 'NONE',  ( 0.000000000000000000, 0.000000000000000000, -1.000000000000000000 ) ) ;
#903 = CARTESIAN_POINT ( 'NONE',  ( 59.56040718174382675, 122.4198992466336051, 36.77752279394086088 ) ) ;
#904 = ORIENTED_EDGE ( 'NONE', *, *, #2248, .T. ) ;
#905 = VERTEX_POINT ( 'NONE', #88 ) ;
#906 = CARTESIAN_POINT ( 'NONE',  ( 68.81860213634101342, 132.0000000000000000, 58.00000000000000000 ) ) ;
#907 = FACE_OUTER_BOUND ( 'NONE', #2818, .T. ) ;
#908 = ORIENTED_EDGE ( 'NONE', *, *, #716, .T. ) ;
#909 = EDGE_CURVE ( 'NONE', #1546, #1140, #494, .T. ) ;
#910 = CARTESIAN_POINT ( 'NONE',  ( 81.38095257461894505, 175.4412294301471036, -38.44107306109895461 ) ) ;
#911 = ORIENTED_EDGE ( 'NONE', *, *, #1812, .T. ) ;
#912 = AXIS2_PLACEMENT_3D ( 'NONE', #1377, #949, #2751 ) ;
#913 = EDGE_CURVE ( 'NONE', #2861, #1354, #425, .T. ) ;
#914 = LINE ( 'NONE', #640, #422 ) ;
#915 = DIRECTION ( 'NONE',  ( -0.000000000000000000, -1.000000000000000000, -0.000000000000000000 ) ) ;
#916 = DIRECTION ( 'NONE',  ( -0.000000000000000000, -1.000000000000000000, -0.000000000000000000 ) ) ;
#917 = VERTEX_POINT ( 'NONE', #1672 ) ;
#918 = DIRECTION ( 'NONE',  ( 0.000000000000000000, -1.000000000000000000, 0.000000000000000000 ) ) ;
#919 = AXIS2_PLACEMENT_3D ( 'NONE', #579, #2609, #1705 ) ;
#920 = AXIS2_PLACEMENT_3D ( 'NONE', #2384, #1700, #1468 ) ;
#921 = CARTESIAN_POINT ( 'NONE',  ( 1.653273178848927024E-14, 0.000000000000000000, 135.0000000000000000 ) ) ;
#922 = CARTESIAN_POINT ( 'NONE',  ( 64.80736357050787433, 159.2791067806612659, -26.46176516971923220 ) ) ;
#923 = ORIENTED_EDGE ( 'NONE', *, *, #2120, .F. ) ;
#924 = FACE_OUTER_BOUND ( 'NONE', #688, .T. ) ;
#925 = CARTESIAN_POINT ( 'NONE',  ( 90.00114082026200890, 190.0017702387801819, -1.894133387774801225 ) ) ;
#926 = ORIENTED_EDGE ( 'NONE', *, *, #239, .T. ) ;
#927 = AXIS2_PLACEMENT_3D ( 'NONE', #2343, #411, #2424 ) ;
#928 = AXIS2_PLACEMENT_3D ( 'NONE', #2761, #753, #2179 ) ;
#929 = CARTESIAN_POINT ( 'NONE',  ( 58.88386861302397790, 95.78585287441117657, -11.60372106203162446 ) ) ;
#930 = FACE_OUTER_BOUND ( 'NONE', #711, .T. ) ;
#931 = EDGE_CURVE ( 'NONE', #2718, #1407, #541, .T. ) ;
#932 = CIRCLE ( 'NONE', #1682, 9.000000000000000000 ) ;
#933 = AXIS2_PLACEMENT_3D ( 'NONE', #893, #2429, #2652 ) ;
#934 = CARTESIAN_POINT ( 'NONE',  ( 110.0000000000000000, 7.330132290548669952E-16, 0.000000000000000000 ) ) ;
#935 = SURFACE_STYLE_FILL_AREA ( #39 ) ;
#936 = EDGE_CURVE ( 'NONE', #1804, #964, #2646, .T. ) ;
#937 = DIRECTION ( 'NONE',  ( -0.000000000000000000, -1.000000000000000000, -0.000000000000000000 ) ) ;
#938 = CARTESIAN_POINT ( 'NONE',  ( 59.42546324340126063, 140.7670537702306319, 36.99594730549865318 ) ) ;
#939 = ORIENTED_EDGE ( 'NONE', *, *, #909, .T. ) ;
#940 = CARTESIAN_POINT ( 'NONE',  ( -135.0020000000000095, 132.0000000000000000, -58.00000000000000000 ) ) ;
#941 = CARTESIAN_POINT ( 'NONE',  ( 80.23122590284575040, 78.75969124446478986, -23.11386975114496423 ) ) ;
#942 = EDGE_LOOP ( 'NONE', ( #2627, #406, #1630, #133 ) ) ;
#943 = CIRCLE ( 'NONE', #1034, 8.999999999999994671 ) ;
#944 = CARTESIAN_POINT ( 'NONE',  ( 58.97831600192780144, 127.1083465204923755, -37.70382057602656545 ) ) ;
#945 = CARTESIAN_POINT ( 'NONE',  ( 0.000000000000000000, 274.0000000000000000, -112.0000000000000000 ) ) ;
#946 = CIRCLE ( 'NONE', #2075, 90.00000000000000000 ) ;
#947 = CARTESIAN_POINT ( 'NONE',  ( 69.12928427778896889, 125.2432342943086354, -57.62967138614502005 ) ) ;
#948 = EDGE_CURVE ( 'NONE', #105, #123, #1665, .T. ) ;
#949 = DIRECTION ( 'NONE',  ( 1.000000000000000000, 0.000000000000000000, -0.000000000000000000 ) ) ;
#950 = AXIS2_PLACEMENT_3D ( 'NONE', #2425, #222, #1566 ) ;
#951 = CARTESIAN_POINT ( 'NONE',  ( 0.000000000000000000, 34.00000000000000711, 0.000000000000000000 ) ) ;
#952 = EDGE_CURVE ( 'NONE', #281, #1552, #407, .T. ) ;
#953 = CARTESIAN_POINT ( 'NONE',  ( 69.86257727665615391, 169.7486316611368977, 5.045006220548774678 ) ) ;
#954 = VERTEX_POINT ( 'NONE', #1658 ) ;
#955 = CARTESIAN_POINT ( 'NONE',  ( -135.0020000000000095, 132.0000000000000000, 58.00000000000000000 ) ) ;
#956 = CARTESIAN_POINT ( 'NONE',  ( 78.52628737771156864, 75.21407324749705481, -11.85385081131875040 ) ) ;
#957 = VERTEX_POINT ( 'NONE', #1059 ) ;
#958 = FACE_OUTER_BOUND ( 'NONE', #1811, .T. ) ;
#959 = DIRECTION ( 'NONE',  ( -0.000000000000000000, 1.000000000000000000, -0.000000000000000000 ) ) ;
#960 = DIRECTION ( 'NONE',  ( -0.000000000000000000, -1.000000000000000000, -0.000000000000000000 ) ) ;
#961 = CARTESIAN_POINT ( 'NONE',  ( 179.9999999999999716, 175.0000000000003695, -65.47818472546153146 ) ) ;
#962 = DIRECTION ( 'NONE',  ( 0.000000000000000000, 1.000000000000000000, 0.000000000000000000 ) ) ;
#963 = CARTESIAN_POINT ( 'NONE',  ( 68.18508073059584262, 166.5452857323758735, 15.87983987725243651 ) ) ;
#964 = VERTEX_POINT ( 'NONE', #2128 ) ;
#965 = CIRCLE ( 'NONE', #364, 135.0000000000000000 ) ;
#966 = EDGE_CURVE ( 'NONE', #1061, #1380, #321, .T. ) ;
#967 = CARTESIAN_POINT ( 'NONE',  ( 8.572527594031472993E-15, 268.0000000000000000, 70.00000000000000000 ) ) ;
#968 = CARTESIAN_POINT ( 'NONE',  ( 80.49456946955666581, 87.29877586833934799, 36.97273593887903331 ) ) ;
#969 = ORIENTED_EDGE ( 'NONE', *, *, #1474, .F. ) ;
#970 = CARTESIAN_POINT ( 'NONE',  ( 58.78775382679627626, 131.3909861675547006, -38.00000000000000711 ) ) ;
#971 = ORIENTED_EDGE ( 'NONE', *, *, #2691, .T. ) ;
#972 = DIRECTION ( 'NONE',  ( 0.000000000000000000, 0.000000000000000000, 1.000000000000000000 ) ) ;
#973 = CARTESIAN_POINT ( 'NONE',  ( 61.59678927344862132, 113.5832283834501624, 33.25980722551645385 ) ) ;
#974 = DIRECTION ( 'NONE',  ( 1.000000000000000000, -0.000000000000000000, -0.000000000000000000 ) ) ;
#975 = AXIS2_PLACEMENT_3D ( 'NONE', #1953, #2387, #386 ) ;
#976 = CARTESIAN_POINT ( 'NONE',  ( 96.99484522385765217, 254.0000000000000000, -46.99999999999910472 ) ) ;
#977 = CARTESIAN_POINT ( 'NONE',  ( 67.32884695778628270, 164.8242947920153938, -19.18555803935460347 ) ) ;
#978 = ORIENTED_EDGE ( 'NONE', *, *, #1368, .T. ) ;
#979 = DIRECTION ( 'NONE',  ( -0.000000000000000000, -1.000000000000000000, -0.000000000000000000 ) ) ;
#980 = DIRECTION ( 'NONE',  ( 0.000000000000000000, 1.000000000000000000, 0.000000000000000000 ) ) ;
#981 = VECTOR ( 'NONE', #587, 1000.000000000000000 ) ;
#982 = EDGE_LOOP ( 'NONE', ( #1112, #1914 ) ) ;
#983 = EDGE_CURVE ( 'NONE', #835, #1518, #2409, .T. ) ;
#984 = DIRECTION ( 'NONE',  ( 0.000000000000000000, 1.000000000000000000, -0.000000000000000000 ) ) ;
#985 = ORIENTED_EDGE ( 'NONE', *, *, #2519, .T. ) ;
#986 = LINE ( 'NONE', #1901, #1416 ) ;
#987 = FACE_OUTER_BOUND ( 'NONE', #1706, .T. ) ;
#988 = CIRCLE ( 'NONE', #2259, 9.000000000000000000 ) ;
#989 = DIRECTION ( 'NONE',  ( 0.000000000000000000, 0.000000000000000000, -1.000000000000000000 ) ) ;
#990 = VERTEX_POINT ( 'NONE', #117 ) ;
#991 = CYLINDRICAL_SURFACE ( 'NONE', #2373, 79.00000000000000000 ) ;
#992 = ORIENTED_EDGE ( 'NONE', *, *, #2382, .F. ) ;
#993 = DIRECTION ( 'NONE',  ( 0.000000000000000000, 0.000000000000000000, 1.000000000000000000 ) ) ;
#994 = CARTESIAN_POINT ( 'NONE',  ( 0.000000000000000000, 0.000000000000000000, -79.00000000000000000 ) ) ;
#995 = DIRECTION ( 'NONE',  ( 0.000000000000000000, 0.000000000000000000, -1.000000000000000000 ) ) ;
#996 = ORIENTED_EDGE ( 'NONE', *, *, #1147, .T. ) ;
#997 = ADVANCED_FACE ( 'NONE', ( #2617 ), #615, .F. ) ;
#998 = CARTESIAN_POINT ( 'NONE',  ( 61.82586158949272459, 98.33249368837117288, 17.62129216588084546 ) ) ;
#999 = VERTEX_POINT ( 'NONE', #2565 ) ;
#1000 = CARTESIAN_POINT ( 'NONE',  ( 0.000000000000000000, -0.0009999999999732445133, -112.0000000000000000 ) ) ;
#1001 = ADVANCED_FACE ( 'NONE', ( #1895 ), #1881, .T. ) ;
#1002 = CARTESIAN_POINT ( 'NONE',  ( 76.21023553303041354, 274.0009999999999764, 35.00000000000036238 ) ) ;
#1003 = CARTESIAN_POINT ( 'NONE',  ( 7.347880794884118356E-15, 98.00000000000000000, 60.00000000000000000 ) ) ;
#1004 = CARTESIAN_POINT ( 'NONE',  ( 76.21023553303069775, 0.000000000000000000, -34.99999999999982947 ) ) ;
#1005 = CARTESIAN_POINT ( 'NONE',  ( 0.000000000000000000, 49.00000000000000711, -83.00000000000000000 ) ) ;
#1006 = ORIENTED_EDGE ( 'NONE', *, *, #813, .T. ) ;
#1007 = AXIS2_PLACEMENT_3D ( 'NONE', #499, #1628, #299 ) ;
#1008 = CARTESIAN_POINT ( 'NONE',  ( 0.000000000000000000, 0.000000000000000000, -110.0000000000000000 ) ) ;
#1009 = DIRECTION ( 'NONE',  ( 1.224646799147353207E-16, 0.000000000000000000, -1.000000000000000000 ) ) ;
#1010 = DIRECTION ( 'NONE',  ( -0.000000000000000000, -1.000000000000000000, -0.000000000000000000 ) ) ;
#1011 = VERTEX_POINT ( 'NONE', #562 ) ;
#1012 = CIRCLE ( 'NONE', #1910, 70.00000000000000000 ) ;
#1013 = DIRECTION ( 'NONE',  ( 0.000000000000000000, -1.000000000000000000, 0.000000000000000000 ) ) ;
#1014 = ORIENTED_EDGE ( 'NONE', *, *, #2342, .F. ) ;
#1015 = DIRECTION ( 'NONE',  ( -0.000000000000000000, -1.000000000000000000, -0.000000000000000000 ) ) ;
#1016 = DIRECTION ( 'NONE',  ( 0.000000000000000000, 0.000000000000000000, -1.000000000000000000 ) ) ;
#1017 = CARTESIAN_POINT ( 'NONE',  ( 0.000000000000000000, 88.00000000000001421, 0.000000000000000000 ) ) ;
#1018 = ADVANCED_FACE ( 'NONE', ( #1454 ), #2632, .F. ) ;
#1019 = CIRCLE ( 'NONE', #276, 8.999999999999992895 ) ;
#1020 = DIRECTION ( 'NONE',  ( 0.000000000000000000, 0.000000000000000000, -1.000000000000000000 ) ) ;
#1021 = ORIENTED_EDGE ( 'NONE', *, *, #825, .F. ) ;
#1022 = EDGE_CURVE ( 'NONE', #2459, #2594, #183, .T. ) ;
#1023 = PLANE ( 'NONE',  #975 ) ;
#1024 = CARTESIAN_POINT ( 'NONE',  ( 0.000000000000000000, 98.00000000000000000, -61.99999999999995026 ) ) ;
#1025 = ORIENTED_EDGE ( 'NONE', *, *, #208, .F. ) ;
#1026 = CARTESIAN_POINT ( 'NONE',  ( 76.21023553303069775, 0.000000000000000000, -43.99999999999982236 ) ) ;
#1027 = ORIENTED_EDGE ( 'NONE', *, *, #208, .T. ) ;
#1028 = CIRCLE ( 'NONE', #1786, 110.0000000000000000 ) ;
#1029 = CYLINDRICAL_SURFACE ( 'NONE', #340, 8.999999999999994671 ) ;
#1030 = DIRECTION ( 'NONE',  ( -0.000000000000000000, -1.000000000000000000, -0.000000000000000000 ) ) ;
#1031 = EDGE_CURVE ( 'NONE', #905, #1748, #1063, .T. ) ;
#1032 = FACE_OUTER_BOUND ( 'NONE', #2098, .T. ) ;
#1033 = ORIENTED_EDGE ( 'NONE', *, *, #418, .T. ) ;
#1034 = AXIS2_PLACEMENT_3D ( 'NONE', #353, #1919, #2809 ) ;
#1035 = ORIENTED_EDGE ( 'NONE', *, *, #517, .T. ) ;
#1036 = CIRCLE ( 'NONE', #668, 70.00000000000000000 ) ;
#1037 = EDGE_CURVE ( 'NONE', #1880, #16, #553, .T. ) ;
#1038 = FACE_OUTER_BOUND ( 'NONE', #2775, .T. ) ;
#1039 = DIRECTION ( 'NONE',  ( 0.000000000000000000, 0.000000000000000000, -1.000000000000000000 ) ) ;
#1040 = VERTEX_POINT ( 'NONE', #1740 ) ;
#1041 = CIRCLE ( 'NONE', #2444, 8.999999999999996447 ) ;
#1042 = CYLINDRICAL_SURFACE ( 'NONE', #697, 8.999999999999994671 ) ;
#1043 = ORIENTED_EDGE ( 'NONE', *, *, #288, .F. ) ;
#1044 = FACE_BOUND ( 'NONE', #2789, .T. ) ;
#1045 = PRESENTATION_STYLE_ASSIGNMENT (( #803 ) ) ;
#1046 = DIRECTION ( 'NONE',  ( 0.000000000000000000, 0.000000000000000000, 1.000000000000000000 ) ) ;
#1047 = ORIENTED_EDGE ( 'NONE', *, *, #1132, .T. ) ;
#1048 = DIRECTION ( 'NONE',  ( 0.000000000000000000, 0.000000000000000000, -1.000000000000000000 ) ) ;
#1049 = AXIS2_PLACEMENT_3D ( 'NONE', #1637, #1137, #2310 ) ;
#1050 = VERTEX_POINT ( 'NONE', #628 ) ;
#1051 = DIRECTION ( 'NONE',  ( -0.000000000000000000, 1.000000000000000000, -0.000000000000000000 ) ) ;
#1052 = DIRECTION ( 'NONE',  ( 0.000000000000000000, 0.8660254037844367092, 0.5000000000000035527 ) ) ;
#1053 = VERTEX_POINT ( 'NONE', #174 ) ;
#1054 = LINE ( 'NONE', #2164, #507 ) ;
#1055 = ORIENTED_EDGE ( 'NONE', *, *, #1885, .T. ) ;
#1056 = AXIS2_PLACEMENT_3D ( 'NONE', #691, #446, #661 ) ;
#1057 = CARTESIAN_POINT ( 'NONE',  ( 76.21023553303041354, 20.00000000000001776, 53.00000000000035527 ) ) ;
#1058 = CARTESIAN_POINT ( 'NONE',  ( -135.0010000000000048, 175.0000000000003695, -65.47818472546153146 ) ) ;
#1059 = CARTESIAN_POINT ( 'NONE',  ( 0.000000000000000000, 98.00000000000000000, -60.00000000000000000 ) ) ;
#1060 = DIRECTION ( 'NONE',  ( -0.000000000000000000, -1.000000000000000000, -0.000000000000000000 ) ) ;
#1061 = VERTEX_POINT ( 'NONE', #2201 ) ;
#1062 = ORIENTED_EDGE ( 'NONE', *, *, #2636, .F. ) ;
#1063 = CIRCLE ( 'NONE', #927, 38.00000000000000000 ) ;
#1064 = CIRCLE ( 'NONE', #2709, 8.999999999999992895 ) ;
#1065 = CARTESIAN_POINT ( 'NONE',  ( 1.102182119232617517E-15, 274.0000000000000000, -121.0000000000000000 ) ) ;
#1066 = CARTESIAN_POINT ( 'NONE',  ( 76.21023553303041354, 20.00000000000001776, 44.00000000000035527 ) ) ;
#1067 = ORIENTED_EDGE ( 'NONE', *, *, #2556, .F. ) ;
#1068 = AXIS2_PLACEMENT_3D ( 'NONE', #1163, #287, #1148 ) ;
#1069 = AXIS2_PLACEMENT_3D ( 'NONE', #2190, #402, #676 ) ;
#1070 = EDGE_CURVE ( 'NONE', #2288, #1050, #2847, .T. ) ;
#1071 = CARTESIAN_POINT ( 'NONE',  ( 68.81860213634101342, 132.0000000000000000, 58.00000000000000000 ) ) ;
#1072 = VERTEX_POINT ( 'NONE', #542 ) ;
#1073 = ADVANCED_FACE ( 'NONE', ( #2112 ), #1091, .T. ) ;
#1074 = DIRECTION ( 'NONE',  ( 0.000000000000000000, -1.000000000000000000, 0.000000000000000000 ) ) ;
#1075 = CARTESIAN_POINT ( 'NONE',  ( 179.9999999999999716, 174.9999999999993179, 74.47818472546211410 ) ) ;
#1076 = DIRECTION ( 'NONE',  ( 0.000000000000000000, 1.000000000000000000, 0.000000000000000000 ) ) ;
#1077 = DIRECTION ( 'NONE',  ( -0.000000000000000000, -1.000000000000000000, -0.000000000000000000 ) ) ;
#1078 = ORIENTED_EDGE ( 'NONE', *, *, #1939, .F. ) ;
#1079 = ORIENTED_EDGE ( 'NONE', *, *, #2453, .T. ) ;
#1080 = AXIS2_PLACEMENT_3D ( 'NONE', #2540, #2123, #1680 ) ;
#1081 = DIRECTION ( 'NONE',  ( 0.000000000000000000, 0.000000000000000000, -1.000000000000000000 ) ) ;
#1082 = CARTESIAN_POINT ( 'NONE',  ( 59.73251333931926865, 142.5980218018391668, -36.49757986648734231 ) ) ;
#1083 = ORIENTED_EDGE ( 'NONE', *, *, #2465, .F. ) ;
#1084 = CIRCLE ( 'NONE', #2628, 8.999999999999994671 ) ;
#1085 = CARTESIAN_POINT ( 'NONE',  ( 75.40628431223906603, 162.8551427577289985, -49.14661830008312648 ) ) ;
#1086 = ORIENTED_EDGE ( 'NONE', *, *, #1775, .T. ) ;
#1087 = ADVANCED_FACE ( 'NONE', ( #1993, #2229, #1802, #2710, #236, #1595, #2678, #874 ), #1817, .T. ) ;
#1088 = CARTESIAN_POINT ( 'NONE',  ( 59.45900467713666870, 94.85984951545100330, -8.071284064897293220 ) ) ;
#1089 = DIRECTION ( 'NONE',  ( 0.000000000000000000, 0.000000000000000000, -1.000000000000000000 ) ) ;
#1090 = EDGE_CURVE ( 'NONE', #16, #1880, #696, .T. ) ;
#1091 = CYLINDRICAL_SURFACE ( 'NONE', #1822, 110.0000000000000000 ) ;
#1092 = CARTESIAN_POINT ( 'NONE',  ( 64.28063471995280054, 106.0000000000000000, -27.71281292110202799 ) ) ;
#1093 = ORIENTED_EDGE ( 'NONE', *, *, #226, .F. ) ;
#1094 = ORIENTED_EDGE ( 'NONE', *, *, #576, .T. ) ;
#1095 = CARTESIAN_POINT ( 'NONE',  ( 59.63220606350224529, 98.00000000000000000, 16.97056274847713553 ) ) ;
#1096 = DIRECTION ( 'NONE',  ( 0.000000000000000000, 0.000000000000000000, -1.000000000000000000 ) ) ;
#1097 = VERTEX_POINT ( 'NONE', #1610 ) ;
#1098 = CARTESIAN_POINT ( 'NONE',  ( 79.73039512062135259, 172.2647701203318604, 41.75642843273784877 ) ) ;
#1099 = ORIENTED_EDGE ( 'NONE', *, *, #1381, .F. ) ;
#1100 = CARTESIAN_POINT ( 'NONE',  ( 59.63220606350224529, 98.00000000000000000, -16.97056274847713553 ) ) ;
#1101 = DIRECTION ( 'NONE',  ( -0.000000000000000000, 1.000000000000000000, 0.000000000000000000 ) ) ;
#1102 = AXIS2_PLACEMENT_3D ( 'NONE', #1986, #214, #635 ) ;
#1103 = LINE ( 'NONE', #454, #2215 ) ;
#1104 = CARTESIAN_POINT ( 'NONE',  ( 61.15966445941334229, 115.1251766728144048, -34.05277403110033418 ) ) ;
#1105 = AXIS2_PLACEMENT_3D ( 'NONE', #2593, #557, #115 ) ;
#1106 = EDGE_LOOP ( 'NONE', ( #1587, #2639 ) ) ;
#1107 = EDGE_CURVE ( 'NONE', #284, #459, #836, .T. ) ;
#1108 = ORIENTED_EDGE ( 'NONE', *, *, #1128, .T. ) ;
#1109 = CARTESIAN_POINT ( 'NONE',  ( 72.69558628155091640, 108.5665115710771005, 53.06151397296427064 ) ) ;
#1110 = ADVANCED_FACE ( 'NONE', ( #492 ), #686, .F. ) ;
#1111 = CARTESIAN_POINT ( 'NONE',  ( 1.102182119232617517E-15, 274.0000000000000000, 103.0000000000000142 ) ) ;
#1112 = ORIENTED_EDGE ( 'NONE', *, *, #2539, .T. ) ;
#1113 = AXIS2_PLACEMENT_3D ( 'NONE', #1413, #1633, #48 ) ;
#1114 = CARTESIAN_POINT ( 'NONE',  ( 85.87895931123688342, 183.3743807816766207, -26.93622336588659394 ) ) ;
#1115 = ORIENTED_EDGE ( 'NONE', *, *, #700, .F. ) ;
#1116 = CIRCLE ( 'NONE', #885, 38.00000000000000000 ) ;
#1117 = DIRECTION ( 'NONE',  ( 0.000000000000000000, 0.000000000000000000, -1.000000000000000000 ) ) ;
#1118 = DIRECTION ( 'NONE',  ( 0.000000000000000000, 0.000000000000000000, 1.000000000000000000 ) ) ;
#1119 = CARTESIAN_POINT ( 'NONE',  ( 59.30238166979216885, 124.1822391591030623, 37.19201359351304603 ) ) ;
#1120 = AXIS2_PLACEMENT_3D ( 'NONE', #1934, #1712, #1891 ) ;
#1121 = ORIENTED_EDGE ( 'NONE', *, *, #1544, .T. ) ;
#1122 = ORIENTED_EDGE ( 'NONE', *, *, #1979, .F. ) ;
#1123 = EDGE_CURVE ( 'NONE', #1053, #1097, #2695, .T. ) ;
#1124 = AXIS2_PLACEMENT_3D ( 'NONE', #1000, #110, #2151 ) ;
#1125 = CARTESIAN_POINT ( 'NONE',  ( 68.94277930896762996, 127.7785660619845061, 57.85242064435189491 ) ) ;
#1126 = DIRECTION ( 'NONE',  ( 0.000000000000000000, 0.000000000000000000, -1.000000000000000000 ) ) ;
#1127 = ORIENTED_EDGE ( 'NONE', *, *, #2904, .T. ) ;
#1128 = EDGE_CURVE ( 'NONE', #2307, #374, #291, .T. ) ;
#1129 = CARTESIAN_POINT ( 'NONE',  ( 89.99882743398056562, 189.9981805005555486, 2.001037417917097105 ) ) ;
#1130 = ORIENTED_EDGE ( 'NONE', *, *, #111, .F. ) ;
#1131 = CIRCLE ( 'NONE', #249, 110.0000000000000000 ) ;
#1132 = EDGE_CURVE ( 'NONE', #1467, #2326, #202, .T. ) ;
#1133 = CARTESIAN_POINT ( 'NONE',  ( 0.000000000000000000, 274.0009999999999764, -88.00000000000000000 ) ) ;
#1134 = DIRECTION ( 'NONE',  ( -0.000000000000000000, -1.000000000000000000, -0.000000000000000000 ) ) ;
#1135 = DIRECTION ( 'NONE',  ( 0.000000000000000000, 0.000000000000000000, -1.000000000000000000 ) ) ;
#1136 = ORIENTED_EDGE ( 'NONE', *, *, #561, .F. ) ;
#1137 = DIRECTION ( 'NONE',  ( -0.000000000000000000, -1.000000000000000000, -0.000000000000000000 ) ) ;
#1138 = DIRECTION ( 'NONE',  ( 0.000000000000000000, 0.000000000000000000, 1.000000000000000000 ) ) ;
#1139 = DIRECTION ( 'NONE',  ( -0.000000000000000000, -1.000000000000000000, -0.000000000000000000 ) ) ;
#1140 = VERTEX_POINT ( 'NONE', #656 ) ;
#1141 = CARTESIAN_POINT ( 'NONE',  ( 1.102182119232617517E-15, 20.00000000000001776, -79.00000000000000000 ) ) ;
#1142 = CARTESIAN_POINT ( 'NONE',  ( 85.05412021692536939, 181.9873626372294098, 29.47624729826237910 ) ) ;
#1143 = UNCERTAINTY_MEASURE_WITH_UNIT (LENGTH_MEASURE( 1.000000000000000082E-05 ), #589, 'distance_accuracy_value', 'NONE');
#1144 = ORIENTED_EDGE ( 'NONE', *, *, #2379, .F. ) ;
#1145 = EDGE_CURVE ( 'NONE', #1880, #1872, #209, .T. ) ;
#1146 = FACE_OUTER_BOUND ( 'NONE', #2665, .T. ) ;
#1147 = EDGE_CURVE ( 'NONE', #1756, #1606, #1550, .T. ) ;
#1148 = DIRECTION ( 'NONE',  ( 0.000000000000000000, 0.000000000000000000, 1.000000000000000000 ) ) ;
#1149 = VECTOR ( 'NONE', #102, 1000.000000000000000 ) ;
#1150 = CARTESIAN_POINT ( 'NONE',  ( 0.000000000000000000, 20.00000000000000000, 0.000000000000000000 ) ) ;
#1151 = CYLINDRICAL_SURFACE ( 'NONE', #2669, 8.999999999999994671 ) ;
#1152 = AXIS2_PLACEMENT_3D ( 'NONE', #2653, #2458, #2445 ) ;
#1153 = AXIS2_PLACEMENT_3D ( 'NONE', #834, #805, #1893 ) ;
#1154 = FACE_OUTER_BOUND ( 'NONE', #2331, .T. ) ;
#1155 = CARTESIAN_POINT ( 'NONE',  ( 69.45993891158303768, 168.9963239489912610, 8.767829507619728346 ) ) ;
#1156 = ORIENTED_EDGE ( 'NONE', *, *, #1521, .F. ) ;
#1157 = CYLINDRICAL_SURFACE ( 'NONE', #264, 8.999999999999994671 ) ;
#1158 = CARTESIAN_POINT ( 'NONE',  ( 78.58409076111787783, 94.03293900173677855, -43.89528787530615972 ) ) ;
#1159 = ORIENTED_EDGE ( 'NONE', *, *, #2067, .F. ) ;
#1160 = AXIS2_PLACEMENT_3D ( 'NONE', #1741, #1060, #1286 ) ;
#1161 = EDGE_CURVE ( 'NONE', #1996, #1925, #7, .T. ) ;
#1162 = DIRECTION ( 'NONE',  ( -0.000000000000000000, -1.000000000000000000, -0.000000000000000000 ) ) ;
#1163 = CARTESIAN_POINT ( 'NONE',  ( 0.000000000000000000, 274.0000000000000000, 112.0000000000000000 ) ) ;
#1164 = VECTOR ( 'NONE', #2898, 1000.000000000000000 ) ;
#1165 = CARTESIAN_POINT ( 'NONE',  ( -135.0010000000000048, 46.00000000000002132, 9.000000000000000000 ) ) ;
#1166 = ORIENTED_EDGE ( 'NONE', *, *, #2263, .F. ) ;
#1167 = CYLINDRICAL_SURFACE ( 'NONE', #1608, 9.000000000000000000 ) ;
#1168 = CARTESIAN_POINT ( 'NONE',  ( 61.17597794672668954, 148.9583798521985045, -34.02864117609231442 ) ) ;
#1169 = ORIENTED_EDGE ( 'NONE', *, *, #2724, .T. ) ;
#1170 = CARTESIAN_POINT ( 'NONE',  ( 0.000000000000000000, 20.00000000000000000, -110.0000000000000000 ) ) ;
#1171 = CARTESIAN_POINT ( 'NONE',  ( 80.62230681890606832, 80.66897427984289948, 27.02447166218504648 ) ) ;
#1172 = ORIENTED_EDGE ( 'NONE', *, *, #1645, .T. ) ;
#1173 = VECTOR ( 'NONE', #1491, 1000.000000000000000 ) ;
#1174 = CARTESIAN_POINT ( 'NONE',  ( 59.09099179637844657, 125.9072702906453287, -37.52770857836824803 ) ) ;
#1175 = CARTESIAN_POINT ( 'NONE',  ( 0.000000000000000000, 274.0009999999999764, -96.99999999999998579 ) ) ;
#1176 = EDGE_CURVE ( 'NONE', #2119, #178, #54, .T. ) ;
#1177 = AXIS2_PLACEMENT_3D ( 'NONE', #1382, #2701, #1409 ) ;
#1178 = FACE_OUTER_BOUND ( 'NONE', #1215, .T. ) ;
#1179 = CYLINDRICAL_SURFACE ( 'NONE', #1570, 9.000000000000000000 ) ;
#1180 = EDGE_CURVE ( 'NONE', #2400, #835, #154, .T. ) ;
#1181 = CIRCLE ( 'NONE', #348, 9.000000000000000000 ) ;
#1182 = DIRECTION ( 'NONE',  ( 0.000000000000000000, 0.000000000000000000, 1.000000000000000000 ) ) ;
#1183 = CARTESIAN_POINT ( 'NONE',  ( 61.82041776447368875, 151.1314771034626574, -32.83847038820818653 ) ) ;
#1184 = EDGE_LOOP ( 'NONE', ( #884, #3 ) ) ;
#1185 = EDGE_CURVE ( 'NONE', #355, #954, #1103, .T. ) ;
#1186 = DIRECTION ( 'NONE',  ( 0.000000000000000000, 0.000000000000000000, 1.000000000000000000 ) ) ;
#1187 = CARTESIAN_POINT ( 'NONE',  ( 80.62398228335577244, 80.68023207001159847, -27.04574445741376465 ) ) ;
#1188 = ORIENTED_EDGE ( 'NONE', *, *, #752, .T. ) ;
#1189 = CARTESIAN_POINT ( 'NONE',  ( 199.9999999999999716, 46.00000000000002132, 0.000000000000000000 ) ) ;
#1190 = CIRCLE ( 'NONE', #450, 9.000000000000000000 ) ;
#1191 = ORIENTED_EDGE ( 'NONE', *, *, #309, .T. ) ;
#1192 = DIRECTION ( 'NONE',  ( -0.000000000000000000, -1.000000000000000000, -0.000000000000000000 ) ) ;
#1193 = CARTESIAN_POINT ( 'NONE',  ( 60.20625686791158415, 118.9637631552071610, 35.71370425426451334 ) ) ;
#1194 = DIRECTION ( 'NONE',  ( -1.000000000000000000, -0.000000000000000000, -0.000000000000000000 ) ) ;
#1195 = EDGE_CURVE ( 'NONE', #1265, #1675, #1343, .T. ) ;
#1196 = DIRECTION ( 'NONE',  ( 0.000000000000000000, 1.000000000000000000, 0.000000000000000000 ) ) ;
#1197 = CARTESIAN_POINT ( 'NONE',  ( 69.99111358377892600, 169.9836376044133317, -1.286096997097464056 ) ) ;
#1198 = ORIENTED_EDGE ( 'NONE', *, *, #1650, .F. ) ;
#1199 = CIRCLE ( 'NONE', #1719, 79.00000000000000000 ) ;
#1200 = EDGE_CURVE ( 'NONE', #355, #2619, #2166, .T. ) ;
#1201 = DIRECTION ( 'NONE',  ( -1.224646799147353454E-16, 0.000000000000000000, -1.000000000000000000 ) ) ;
#1202 = CARTESIAN_POINT ( 'NONE',  ( 77.96019363558743009, 74.49494704673108458, -7.580595643869623146 ) ) ;
#1203 = ORIENTED_EDGE ( 'NONE', *, *, #1350, .T. ) ;
#1204 = CARTESIAN_POINT ( 'NONE',  ( 59.63220606350224529, 98.00000000000000000, 16.97056274847713553 ) ) ;
#1205 = ORIENTED_EDGE ( 'NONE', *, *, #147, .T. ) ;
#1206 = AXIS2_PLACEMENT_3D ( 'NONE', #343, #1911, #2800 ) ;
#1207 = VECTOR ( 'NONE', #1965, 1000.000000000000000 ) ;
#1208 = CARTESIAN_POINT ( 'NONE',  ( 0.000000000000000000, 98.00000000000000000, 0.000000000000000000 ) ) ;
#1209 = LINE ( 'NONE', #1002, #1839 ) ;
#1210 = DIRECTION ( 'NONE',  ( 0.000000000000000000, 0.000000000000000000, -1.000000000000000000 ) ) ;
#1211 = AXIS2_PLACEMENT_3D ( 'NONE', #2145, #822, #357 ) ;
#1212 = CARTESIAN_POINT ( 'NONE',  ( 199.9999999999999716, 218.0000000000000000, 0.000000000000000000 ) ) ;
#1213 = ORIENTED_EDGE ( 'NONE', *, *, #2499, .T. ) ;
#1214 = CARTESIAN_POINT ( 'NONE',  ( 69.99989019476750229, 169.9997977271962952, -0.6480398911906214421 ) ) ;
#1215 = EDGE_LOOP ( 'NONE', ( #1995, #14 ) ) ;
#1216 = DIRECTION ( 'NONE',  ( 0.000000000000000000, 0.000000000000000000, -1.000000000000000000 ) ) ;
#1217 = LINE ( 'NONE', #2443, #702 ) ;
#1218 = LINE ( 'NONE', #1629, #2554 ) ;
#1219 = ORIENTED_EDGE ( 'NONE', *, *, #1816, .T. ) ;
#1220 = ADVANCED_FACE ( 'NONE', ( #784, #1178 ), #336, .T. ) ;
#1221 = CARTESIAN_POINT ( 'NONE',  ( 61.68678741718174763, 98.28713617627168730, 17.53426798524981223 ) ) ;
#1222 = ORIENTED_EDGE ( 'NONE', *, *, #142, .T. ) ;
#1223 = FACE_OUTER_BOUND ( 'NONE', #2612, .T. ) ;
#1224 = CARTESIAN_POINT ( 'NONE',  ( 61.00210621284593060, 115.6822185827282112, 34.33834974300327048 ) ) ;
#1225 = CARTESIAN_POINT ( 'NONE',  ( -76.21023553303099618, 20.00000000000001776, 43.99999999999928946 ) ) ;
#1226 = VECTOR ( 'NONE', #551, 1000.000000000000000 ) ;
#1227 = DIRECTION ( 'NONE',  ( 0.000000000000000000, 0.000000000000000000, -1.000000000000000000 ) ) ;
#1228 = FACE_OUTER_BOUND ( 'NONE', #1342, .T. ) ;
#1229 = EDGE_LOOP ( 'NONE', ( #1852, #163, #1121, #2085 ) ) ;
#1230 = AXIS2_PLACEMENT_3D ( 'NONE', #1685, #1906, #2576 ) ;
#1231 = DIRECTION ( 'NONE',  ( 0.000000000000000000, 0.000000000000000000, -1.000000000000000000 ) ) ;
#1232 = FACE_BOUND ( 'NONE', #2032, .T. ) ;
#1233 = PRODUCT_DEFINITION ( 'UNKNOWN', '', #2004, #1951 ) ;
#1234 = DIRECTION ( 'NONE',  ( -0.000000000000000000, -1.000000000000000000, -0.000000000000000000 ) ) ;
#1235 = ORIENTED_EDGE ( 'NONE', *, *, #731, .T. ) ;
#1236 = EDGE_CURVE ( 'NONE', #2560, #2491, #2093, .T. ) ;
#1237 = FACE_OUTER_BOUND ( 'NONE', #177, .T. ) ;
#1238 = EDGE_LOOP ( 'NONE', ( #1450, #137, #1327, #1035 ) ) ;
#1239 = CARTESIAN_POINT ( 'NONE',  ( 0.000000000000000000, 49.00000000000000711, 0.000000000000000000 ) ) ;
#1240 = EDGE_CURVE ( 'NONE', #398, #461, #2677, .T. ) ;
#1241 = FACE_OUTER_BOUND ( 'NONE', #2341, .T. ) ;
#1242 = CARTESIAN_POINT ( 'NONE',  ( 1.102182119232618069E-14, 254.0000000000000000, 90.00000000000000000 ) ) ;
#1243 = CARTESIAN_POINT ( 'NONE',  ( -76.21023553303007247, 274.0009999999999764, -44.00000000000088818 ) ) ;
#1244 =( NAMED_UNIT ( * ) PLANE_ANGLE_UNIT ( ) SI_UNIT ( $, .RADIAN. ) );
#1245 = EDGE_LOOP ( 'NONE', ( #678, #1539 ) ) ;
#1246 = FACE_OUTER_BOUND ( 'NONE', #1743, .T. ) ;
#1247 = CARTESIAN_POINT ( 'NONE',  ( 0.000000000000000000, 268.0000000000000000, 0.000000000000000000 ) ) ;
#1248 = ORIENTED_EDGE ( 'NONE', *, *, #554, .T. ) ;
#1249 = AXIS2_PLACEMENT_3D ( 'NONE', #152, #1954, #1052 ) ;
#1250 = CIRCLE ( 'NONE', #1487, 25.00000000000000000 ) ;
#1251 = CARTESIAN_POINT ( 'NONE',  ( 0.000000000000000000, 254.0000000000000000, 121.0000000000000000 ) ) ;
#1252 = ORIENTED_EDGE ( 'NONE', *, *, #1090, .F. ) ;
#1253 = FACE_OUTER_BOUND ( 'NONE', #855, .T. ) ;
#1254 = B_SPLINE_CURVE_WITH_KNOTS ( 'NONE', 3,
 ( #1071, #1708, #1944, #2404, #799, #595, #170, #2865, #1691, #2585, #1531, #156, #2850, #841, #2626, #826, #2420, #583, #1721, #624, #2894, #231, #1098, #419, #1559, #448, #1142, #2031, #1589, #2044, #2447, #460, #1573, #694, #664, #2671, #883, #1312, #1129, #925, #1781, #1825, #710, #2224, #1810, #2460, #15, #1355, #1370, #1, #1114, #2251, #2017, #216, #245, #868, #910, #200, #1605, #897, #2477, #1085, #1796, #1326, #1341, #2210, #1988, #2702, #2689, #474, #2265, #2001, #258, #1545 ),
 .UNSPECIFIED., .F., .F.,
 ( 4, 2, 2, 2, 2, 2, 2, 2, 2, 2, 2, 2, 2, 2, 2, 2, 2, 2, 2, 2, 2, 2, 2, 2, 2, 2, 2, 2, 2, 2, 2, 2, 2, 2, 2, 2, 4 ),
 ( 0.04033853117252746839, 0.04618802116823923776, 0.04911276616609516060, 0.05203751116395109039, 0.05788700115966293608, 0.06373649115537477483, 0.06666123615323066298, 0.06958598115108655113, 0.07543547114679843846, 0.08128496114251029803, 0.08420970614036624169, 0.08713445113822215760, 0.09883343112964582122, 0.1046829211253576530, 0.1076076661232135689, 0.1105324111210695126, 0.1222313911124931207, 0.1251561361103490366, 0.1280808811082049248, 0.1339303711039167566, 0.1397798610996285884, 0.1427046060974844766, 0.1456293510953403925, 0.1573283310867640561, 0.1602530760846199720, 0.1631778210824759157, 0.1690273110781877475, 0.1748768010738995793, 0.1778015460717554674, 0.1807262910696113556, 0.1924252710610349359, 0.1982747610567467678, 0.2041242510524585718, 0.2099737410481703759, 0.2128984860460262640, 0.2158232310438821522, 0.2275222110353056493 ),
 .UNSPECIFIED. ) ;
#1255 = CARTESIAN_POINT ( 'NONE',  ( 0.000000000000000000, 1.466026458109733990E-15, 0.000000000000000000 ) ) ;
#1256 = DIRECTION ( 'NONE',  ( 0.000000000000000000, 0.000000000000000000, -1.000000000000000000 ) ) ;
#1257 = EDGE_CURVE ( 'NONE', #540, #8, #292, .T. ) ;
#1258 = VECTOR ( 'NONE', #2186, 1000.000000000000000 ) ;
#1259 = FACE_OUTER_BOUND ( 'NONE', #2461, .T. ) ;
#1260 = CYLINDRICAL_SURFACE ( 'NONE', #736, 38.00000000000000000 ) ;
#1261 = ORIENTED_EDGE ( 'NONE', *, *, #1273, .T. ) ;
#1262 = VECTOR ( 'NONE', #56, 1000.000000000000000 ) ;
#1263 = CARTESIAN_POINT ( 'NONE',  ( 96.99484522385648688, 274.0000000000000000, 47.00000000000113687 ) ) ;
#1264 = DIRECTION ( 'NONE',  ( -0.000000000000000000, -1.000000000000000000, -0.000000000000000000 ) ) ;
#1265 = VERTEX_POINT ( 'NONE', #2792 ) ;
#1266 = VECTOR ( 'NONE', #1030, 1000.000000000000000 ) ;
#1267 = DIRECTION ( 'NONE',  ( 0.000000000000000000, 0.000000000000000000, -1.000000000000000000 ) ) ;
#1268 = VERTEX_POINT ( 'NONE', #2296 ) ;
#1269 = CIRCLE ( 'NONE', #751, 8.999999999999994671 ) ;
#1270 = FACE_BOUND ( 'NONE', #489, .T. ) ;
#1271 = CYLINDRICAL_SURFACE ( 'NONE', #1328, 90.00000000000001421 ) ;
#1272 = EDGE_LOOP ( 'NONE', ( #311, #1188, #1715, #211 ) ) ;
#1273 = EDGE_CURVE ( 'NONE', #2455, #272, #1209, .T. ) ;
#1274 = FACE_OUTER_BOUND ( 'NONE', #2582, .T. ) ;
#1275 = VECTOR ( 'NONE', #1376, 1000.000000000000000 ) ;
#1276 = ORIENTED_EDGE ( 'NONE', *, *, #204, .T. ) ;
#1277 = CYLINDRICAL_SURFACE ( 'NONE', #2899, 38.00000000000000000 ) ;
#1278 = FACE_OUTER_BOUND ( 'NONE', #2568, .T. ) ;
#1279 = ORIENTED_EDGE ( 'NONE', *, *, #594, .F. ) ;
#1280 = AXIS2_PLACEMENT_3D ( 'NONE', #1668, #555, #1449 ) ;
#1281 = DIRECTION ( 'NONE',  ( -0.000000000000000000, -1.000000000000000000, -0.000000000000000000 ) ) ;
#1282 = EDGE_LOOP ( 'NONE', ( #1931, #255, #1644, #1729 ) ) ;
#1283 = DIRECTION ( 'NONE',  ( -0.000000000000000000, -1.000000000000000000, -0.000000000000000000 ) ) ;
#1284 = DIRECTION ( 'NONE',  ( 0.000000000000000000, 0.000000000000000000, -1.000000000000000000 ) ) ;
#1285 = DIRECTION ( 'NONE',  ( 0.000000000000000000, 0.000000000000000000, -1.000000000000000000 ) ) ;
#1286 = DIRECTION ( 'NONE',  ( 0.000000000000000000, 0.000000000000000000, -1.000000000000000000 ) ) ;
#1287 = ORIENTED_EDGE ( 'NONE', *, *, #1507, .F. ) ;
#1288 = AXIS2_PLACEMENT_3D ( 'NONE', #2081, #509, #52 ) ;
#1289 = ORIENTED_EDGE ( 'NONE', *, *, #2890, .F. ) ;
#1290 = ADVANCED_FACE ( 'NONE', ( #1859 ), #1651, .F. ) ;
#1291 = CARTESIAN_POINT ( 'NONE',  ( 76.66671460384272052, 98.13801289552868923, 47.19725250014914053 ) ) ;
#1292 = PLANE ( 'NONE',  #2605 ) ;
#1293 = VERTEX_POINT ( 'NONE', #1636 ) ;
#1294 = AXIS2_PLACEMENT_3D ( 'NONE', #192, #2547, #860 ) ;
#1295 = ADVANCED_FACE ( 'NONE', ( #987 ), #522, .F. ) ;
#1296 = DIRECTION ( 'NONE',  ( 0.000000000000000000, 0.000000000000000000, -1.000000000000000000 ) ) ;
#1297 = EDGE_LOOP ( 'NONE', ( #2529, #839, #2878, #1766 ) ) ;
#1298 = DIRECTION ( 'NONE',  ( -0.000000000000000000, -1.000000000000000000, -0.000000000000000000 ) ) ;
#1299 = DIRECTION ( 'NONE',  ( 0.000000000000000000, 0.000000000000000000, 1.000000000000000000 ) ) ;
#1300 = CARTESIAN_POINT ( 'NONE',  ( -96.99484522385688479, 274.0000000000000000, -56.00000000000046185 ) ) ;
#1301 = LINE ( 'NONE', #2492, #1799 ) ;
#1302 = EDGE_LOOP ( 'NONE', ( #1430, #2859, #2262, #1907 ) ) ;
#1303 = ORIENTED_EDGE ( 'NONE', *, *, #1616, .F. ) ;
#1304 = AXIS2_PLACEMENT_3D ( 'NONE', #2216, #2783, #776 ) ;
#1305 = VECTOR ( 'NONE', #376, 1000.000000000000000 ) ;
#1306 = CARTESIAN_POINT ( 'NONE',  ( 68.81860213634102763, 131.1587574023338050, 58.00000000000000711 ) ) ;
#1307 = DIRECTION ( 'NONE',  ( 0.000000000000000000, 0.000000000000000000, -1.000000000000000000 ) ) ;
#1308 = ORIENTED_EDGE ( 'NONE', *, *, #395, .F. ) ;
#1309 = EDGE_CURVE ( 'NONE', #1265, #2887, #1664, .T. ) ;
#1310 = VECTOR ( 'NONE', #19, 1000.000000000000000 ) ;
#1311 = AXIS2_PLACEMENT_3D ( 'NONE', #1455, #118, #1009 ) ;
#1312 = CARTESIAN_POINT ( 'NONE',  ( 89.93452064393797230, 189.8985407875431690, 3.945312830996389852 ) ) ;
#1313 = VERTEX_POINT ( 'NONE', #1505 ) ;
#1314 = EDGE_CURVE ( 'NONE', #47, #636, #806, .T. ) ;
#1315 = CARTESIAN_POINT ( 'NONE',  ( 60.29883906436465679, 98.02513639397517409, -17.02084481965357199 ) ) ;
#1316 = FACE_OUTER_BOUND ( 'NONE', #2333, .T. ) ;
#1317 = DIRECTION ( 'NONE',  ( 0.000000000000000000, 0.000000000000000000, -1.000000000000000000 ) ) ;
#1318 = LINE ( 'NONE', #1551, #59 ) ;
#1319 = VERTEX_POINT ( 'NONE', #857 ) ;
#1320 = EDGE_LOOP ( 'NONE', ( #1580, #71 ) ) ;
#1321 = AXIS2_PLACEMENT_3D ( 'NONE', #393, #408, #2602 ) ;
#1322 = CYLINDRICAL_SURFACE ( 'NONE', #933, 9.000000000000001776 ) ;
#1323 = CARTESIAN_POINT ( 'NONE',  ( 58.95221073220011476, 137.0431653504190308, -37.74901767612791303 ) ) ;
#1324 = VERTEX_POINT ( 'NONE', #2642 ) ;
#1325 = VECTOR ( 'NONE', #1693, 1000.000000000000000 ) ;
#1326 = CARTESIAN_POINT ( 'NONE',  ( 73.54015438564202611, 157.9705978107207329, -51.89419271237132136 ) ) ;
#1327 = ORIENTED_EDGE ( 'NONE', *, *, #1558, .T. ) ;
#1328 = AXIS2_PLACEMENT_3D ( 'NONE', #1698, #2542, #989 ) ;
#1329 = ADVANCED_FACE ( 'NONE', ( #378, #1270, #2167, #158, #1044, #2355, #366, #1241 ), #2855, .F. ) ;
#1330 = CARTESIAN_POINT ( 'NONE',  ( 62.56713600439363177, 98.64516836009795497, -18.20740314073347932 ) ) ;
#1331 = CARTESIAN_POINT ( 'NONE',  ( 180.0000000000000000, 132.0000000000000000, 58.00000000000000000 ) ) ;
#1332 = EDGE_CURVE ( 'NONE', #527, #2755, #943, .T. ) ;
#1333 = DIRECTION ( 'NONE',  ( -0.000000000000000000, -1.000000000000000000, -0.000000000000000000 ) ) ;
#1334 = CARTESIAN_POINT ( 'NONE',  ( 199.9999999999999716, 132.0000000000000000, -110.0000000000000000 ) ) ;
#1335 = VERTEX_POINT ( 'NONE', #1057 ) ;
#1336 = ORIENTED_EDGE ( 'NONE', *, *, #2136, .F. ) ;
#1337 = DIRECTION ( 'NONE',  ( 0.000000000000000000, 0.000000000000000000, -1.000000000000000000 ) ) ;
#1338 = AXIS2_PLACEMENT_3D ( 'NONE', #480, #757, #263 ) ;
#1339 = DIRECTION ( 'NONE',  ( -0.8660254037844431485, 0.000000000000000000, 0.4999999999999922284 ) ) ;
#1340 = ORIENTED_EDGE ( 'NONE', *, *, #1798, .F. ) ;
#1341 = CARTESIAN_POINT ( 'NONE',  ( 72.96036027651474853, 156.2880678021959966, -52.70301540763048109 ) ) ;
#1342 = EDGE_LOOP ( 'NONE', ( #2256, #996, #1966, #606 ) ) ;
#1343 = B_SPLINE_CURVE_WITH_KNOTS ( 'NONE', 3,
 ( #1347, #38, #2468, #1119, #1832, #903, #2723, #714, #1193, #51, #1224, #973, #277, #1890, #1622, #2574 ),
 .UNSPECIFIED., .F., .F.,
 ( 4, 2, 2, 2, 2, 2, 2, 4 ),
 ( 0.1504649406864076722, 0.1577171672296556471, 0.1595302238654676408, 0.1613432805012796345, 0.1649693937729035942, 0.1685955070445275261, 0.1722216203161514858, 0.1794738468593993774 ),
 .UNSPECIFIED. ) ;
#1344 = CARTESIAN_POINT ( 'NONE',  ( 64.92465353007219164, 102.4189441967866969, -23.86220252134924280 ) ) ;
#1345 = DIRECTION ( 'NONE',  ( -0.000000000000000000, -1.000000000000000000, -0.000000000000000000 ) ) ;
#1346 = CIRCLE ( 'NONE', #872, 8.999999999999994671 ) ;
#1347 = CARTESIAN_POINT ( 'NONE',  ( 58.78775382679629047, 132.0000000000000000, 38.00000000000000000 ) ) ;
#1348 = EDGE_LOOP ( 'NONE', ( #789, #1014 ) ) ;
#1349 = ORIENTED_EDGE ( 'NONE', *, *, #700, .T. ) ;
#1350 = EDGE_CURVE ( 'NONE', #1050, #153, #586, .T. ) ;
#1351 = CARTESIAN_POINT ( 'NONE',  ( 73.42559259215478562, 106.3633444453198962, 52.05163275226706077 ) ) ;
#1352 = CARTESIAN_POINT ( 'NONE',  ( -135.0010000000000048, 88.99999999999914735, 74.47818472546120461 ) ) ;
#1353 = AXIS2_PLACEMENT_3D ( 'NONE', #846, #1508, #795 ) ;
#1354 = VERTEX_POINT ( 'NONE', #2629 ) ;
#1355 = CARTESIAN_POINT ( 'NONE',  ( 86.88018080768000573, 185.0306832529606140, -23.50890217268711524 ) ) ;
#1356 = ORIENTED_EDGE ( 'NONE', *, *, #1798, .T. ) ;
#1357 = AXIS2_PLACEMENT_3D ( 'NONE', #951, #717, #2299 ) ;
#1358 = CARTESIAN_POINT ( 'NONE',  ( 59.55247862003886894, 94.71048702893450866, -7.351114077455670248 ) ) ;
#1359 = CYLINDRICAL_SURFACE ( 'NONE', #2163, 8.999999999999994671 ) ;
#1360 = B_SPLINE_CURVE_WITH_KNOTS ( 'NONE', 3,
 ( #1092, #1771, #2662, #657, #2230, #1104, #2009, #2901, #2090, #316, #2350, #1174, #944, #531, #349, #1620, #970, #2551 ),
 .UNSPECIFIED., .F., .F.,
 ( 4, 2, 2, 2, 2, 2, 2, 2, 4 ),
 ( 0.000000000000000000, 0.007288015929209933075, 0.01093202389381492216, 0.01275402787611741931, 0.01457603185841991472, 0.02186404778762995188, 0.02550805575223497046, 0.02733005973453747628, 0.02915206371683998557 ),
 .UNSPECIFIED. ) ;
#1361 = DIRECTION ( 'NONE',  ( -1.000000000000000000, -0.000000000000000000, -0.000000000000000000 ) ) ;
#1362 = ORIENTED_EDGE ( 'NONE', *, *, #2516, .T. ) ;
#1363 = FACE_OUTER_BOUND ( 'NONE', #2478, .T. ) ;
#1364 = EDGE_CURVE ( 'NONE', #1567, #1606, #2026, .T. ) ;
#1365 = CARTESIAN_POINT ( 'NONE',  ( 0.000000000000000000, 268.0000000000000000, -70.00000000000000000 ) ) ;
#1366 = CARTESIAN_POINT ( 'NONE',  ( 58.78775382679629757, 134.5343392785438823, -37.99999999999998579 ) ) ;
#1367 = EDGE_LOOP ( 'NONE', ( #232, #2274, #1441, #1779 ) ) ;
#1368 = EDGE_CURVE ( 'NONE', #1040, #815, #1412, .T. ) ;
#1369 = DIRECTION ( 'NONE',  ( -0.000000000000000000, -1.000000000000000000, -0.000000000000000000 ) ) ;
#1370 = CARTESIAN_POINT ( 'NONE',  ( 86.63891592886162130, 184.6346886356055563, -24.38224990756903665 ) ) ;
#1371 = EDGE_LOOP ( 'NONE', ( #2796, #467, #2059, #687 ) ) ;
#1372 = AXIS2_PLACEMENT_3D ( 'NONE', #871, #627, #394 ) ;
#1373 = CARTESIAN_POINT ( 'NONE',  ( 59.14264487297106143, 95.36773818275597137, -10.20896723658811212 ) ) ;
#1374 = AXIS2_PLACEMENT_3D ( 'NONE', #2728, #2766, #308 ) ;
#1375 = DIRECTION ( 'NONE',  ( -1.000000000000000000, -0.000000000000000000, -0.000000000000000000 ) ) ;
#1376 = DIRECTION ( 'NONE',  ( -0.000000000000000000, -1.000000000000000000, -0.000000000000000000 ) ) ;
#1377 = CARTESIAN_POINT ( 'NONE',  ( -135.0010000000000048, 174.9999999999993179, 74.47818472546211410 ) ) ;
#1378 = CARTESIAN_POINT ( 'NONE',  ( 0.000000000000000000, 95.64761515876240594, 0.000000000000000000 ) ) ;
#1379 = CARTESIAN_POINT ( 'NONE',  ( 60.32349131748018323, 145.5371543672270320, 35.51250524919042562 ) ) ;
#1380 = VERTEX_POINT ( 'NONE', #830 ) ;
#1381 = EDGE_CURVE ( 'NONE', #1996, #2560, #758, .T. ) ;
#1382 = CARTESIAN_POINT ( 'NONE',  ( 0.000000000000000000, 95.64761515876240594, 65.00000000000000000 ) ) ;
#1383 = DIRECTION ( 'NONE',  ( 0.000000000000000000, 0.000000000000000000, -1.000000000000000000 ) ) ;
#1384 = ORIENTED_EDGE ( 'NONE', *, *, #1031, .T. ) ;
#1385 = ADVANCED_FACE ( 'NONE', ( #172 ), #1711, .F. ) ;
#1386 = DIRECTION ( 'NONE',  ( -0.000000000000000000, -1.000000000000000000, -0.000000000000000000 ) ) ;
#1387 = DIRECTION ( 'NONE',  ( 0.000000000000000000, 0.000000000000000000, 1.000000000000000000 ) ) ;
#1388 = CARTESIAN_POINT ( 'NONE',  ( 7.592810154713590230E-15, 106.0000000000000000, 62.00000000000000711 ) ) ;
#1389 = CARTESIAN_POINT ( 'NONE',  ( -135.0010000000000048, 46.00000000000002132, 0.000000000000000000 ) ) ;
#1390 = AXIS2_PLACEMENT_3D ( 'NONE', #2142, #2577, #1511 ) ;
#1391 = AXIS2_PLACEMENT_3D ( 'NONE', #1950, #2399, #99 ) ;
#1392 = DIRECTION ( 'NONE',  ( -0.000000000000000000, -1.000000000000000000, -0.000000000000000000 ) ) ;
#1393 = CARTESIAN_POINT ( 'NONE',  ( 69.32120818271326357, 168.7370147151711137, -10.03379930468512526 ) ) ;
#1394 = ORIENTED_EDGE ( 'NONE', *, *, #737, .F. ) ;
#1395 = DIRECTION ( 'NONE',  ( 0.000000000000000000, 0.000000000000000000, 1.000000000000000000 ) ) ;
#1396 = EDGE_CURVE ( 'NONE', #1518, #1984, #1131, .T. ) ;
#1397 = CARTESIAN_POINT ( 'NONE',  ( 79.34416966273641947, 76.52181979265998280, 17.05216434697767269 ) ) ;
#1398 = ORIENTED_EDGE ( 'NONE', *, *, #2382, .T. ) ;
#1399 = VECTOR ( 'NONE', #2611, 1000.000000000000000 ) ;
#1400 = CARTESIAN_POINT ( 'NONE',  ( 62.21441351437561451, 98.48207601463565197, 17.90425619695214365 ) ) ;
#1401 = CARTESIAN_POINT ( 'NONE',  ( 0.000000000000000000, 88.00000000000001421, 0.000000000000000000 ) ) ;
#1402 = CARTESIAN_POINT ( 'NONE',  ( 69.31212917699537002, 123.5854733878573484, -57.41052401742107492 ) ) ;
#1403 = LINE ( 'NONE', #817, #1226 ) ;
#1404 = AXIS2_PLACEMENT_3D ( 'NONE', #1681, #1905, #570 ) ;
#1405 = CARTESIAN_POINT ( 'NONE',  ( 0.000000000000000000, 19.99999999999999645, 68.00000000000000000 ) ) ;
#1406 = CARTESIAN_POINT ( 'NONE',  ( 58.99325476642105315, 137.0771934274639534, 37.68048131015816438 ) ) ;
#1407 = VERTEX_POINT ( 'NONE', #844 ) ;
#1408 = AXIS2_PLACEMENT_3D ( 'NONE', #684, #2522, #2269 ) ;
#1409 = DIRECTION ( 'NONE',  ( 0.000000000000000000, 0.000000000000000000, 1.000000000000000000 ) ) ;
#1410 = CARTESIAN_POINT ( 'NONE',  ( 80.36211003104116912, 88.03871293602615822, -37.84932420372991402 ) ) ;
#1411 = EDGE_LOOP ( 'NONE', ( #2304, #1115, #2822, #1055 ) ) ;
#1412 = CIRCLE ( 'NONE', #6, 8.999999999999994671 ) ;
#1413 = CARTESIAN_POINT ( 'NONE',  ( 199.9999999999999716, 46.00000000000002132, 0.000000000000000000 ) ) ;
#1414 = ORIENTED_EDGE ( 'NONE', *, *, #913, .F. ) ;
#1415 = CARTESIAN_POINT ( 'NONE',  ( 0.000000000000000000, 0.000000000000000000, 0.000000000000000000 ) ) ;
#1416 = VECTOR ( 'NONE', #783, 1000.000000000000000 ) ;
#1417 = ADVANCED_FACE ( 'NONE', ( #141 ), #1029, .F. ) ;
#1418 = CARTESIAN_POINT ( 'NONE',  ( 96.99484522385648688, -0.0009999999999732445133, 56.00000000000112976 ) ) ;
#1419 = DIRECTION ( 'NONE',  ( 0.000000000000000000, -0.000000000000000000, 1.000000000000000000 ) ) ;
#1420 = AXIS2_PLACEMENT_3D ( 'NONE', #132, #1921, #1227 ) ;
#1421 = ADVANCED_FACE ( 'NONE', ( #2614 ), #816, .T. ) ;
#1422 = DIRECTION ( 'NONE',  ( -0.000000000000000000, -1.000000000000000000, -0.000000000000000000 ) ) ;
#1423 = DIRECTION ( 'NONE',  ( -0.000000000000000000, -1.000000000000000000, -0.000000000000000000 ) ) ;
#1424 = ORIENTED_EDGE ( 'NONE', *, *, #864, .T. ) ;
#1425 = CARTESIAN_POINT ( 'NONE',  ( 96.99484522385648688, -0.0009999999999732445133, 56.00000000000112976 ) ) ;
#1426 = CARTESIAN_POINT ( 'NONE',  ( 78.08826497551977752, 74.64741992359672906, -8.658989782524853851 ) ) ;
#1427 = EDGE_LOOP ( 'NONE', ( #413, #1166 ) ) ;
#1428 = CARTESIAN_POINT ( 'NONE',  ( 60.95145320154948365, 98.10328537909558122, 17.17618716162775527 ) ) ;
#1429 = CIRCLE ( 'NONE', #1710, 90.00000000000001421 ) ;
#1430 = ORIENTED_EDGE ( 'NONE', *, *, #521, .T. ) ;
#1431 = LINE ( 'NONE', #269, #2305 ) ;
#1432 = CARTESIAN_POINT ( 'NONE',  ( 69.78626922843417901, 120.3057116556217210, -56.83323100246788329 ) ) ;
#1433 = EDGE_CURVE ( 'NONE', #2326, #1967, #2198, .T. ) ;
#1434 = LINE ( 'NONE', #1520, #623 ) ;
#1435 = FACE_BOUND ( 'NONE', #876, .T. ) ;
#1436 = EDGE_CURVE ( 'NONE', #123, #105, #1462, .T. ) ;
#1437 = CARTESIAN_POINT ( 'NONE',  ( 64.44159542221407833, 158.3983656627907806, 27.34041934583740741 ) ) ;
#1438 = ORIENTED_EDGE ( 'NONE', *, *, #809, .T. ) ;
#1439 = CARTESIAN_POINT ( 'NONE',  ( 0.000000000000000000, 0.000000000000000000, -90.00000000000001421 ) ) ;
#1440 = CARTESIAN_POINT ( 'NONE',  ( 80.74989695051938554, 81.73392682045103186, -28.95708481100646381 ) ) ;
#1441 = ORIENTED_EDGE ( 'NONE', *, *, #936, .T. ) ;
#1442 = CARTESIAN_POINT ( 'NONE',  ( 64.66014205565102202, 105.0617318300169671, 26.83253517777041353 ) ) ;
#1443 = VERTEX_POINT ( 'NONE', #2182 ) ;
#1444 = AXIS2_PLACEMENT_3D ( 'NONE', #2599, #2148, #2390 ) ;
#1445 = DIRECTION ( 'NONE',  ( 0.000000000000000000, 0.000000000000000000, -1.000000000000000000 ) ) ;
#1446 = CARTESIAN_POINT ( 'NONE',  ( 70.07755398601030095, 118.6837103996465430, -56.47507963099891271 ) ) ;
#1447 = DIRECTION ( 'NONE',  ( -0.000000000000000000, -1.000000000000000000, -0.000000000000000000 ) ) ;
#1448 = AXIS2_PLACEMENT_3D ( 'NONE', #1075, #2394, #1284 ) ;
#1449 = DIRECTION ( 'NONE',  ( 0.000000000000000000, 0.000000000000000000, -1.000000000000000000 ) ) ;
#1450 = ORIENTED_EDGE ( 'NONE', *, *, #503, .F. ) ;
#1451 = FACE_OUTER_BOUND ( 'NONE', #593, .T. ) ;
#1452 = ORIENTED_EDGE ( 'NONE', *, *, #1314, .T. ) ;
#1453 = EDGE_CURVE ( 'NONE', #1097, #1473, #1554, .T. ) ;
#1454 = FACE_OUTER_BOUND ( 'NONE', #1457, .T. ) ;
#1455 = CARTESIAN_POINT ( 'NONE',  ( 7.960204194457797252E-15, 95.64761515876240594, -65.00000000000000000 ) ) ;
#1456 = FACE_BOUND ( 'NONE', #556, .T. ) ;
#1457 = EDGE_LOOP ( 'NONE', ( #2711, #2625, #1235, #735 ) ) ;
#1458 = ADVANCED_FACE ( 'NONE', ( #1146 ), #698, .F. ) ;
#1459 = CARTESIAN_POINT ( 'NONE',  ( 63.38287484937729488, 99.17372505787709258, 19.15030046605694025 ) ) ;
#1460 = ORIENTED_EDGE ( 'NONE', *, *, #2116, .T. ) ;
#1461 = CARTESIAN_POINT ( 'NONE',  ( 0.000000000000000000, 106.0000000000000000, 0.000000000000000000 ) ) ;
#1462 = CIRCLE ( 'NONE', #2819, 9.000000000000003553 ) ;
#1463 = DIRECTION ( 'NONE',  ( 1.000000000000000000, 0.000000000000000000, 0.000000000000000000 ) ) ;
#1464 = FACE_OUTER_BOUND ( 'NONE', #1282, .T. ) ;
#1465 = CIRCLE ( 'NONE', #2867, 46.00000000000000000 ) ;
#1466 = DIRECTION ( 'NONE',  ( 0.000000000000000000, 0.000000000000000000, -1.000000000000000000 ) ) ;
#1467 = VERTEX_POINT ( 'NONE', #2881 ) ;
#1468 = DIRECTION ( 'NONE',  ( 0.000000000000000000, 0.000000000000000000, -1.000000000000000000 ) ) ;
#1469 = ORIENTED_EDGE ( 'NONE', *, *, #2170, .T. ) ;
#1470 = AXIS2_PLACEMENT_3D ( 'NONE', #673, #1788, #1994 ) ;
#1471 = LINE ( 'NONE', #2816, #2247 ) ;
#1472 = CARTESIAN_POINT ( 'NONE',  ( 0.000000000000000000, 98.00000000000000000, 0.000000000000000000 ) ) ;
#1473 = VERTEX_POINT ( 'NONE', #451 ) ;
#1474 = EDGE_CURVE ( 'NONE', #2668, #2219, #914, .T. ) ;
#1475 = DIRECTION ( 'NONE',  ( 0.8660254037844397068, 0.000000000000000000, -0.4999999999999981126 ) ) ;
#1476 = VERTEX_POINT ( 'NONE', #1534 ) ;
#1477 = ADVANCED_FACE ( 'NONE', ( #233 ), #1593, .F. ) ;
#1478 = CARTESIAN_POINT ( 'NONE',  ( 0.000000000000000000, 274.0000000000000000, -79.00000000000000000 ) ) ;
#1479 = DIRECTION ( 'NONE',  ( 0.000000000000000000, 0.000000000000000000, -1.000000000000000000 ) ) ;
#1480 = DIRECTION ( 'NONE',  ( 0.000000000000000000, 1.000000000000000000, 0.000000000000000000 ) ) ;
#1481 = DIRECTION ( 'NONE',  ( 0.000000000000000000, -0.000000000000000000, 1.000000000000000000 ) ) ;
#1482 = ORIENTED_EDGE ( 'NONE', *, *, #663, .F. ) ;
#1483 = CARTESIAN_POINT ( 'NONE',  ( 9.062386313690424629E-15, 72.32380757938128113, 74.00000000000008527 ) ) ;
#1484 = CARTESIAN_POINT ( 'NONE',  ( 199.9999999999999716, 89.00000000000018474, -74.47818472546180146 ) ) ;
#1485 = ORIENTED_EDGE ( 'NONE', *, *, #1195, .F. ) ;
#1486 = EDGE_CURVE ( 'NONE', #2036, #1072, #2658, .T. ) ;
#1487 = AXIS2_PLACEMENT_3D ( 'NONE', #1005, #2797, #791 ) ;
#1488 = DIRECTION ( 'NONE',  ( 1.224646799147354193E-16, 0.000000000000000000, -1.000000000000000000 ) ) ;
#1489 = EDGE_LOOP ( 'NONE', ( #1773, #2746 ) ) ;
#1490 = EDGE_CURVE ( 'NONE', #2119, #999, #1831, .T. ) ;
#1491 = DIRECTION ( 'NONE',  ( -0.000000000000000000, -1.000000000000000000, -0.000000000000000000 ) ) ;
#1492 = DIRECTION ( 'NONE',  ( 0.000000000000000000, 0.000000000000000000, -1.000000000000000000 ) ) ;
#1493 = CIRCLE ( 'NONE', #2467, 9.000000000000000000 ) ;
#1494 = DIRECTION ( 'NONE',  ( 0.000000000000000000, 0.000000000000000000, -1.000000000000000000 ) ) ;
#1495 = EDGE_LOOP ( 'NONE', ( #2545, #584 ) ) ;
#1496 = CARTESIAN_POINT ( 'NONE',  ( 0.000000000000000000, 0.000000000000000000, 0.000000000000000000 ) ) ;
#1497 = ORIENTED_EDGE ( 'NONE', *, *, #2248, .F. ) ;
#1498 = CARTESIAN_POINT ( 'NONE',  ( 9.674709713264090904E-15, 268.0000000000000000, 79.00000000000000000 ) ) ;
#1499 = DIRECTION ( 'NONE',  ( 0.000000000000000000, 0.000000000000000000, -1.000000000000000000 ) ) ;
#1500 = ORIENTED_EDGE ( 'NONE', *, *, #2099, .F. ) ;
#1501 = CIRCLE ( 'NONE', #243, 9.000000000000000000 ) ;
#1502 = DIRECTION ( 'NONE',  ( 1.000000000000000000, 0.000000000000000000, 0.000000000000000000 ) ) ;
#1503 = ORIENTED_EDGE ( 'NONE', *, *, #1486, .F. ) ;
#1504 = AXIS2_PLACEMENT_3D ( 'NONE', #945, #2282, #1846 ) ;
#1505 = CARTESIAN_POINT ( 'NONE',  ( -76.21023553303099618, 20.00000000000001776, 52.99999999999928235 ) ) ;
#1506 = CARTESIAN_POINT ( 'NONE',  ( 0.000000000000000000, -0.0009999999999732445133, 112.0000000000000000 ) ) ;
#1507 = EDGE_CURVE ( 'NONE', #881, #2307, #2048, .T. ) ;
#1508 = DIRECTION ( 'NONE',  ( -0.000000000000000000, -1.000000000000000000, -0.000000000000000000 ) ) ;
#1509 = CARTESIAN_POINT ( 'NONE',  ( 199.9999999999999716, 89.00000000000018474, -74.47818472546180146 ) ) ;
#1510 = EDGE_LOOP ( 'NONE', ( #85, #1083, #1261, #2851 ) ) ;
#1511 = DIRECTION ( 'NONE',  ( 0.000000000000000000, 0.000000000000000000, -1.000000000000000000 ) ) ;
#1512 = AXIS2_PLACEMENT_3D ( 'NONE', #1961, #1947, #2868 ) ;
#1513 = VERTEX_POINT ( 'NONE', #2422 ) ;
#1514 = CARTESIAN_POINT ( 'NONE',  ( -135.0010000000000048, 98.00000000000000000, -16.97056274847713553 ) ) ;
#1515 = FACE_BOUND ( 'NONE', #2204, .T. ) ;
#1516 = ORIENTED_EDGE ( 'NONE', *, *, #418, .F. ) ;
#1517 = CARTESIAN_POINT ( 'NONE',  ( 0.000000000000000000, 0.000000000000000000, -88.00000000000000000 ) ) ;
#1518 = VERTEX_POINT ( 'NONE', #2675 ) ;
#1519 = CARTESIAN_POINT ( 'NONE',  ( 0.000000000000000000, 20.00000000000001776, -88.00000000000000000 ) ) ;
#1520 = CARTESIAN_POINT ( 'NONE',  ( 96.99484522385648688, -0.0009999999999732445133, 47.00000000000113687 ) ) ;
#1521 = EDGE_CURVE ( 'NONE', #369, #212, #225, .T. ) ;
#1522 = CARTESIAN_POINT ( 'NONE',  ( 180.0000000000000000, 132.0000000000000000, 0.000000000000000000 ) ) ;
#1523 = CARTESIAN_POINT ( 'NONE',  ( 96.99484522385648688, 274.0000000000000000, 56.00000000000112976 ) ) ;
#1524 = VERTEX_POINT ( 'NONE', #1263 ) ;
#1525 = ORIENTED_EDGE ( 'NONE', *, *, #1866, .T. ) ;
#1526 = EDGE_CURVE ( 'NONE', #334, #2036, #607, .T. ) ;
#1527 = DIRECTION ( 'NONE',  ( -0.000000000000000000, 1.000000000000000000, -0.000000000000000000 ) ) ;
#1528 = DIRECTION ( 'NONE',  ( -0.000000000000000000, -1.000000000000000000, -0.000000000000000000 ) ) ;
#1529 = ORIENTED_EDGE ( 'NONE', *, *, #1145, .F. ) ;
#1530 = AXIS2_PLACEMENT_3D ( 'NONE', #1522, #1964, #1317 ) ;
#1531 = CARTESIAN_POINT ( 'NONE',  ( 71.87280687082548525, 152.7949959531985655, 54.17684166614039754 ) ) ;
#1532 = VERTEX_POINT ( 'NONE', #103 ) ;
#1533 = AXIS2_PLACEMENT_3D ( 'NONE', #2624, #2567, #2817 ) ;
#1534 = CARTESIAN_POINT ( 'NONE',  ( -76.21023553303099618, 0.000000000000000000, 34.99999999999929656 ) ) ;
#1535 = DIRECTION ( 'NONE',  ( 1.000000000000000000, 0.000000000000000000, 0.000000000000000000 ) ) ;
#1536 = CARTESIAN_POINT ( 'NONE',  ( -135.0010000000000048, 175.0000000000003695, -83.47818472546151725 ) ) ;
#1537 = FACE_OUTER_BOUND ( 'NONE', #638, .T. ) ;
#1538 = ORIENTED_EDGE ( 'NONE', *, *, #2724, .F. ) ;
#1539 = ORIENTED_EDGE ( 'NONE', *, *, #931, .F. ) ;
#1540 = AXIS2_PLACEMENT_3D ( 'NONE', #2217, #1162, #629 ) ;
#1541 = CYLINDRICAL_SURFACE ( 'NONE', #794, 8.999999999999994671 ) ;
#1542 = DIRECTION ( 'NONE',  ( 0.000000000000000000, 0.000000000000000000, -1.000000000000000000 ) ) ;
#1543 = ORIENTED_EDGE ( 'NONE', *, *, #91, .T. ) ;
#1544 = EDGE_CURVE ( 'NONE', #719, #1567, #2374, .T. ) ;
#1545 = CARTESIAN_POINT ( 'NONE',  ( 68.81860213634105605, 132.0000000000000284, -58.00000000000000711 ) ) ;
#1546 = VERTEX_POINT ( 'NONE', #1483 ) ;
#1547 = CARTESIAN_POINT ( 'NONE',  ( 57.54997827975262936, 98.00000000000000000, -16.97056274847713553 ) ) ;
#1548 = DIRECTION ( 'NONE',  ( -0.000000000000000000, -1.000000000000000000, -0.000000000000000000 ) ) ;
#1549 = CIRCLE ( 'NONE', #2, 61.99999999999995026 ) ;
#1550 = LINE ( 'NONE', #2270, #435 ) ;
#1551 = CARTESIAN_POINT ( 'NONE',  ( 76.21023553303069775, 274.0009999999999764, -52.99999999999981526 ) ) ;
#1552 = VERTEX_POINT ( 'NONE', #2595 ) ;
#1553 = EDGE_LOOP ( 'NONE', ( #120, #2162, #939, #1690 ) ) ;
#1554 = CIRCLE ( 'NONE', #189, 8.999999999999994671 ) ;
#1555 = CARTESIAN_POINT ( 'NONE',  ( -135.0010000000000048, 132.0000000000000000, 0.000000000000000000 ) ) ;
#1556 = ORIENTED_EDGE ( 'NONE', *, *, #1526, .F. ) ;
#1557 = AXIS2_PLACEMENT_3D ( 'NONE', #2092, #2352, #1649 ) ;
#1558 = EDGE_CURVE ( 'NONE', #2362, #1407, #1471, .T. ) ;
#1559 = CARTESIAN_POINT ( 'NONE',  ( 82.69302601162443978, 177.8809933965288508, 35.67498883109634278 ) ) ;
#1560 = VERTEX_POINT ( 'NONE', #2129 ) ;
#1561 = CIRCLE ( 'NONE', #481, 9.000000000000000000 ) ;
#1562 = EDGE_CURVE ( 'NONE', #917, #1011, #2853, .T. ) ;
#1563 = CARTESIAN_POINT ( 'NONE',  ( 64.69882276135348320, 101.2113910253326168, -22.28176088855991566 ) ) ;
#1564 = CARTESIAN_POINT ( 'NONE',  ( -76.21023553303099618, 0.000000000000000000, 52.99999999999928235 ) ) ;
#1565 = CARTESIAN_POINT ( 'NONE',  ( -135.0010000000000048, 88.99999999999914735, 74.47818472546120461 ) ) ;
#1566 = DIRECTION ( 'NONE',  ( 0.000000000000000000, 0.000000000000000000, -1.000000000000000000 ) ) ;
#1567 = VERTEX_POINT ( 'NONE', #2623 ) ;
#1568 = ORIENTED_EDGE ( 'NONE', *, *, #164, .F. ) ;
#1569 = CARTESIAN_POINT ( 'NONE',  ( 0.000000000000000000, 254.0000000000000000, 0.000000000000000000 ) ) ;
#1570 = AXIS2_PLACEMENT_3D ( 'NONE', #1389, #974, #2066 ) ;
#1571 = DIRECTION ( 'NONE',  ( 0.000000000000000000, 0.000000000000000000, -1.000000000000000000 ) ) ;
#1572 = ORIENTED_EDGE ( 'NONE', *, *, #432, .T. ) ;
#1573 = CARTESIAN_POINT ( 'NONE',  ( 88.73586467398682487, 188.0216277894098198, 15.51937653141447271 ) ) ;
#1574 = VERTEX_POINT ( 'NONE', #604 ) ;
#1575 = CARTESIAN_POINT ( 'NONE',  ( 8.572527594031472993E-15, 0.000000000000000000, 70.00000000000000000 ) ) ;
#1576 = DIRECTION ( 'NONE',  ( 0.000000000000000000, 0.000000000000000000, -1.000000000000000000 ) ) ;
#1577 = CIRCLE ( 'NONE', #2414, 8.999999999999996447 ) ;
#1578 = EDGE_CURVE ( 'NONE', #1709, #609, #1940, .T. ) ;
#1579 = CARTESIAN_POINT ( 'NONE',  ( 1.102182119232617319E-15, 274.0009999999999764, 96.99999999999998579 ) ) ;
#1580 = ORIENTED_EDGE ( 'NONE', *, *, #2631, .F. ) ;
#1581 = APPLICATION_PROTOCOL_DEFINITION ( 'draft international standard', 'automotive_design', 1998, #2832 ) ;
#1582 = ORIENTED_EDGE ( 'NONE', *, *, #2539, .F. ) ;
#1583 = DIRECTION ( 'NONE',  ( -0.000000000000000000, -1.000000000000000000, -0.000000000000000000 ) ) ;
#1584 = CARTESIAN_POINT ( 'NONE',  ( 76.21023553303041354, 274.0009999999999764, 44.00000000000035527 ) ) ;
#1585 = AXIS2_PLACEMENT_3D ( 'NONE', #2023, #2494, #2008 ) ;
#1586 = AXIS2_PLACEMENT_3D ( 'NONE', #2076, #63, #2736 ) ;
#1587 = ORIENTED_EDGE ( 'NONE', *, *, #244, .F. ) ;
#1588 = CARTESIAN_POINT ( 'NONE',  ( 0.000000000000000000, 95.64761515876240594, 0.000000000000000000 ) ) ;
#1589 = CARTESIAN_POINT ( 'NONE',  ( 86.12647844519383966, 183.7868661346231818, 26.13477174200556163 ) ) ;
#1590 = VERTEX_POINT ( 'NONE', #777 ) ;
#1591 = AXIS2_PLACEMENT_3D ( 'NONE', #887, #1785, #1089 ) ;
#1592 = VECTOR ( 'NONE', #135, 1000.000000000000000 ) ;
#1593 = CYLINDRICAL_SURFACE ( 'NONE', #2152, 8.999999999999994671 ) ;
#1594 = FACE_OUTER_BOUND ( 'NONE', #2105, .T. ) ;
#1595 = FACE_BOUND ( 'NONE', #1427, .T. ) ;
#1596 = ORIENTED_EDGE ( 'NONE', *, *, #1396, .T. ) ;
#1597 = EDGE_CURVE ( 'NONE', #516, #1513, #1116, .T. ) ;
#1598 = DIRECTION ( 'NONE',  ( 0.000000000000000000, 0.000000000000000000, -1.000000000000000000 ) ) ;
#1599 = DIRECTION ( 'NONE',  ( 0.000000000000000000, 0.000000000000000000, -1.000000000000000000 ) ) ;
#1600 = ADVANCED_FACE ( 'NONE', ( #2160 ), #1673, .T. ) ;
#1601 = CARTESIAN_POINT ( 'NONE',  ( 67.90472223227598647, 165.9868421798352074, -17.00828275174721682 ) ) ;
#1602 = ORIENTED_EDGE ( 'NONE', *, *, #1257, .T. ) ;
#1603 = AXIS2_PLACEMENT_3D ( 'NONE', #440, #1333, #262 ) ;
#1604 = LINE ( 'NONE', #940, #2276 ) ;
#1605 = CARTESIAN_POINT ( 'NONE',  ( 80.38937715683577778, 173.5543779312713468, -40.47320062007698027 ) ) ;
#1606 = VERTEX_POINT ( 'NONE', #1498 ) ;
#1607 = CIRCLE ( 'NONE', #101, 68.00000000000000000 ) ;
#1608 = AXIS2_PLACEMENT_3D ( 'NONE', #510, #818, #98 ) ;
#1609 = CARTESIAN_POINT ( 'NONE',  ( 180.0000000000000000, 132.0000000000000000, 0.000000000000000000 ) ) ;
#1610 = CARTESIAN_POINT ( 'NONE',  ( 1.102182119232617517E-15, 0.000000000000000000, 96.99999999999998579 ) ) ;
#1611 = FACE_OUTER_BOUND ( 'NONE', #762, .T. ) ;
#1612 = ADVANCED_FACE ( 'NONE', ( #2566, #150, #563, #2344, #1232, #1716, #1246, #2608 ), #1023, .T. ) ;
#1613 = DIRECTION ( 'NONE',  ( 0.000000000000000000, 0.000000000000000000, -1.000000000000000000 ) ) ;
#1614 = CARTESIAN_POINT ( 'NONE',  ( 67.01633668320337733, 164.1800986319771596, 20.24743714620796808 ) ) ;
#1615 = ORIENTED_EDGE ( 'NONE', *, *, #1123, .F. ) ;
#1616 = EDGE_CURVE ( 'NONE', #1140, #964, #328, .T. ) ;
#1617 = DIRECTION ( 'NONE',  ( 0.000000000000000000, 0.000000000000000000, 1.000000000000000000 ) ) ;
#1618 = CARTESIAN_POINT ( 'NONE',  ( 80.79065325184261326, 82.27738558412815451, 29.88053023886385873 ) ) ;
#1619 = EDGE_LOOP ( 'NONE', ( #2237, #2103, #139, #904 ) ) ;
#1620 = CARTESIAN_POINT ( 'NONE',  ( 58.79721948805831033, 130.7804905261675970, -37.98536844319625772 ) ) ;
#1621 = CARTESIAN_POINT ( 'NONE',  ( -96.99484522385688479, -0.0009999999999732445133, -47.00000000000046185 ) ) ;
#1622 = CARTESIAN_POINT ( 'NONE',  ( 63.58607080516881638, 107.7171926652266478, 29.32387309832048317 ) ) ;
#1623 = DIRECTION ( 'NONE',  ( 0.000000000000000000, 1.000000000000000000, 0.000000000000000000 ) ) ;
#1624 = CIRCLE ( 'NONE', #1102, 60.00000000000000000 ) ;
#1625 = CARTESIAN_POINT ( 'NONE',  ( 96.99484522385765217, 274.0000000000000000, -55.99999999999909761 ) ) ;
#1626 = CARTESIAN_POINT ( 'NONE',  ( 60.45781664386824161, 146.1229712294096998, 35.28356423691543142 ) ) ;
#1627 = ORIENTED_EDGE ( 'NONE', *, *, #2047, .F. ) ;
#1628 = DIRECTION ( 'NONE',  ( 1.000000000000000000, 0.000000000000000000, 0.000000000000000000 ) ) ;
#1629 = CARTESIAN_POINT ( 'NONE',  ( -96.99484522385726848, -0.0009999999999732445133, 46.99999999999978684 ) ) ;
#1630 = ORIENTED_EDGE ( 'NONE', *, *, #2197, .T. ) ;
#1631 = ADVANCED_FACE ( 'NONE', ( #1038 ), #1277, .F. ) ;
#1632 = AXIS2_PLACEMENT_3D ( 'NONE', #1517, #1013, #2133 ) ;
#1633 = DIRECTION ( 'NONE',  ( 1.000000000000000000, 0.000000000000000000, 0.000000000000000000 ) ) ;
#1634 = EDGE_CURVE ( 'NONE', #807, #2887, #2756, .T. ) ;
#1635 = DIRECTION ( 'NONE',  ( 0.000000000000000000, 0.000000000000000000, -1.000000000000000000 ) ) ;
#1636 = CARTESIAN_POINT ( 'NONE',  ( 68.81860213634101342, 132.0000000000000000, 58.00000000000000000 ) ) ;
#1637 = CARTESIAN_POINT ( 'NONE',  ( 0.000000000000000000, 0.000000000000000000, 0.000000000000000000 ) ) ;
#1638 = CARTESIAN_POINT ( 'NONE',  ( 7.102951435054648059E-15, 49.00000000000000711, 58.00000000000000000 ) ) ;
#1639 = CARTESIAN_POINT ( 'NONE',  ( 58.79834037969485649, 133.2846148820950418, 37.98363650710493999 ) ) ;
#1640 = ORIENTED_EDGE ( 'NONE', *, *, #244, .T. ) ;
#1641 = CIRCLE ( 'NONE', #1929, 60.00000000000000000 ) ;
#1642 = CARTESIAN_POINT ( 'NONE',  ( 0.000000000000000000, 0.000000000000000000, -46.00000000000000000 ) ) ;
#1643 = CARTESIAN_POINT ( 'NONE',  ( 0.000000000000000000, 0.000000000000000000, 0.000000000000000000 ) ) ;
#1644 = ORIENTED_EDGE ( 'NONE', *, *, #288, .T. ) ;
#1645 = EDGE_CURVE ( 'NONE', #999, #369, #620, .T. ) ;
#1646 = VECTOR ( 'NONE', #1737, 1000.000000000000000 ) ;
#1647 = CARTESIAN_POINT ( 'NONE',  ( 64.86904213819825316, 104.1548258657046375, 25.89228312193717940 ) ) ;
#1648 = EDGE_LOOP ( 'NONE', ( #224, #632, #1938, #750 ) ) ;
#1649 = DIRECTION ( 'NONE',  ( 0.000000000000000000, 0.000000000000000000, -1.000000000000000000 ) ) ;
#1650 = EDGE_CURVE ( 'NONE', #1443, #123, #1217, .T. ) ;
#1651 = CYLINDRICAL_SURFACE ( 'NONE', #1978, 8.999999999999994671 ) ;
#1652 = LINE ( 'NONE', #2154, #1266 ) ;
#1653 = AXIS2_PLACEMENT_3D ( 'NONE', #1509, #2679, #890 ) ;
#1654 = DIRECTION ( 'NONE',  ( 0.000000000000000000, 1.000000000000000000, 0.000000000000000000 ) ) ;
#1655 = ORIENTED_EDGE ( 'NONE', *, *, #1433, .F. ) ;
#1656 = CARTESIAN_POINT ( 'NONE',  ( 69.95587355230075843, 169.9186628117534497, -2.566277794373578836 ) ) ;
#1657 = VERTEX_POINT ( 'NONE', #1065 ) ;
#1658 = CARTESIAN_POINT ( 'NONE',  ( 199.9999999999999716, 174.9999999999993179, 65.47818472546211410 ) ) ;
#1659 = FACE_OUTER_BOUND ( 'NONE', #362, .T. ) ;
#1660 = ORIENTED_EDGE ( 'NONE', *, *, #182, .T. ) ;
#1661 = CYLINDRICAL_SURFACE ( 'NONE', #1586, 8.999999999999994671 ) ;
#1662 = ORIENTED_EDGE ( 'NONE', *, *, #164, .T. ) ;
#1663 = DIRECTION ( 'NONE',  ( -0.000000000000000000, -1.000000000000000000, -0.000000000000000000 ) ) ;
#1664 = LINE ( 'NONE', #112, #573 ) ;
#1665 = CIRCLE ( 'NONE', #2787, 9.000000000000003553 ) ;
#1666 = DIRECTION ( 'NONE',  ( -1.000000000000000000, 0.000000000000000000, 0.000000000000000000 ) ) ;
#1667 = ADVANCED_FACE ( 'NONE', ( #2862 ), #42, .F. ) ;
#1668 = CARTESIAN_POINT ( 'NONE',  ( 199.9999999999999716, 132.0000000000000000, 0.000000000000000000 ) ) ;
#1669 = AXIS2_PLACEMENT_3D ( 'NONE', #61, #271, #1383 ) ;
#1670 = DIRECTION ( 'NONE',  ( 0.000000000000000000, 1.000000000000000000, 0.000000000000000000 ) ) ;
#1671 = ORIENTED_EDGE ( 'NONE', *, *, #2598, .F. ) ;
#1672 = CARTESIAN_POINT ( 'NONE',  ( -96.99484522385726848, 254.0000000000000000, 46.99999999999978684 ) ) ;
#1673 = CYLINDRICAL_SURFACE ( 'NONE', #1211, 58.00000000000000000 ) ;
#1674 = DIRECTION ( 'NONE',  ( 0.000000000000000000, 0.8660254037844401509, -0.4999999999999975575 ) ) ;
#1675 = VERTEX_POINT ( 'NONE', #1792 ) ;
#1676 = CARTESIAN_POINT ( 'NONE',  ( 96.99484522385765217, -0.0009999999999732445133, -64.99999999999910472 ) ) ;
#1677 = ORIENTED_EDGE ( 'NONE', *, *, #2043, .F. ) ;
#1678 = CIRCLE ( 'NONE', #2329, 38.00000000000000000 ) ;
#1679 = DIRECTION ( 'NONE',  ( 0.000000000000000000, 0.000000000000000000, -1.000000000000000000 ) ) ;
#1680 = DIRECTION ( 'NONE',  ( 0.000000000000000000, 0.000000000000000000, -1.000000000000000000 ) ) ;
#1681 = CARTESIAN_POINT ( 'NONE',  ( -96.99484522385726848, 254.0000000000000000, 55.99999999999977973 ) ) ;
#1682 = AXIS2_PLACEMENT_3D ( 'NONE', #2643, #1535, #2706 ) ;
#1683 = AXIS2_PLACEMENT_3D ( 'NONE', #690, #2401, #1081 ) ;
#1684 = ADVANCED_FACE ( 'NONE', ( #879, #1970 ), #2684, .T. ) ;
#1685 = CARTESIAN_POINT ( 'NONE',  ( 0.000000000000000000, 72.32380757938128113, 0.000000000000000000 ) ) ;
#1686 = ORIENTED_EDGE ( 'NONE', *, *, #983, .T. ) ;
#1687 = ADVANCED_FACE ( 'NONE', ( #445 ), #1322, .F. ) ;
#1688 = CARTESIAN_POINT ( 'NONE',  ( 64.83040194031532621, 104.1526242634609218, -25.86424793238870379 ) ) ;
#1689 = CARTESIAN_POINT ( 'NONE',  ( -76.21023553303007247, 20.00000000000001776, -44.00000000000088818 ) ) ;
#1690 = ORIENTED_EDGE ( 'NONE', *, *, #2904, .F. ) ;
#1691 = CARTESIAN_POINT ( 'NONE',  ( 70.49296505378188726, 147.3746345801711755, 55.95762975277516915 ) ) ;
#1692 = ORIENTED_EDGE ( 'NONE', *, *, #2197, .F. ) ;
#1693 = DIRECTION ( 'NONE',  ( -0.000000000000000000, -1.000000000000000000, -0.000000000000000000 ) ) ;
#1694 = AXIS2_PLACEMENT_3D ( 'NONE', #1418, #2309, #305 ) ;
#1695 = DIRECTION ( 'NONE',  ( -1.000000000000000000, -0.000000000000000000, -0.000000000000000000 ) ) ;
#1696 = CARTESIAN_POINT ( 'NONE',  ( 76.21023553303041354, 274.0009999999999764, 44.00000000000035527 ) ) ;
#1697 = VECTOR ( 'NONE', #2515, 1000.000000000000000 ) ;
#1698 = CARTESIAN_POINT ( 'NONE',  ( 0.000000000000000000, 0.000000000000000000, 0.000000000000000000 ) ) ;
#1699 = ORIENTED_EDGE ( 'NONE', *, *, #1037, .T. ) ;
#1700 = DIRECTION ( 'NONE',  ( 0.000000000000000000, 1.000000000000000000, 0.000000000000000000 ) ) ;
#1701 = ORIENTED_EDGE ( 'NONE', *, *, #1720, .F. ) ;
#1702 = AXIS2_PLACEMENT_3D ( 'NONE', #1378, #2714, #1138 ) ;
#1703 = ADVANCED_FACE ( 'NONE', ( #1776 ), #850, .F. ) ;
#1704 = CARTESIAN_POINT ( 'NONE',  ( 179.9999999999999716, 89.00000000000018474, -74.47818472546180146 ) ) ;
#1705 = DIRECTION ( 'NONE',  ( 0.000000000000000000, 0.000000000000000000, 1.000000000000000000 ) ) ;
#1706 = EDGE_LOOP ( 'NONE', ( #2278, #434, #2518, #1974 ) ) ;
#1707 = EDGE_CURVE ( 'NONE', #1380, #1061, #1730, .T. ) ;
#1708 = CARTESIAN_POINT ( 'NONE',  ( 68.81860213634105605, 133.9518172887233618, 58.00000000000000711 ) ) ;
#1709 = VERTEX_POINT ( 'NONE', #660 ) ;
#1710 = AXIS2_PLACEMENT_3D ( 'NONE', #493, #1623, #22 ) ;
#1711 = CYLINDRICAL_SURFACE ( 'NONE', #1512, 46.00000000000000000 ) ;
#1712 = DIRECTION ( 'NONE',  ( -0.000000000000000000, -1.000000000000000000, -0.000000000000000000 ) ) ;
#1713 = CARTESIAN_POINT ( 'NONE',  ( 199.9999999999999716, 46.00000000000002132, -9.000000000000000000 ) ) ;
#1714 = DIRECTION ( 'NONE',  ( -0.000000000000000000, -1.000000000000000000, -0.000000000000000000 ) ) ;
#1715 = ORIENTED_EDGE ( 'NONE', *, *, #432, .F. ) ;
#1716 = FACE_BOUND ( 'NONE', #730, .T. ) ;
#1717 = DIRECTION ( 'NONE',  ( -1.000000000000000000, -0.000000000000000000, -0.000000000000000000 ) ) ;
#1718 = ORIENTED_EDGE ( 'NONE', *, *, #2870, .T. ) ;
#1719 = AXIS2_PLACEMENT_3D ( 'NONE', #1247, #605, #1499 ) ;
#1720 = EDGE_CURVE ( 'NONE', #2521, #1293, #575, .T. ) ;
#1721 = CARTESIAN_POINT ( 'NONE',  ( 77.37092137546123638, 167.3813347492681203, 45.99523634237867498 ) ) ;
#1722 = VERTEX_POINT ( 'NONE', #2889 ) ;
#1723 = DIRECTION ( 'NONE',  ( -0.000000000000000000, -1.000000000000000000, -0.000000000000000000 ) ) ;
#1724 = CARTESIAN_POINT ( 'NONE',  ( 0.000000000000000000, 20.00000000000000000, 0.000000000000000000 ) ) ;
#1725 = DIRECTION ( 'NONE',  ( -0.8660254037844327124, 0.000000000000000000, -0.5000000000000101030 ) ) ;
#1726 = LINE ( 'NONE', #616, #1207 ) ;
#1727 = ORIENTED_EDGE ( 'NONE', *, *, #482, .T. ) ;
#1728 = CARTESIAN_POINT ( 'NONE',  ( 0.000000000000000000, 0.000000000000000000, 0.000000000000000000 ) ) ;
#1729 = ORIENTED_EDGE ( 'NONE', *, *, #1273, .F. ) ;
#1730 = CIRCLE ( 'NONE', #375, 135.0000000000000000 ) ;
#1731 = DIRECTION ( 'NONE',  ( 0.000000000000000000, 0.000000000000000000, -1.000000000000000000 ) ) ;
#1732 = FACE_OUTER_BOUND ( 'NONE', #1297, .T. ) ;
#1733 = VERTEX_POINT ( 'NONE', #1095 ) ;
#1734 = CARTESIAN_POINT ( 'NONE',  ( 76.21023553303041354, 274.0009999999999764, 53.00000000000035527 ) ) ;
#1735 = EDGE_LOOP ( 'NONE', ( #1615, #658, #1842, #1640 ) ) ;
#1736 = ADVANCED_FACE ( 'NONE', ( #2666 ), #1541, .F. ) ;
#1737 = DIRECTION ( 'NONE',  ( -0.000000000000000000, 1.000000000000000000, -0.000000000000000000 ) ) ;
#1738 = CARTESIAN_POINT ( 'NONE',  ( 199.9999999999999716, 88.99999999999914735, 65.47818472546121882 ) ) ;
#1739 = EDGE_CURVE ( 'NONE', #2307, #301, #2380, .T. ) ;
#1740 = CARTESIAN_POINT ( 'NONE',  ( 0.000000000000000000, 20.00000000000001776, -96.99999999999998579 ) ) ;
#1741 = CARTESIAN_POINT ( 'NONE',  ( 0.000000000000000000, 274.0009999999999764, 88.00000000000000000 ) ) ;
#1742 = ORIENTED_EDGE ( 'NONE', *, *, #948, .F. ) ;
#1743 = EDGE_LOOP ( 'NONE', ( #891, #2389 ) ) ;
#1744 = EDGE_CURVE ( 'NONE', #2594, #2459, #1777, .T. ) ;
#1745 = CARTESIAN_POINT ( 'NONE',  ( 73.93795080576795442, 104.9358215517880097, 51.32322508407727213 ) ) ;
#1746 = AXIS2_PLACEMENT_3D ( 'NONE', #1820, #1196, #1182 ) ;
#1747 = CARTESIAN_POINT ( 'NONE',  ( 59.34653883511755623, 140.1480715274681756, -37.12156106833035807 ) ) ;
#1748 = VERTEX_POINT ( 'NONE', #1760 ) ;
#1749 = DIRECTION ( 'NONE',  ( 0.000000000000000000, -1.000000000000000000, 0.000000000000000000 ) ) ;
#1750 = ORIENTED_EDGE ( 'NONE', *, *, #306, .F. ) ;
#1751 = CARTESIAN_POINT ( 'NONE',  ( 96.99484522385765217, 274.0000000000000000, -55.99999999999909761 ) ) ;
#1752 = PRODUCT_RELATED_PRODUCT_CATEGORY ( 'part', '', ( #2846 ) ) ;
#1753 = DIRECTION ( 'NONE',  ( 0.000000000000000000, 0.000000000000000000, 1.000000000000000000 ) ) ;
#1754 = DIRECTION ( 'NONE',  ( 0.000000000000000000, 1.000000000000000000, 0.000000000000000000 ) ) ;
#1755 = CARTESIAN_POINT ( 'NONE',  ( 0.000000000000000000, 274.0000000000000000, -135.0000000000000000 ) ) ;
#1756 = VERTEX_POINT ( 'NONE', #647 ) ;
#1757 = EDGE_CURVE ( 'NONE', #1268, #2242, #429, .T. ) ;
#1758 = DIRECTION ( 'NONE',  ( 1.000000000000000000, 0.000000000000000000, 0.000000000000000000 ) ) ;
#1759 = VERTEX_POINT ( 'NONE', #976 ) ;
#1760 = CARTESIAN_POINT ( 'NONE',  ( 4.653657836759941941E-15, 34.00000000000000711, 38.00000000000000000 ) ) ;
#1761 = ADVANCED_FACE ( 'NONE', ( #1154 ), #1863, .F. ) ;
#1762 = CARTESIAN_POINT ( 'NONE',  ( 60.32106508560470814, 145.5594122376701023, -35.52006832722042162 ) ) ;
#1763 = EDGE_LOOP ( 'NONE', ( #2721, #911, #2610, #341 ) ) ;
#1764 = AXIS2_PLACEMENT_3D ( 'NONE', #2041, #2101, #2275 ) ;
#1765 = DIRECTION ( 'NONE',  ( 1.000000000000000000, 0.000000000000000000, 0.000000000000000000 ) ) ;
#1766 = ORIENTED_EDGE ( 'NONE', *, *, #631, .T. ) ;
#1767 = CIRCLE ( 'NONE', #2322, 46.00000000000000000 ) ;
#1768 = CARTESIAN_POINT ( 'NONE',  ( 57.54997827975262936, 98.00000000000000000, 16.97056274847713553 ) ) ;
#1769 = DIRECTION ( 'NONE',  ( -0.000000000000000000, -1.000000000000000000, 0.000000000000000000 ) ) ;
#1770 = DIRECTION ( 'NONE',  ( 0.000000000000000000, 0.000000000000000000, 1.000000000000000000 ) ) ;
#1771 = CARTESIAN_POINT ( 'NONE',  ( 63.58441713292955910, 107.7212810921940900, -29.32770883673709506 ) ) ;
#1772 = ORIENTED_EDGE ( 'NONE', *, *, #1650, .T. ) ;
#1773 = ORIENTED_EDGE ( 'NONE', *, *, #1597, .F. ) ;
#1774 = AXIS2_PLACEMENT_3D ( 'NONE', #1973, #1281, #1296 ) ;
#1775 = EDGE_CURVE ( 'NONE', #1722, #609, #1873, .T. ) ;
#1776 = FACE_OUTER_BOUND ( 'NONE', #942, .T. ) ;
#1777 = CIRCLE ( 'NONE', #2514, 8.999999999999992895 ) ;
#1778 = CARTESIAN_POINT ( 'NONE',  ( 179.9999999999999716, 175.0000000000003695, -74.47818472546153146 ) ) ;
#1779 = ORIENTED_EDGE ( 'NONE', *, *, #1830, .T. ) ;
#1780 = ADVANCED_FACE ( 'NONE', ( #1878 ), #87, .T. ) ;
#1781 = CARTESIAN_POINT ( 'NONE',  ( 89.93915106587172659, 189.9057297616533049, -3.845028497091647068 ) ) ;
#1782 = ORIENTED_EDGE ( 'NONE', *, *, #2556, .T. ) ;
#1783 = CIRCLE ( 'NONE', #515, 79.00000000000000000 ) ;
#1784 = CARTESIAN_POINT ( 'NONE',  ( 64.39833842917218476, 100.4735558683952235, -21.22495303426439506 ) ) ;
#1785 = DIRECTION ( 'NONE',  ( 0.000000000000000000, 1.000000000000000000, 0.000000000000000000 ) ) ;
#1786 = AXIS2_PLACEMENT_3D ( 'NONE', #2808, #94, #2790 ) ;
#1787 = DIRECTION ( 'NONE',  ( -0.000000000000000000, -1.000000000000000000, -0.000000000000000000 ) ) ;
#1788 = DIRECTION ( 'NONE',  ( 1.000000000000000000, -0.000000000000000000, -0.000000000000000000 ) ) ;
#1789 = ORIENTED_EDGE ( 'NONE', *, *, #1145, .T. ) ;
#1790 = ORIENTED_EDGE ( 'NONE', *, *, #2870, .F. ) ;
#1791 = VECTOR ( 'NONE', #2900, 1000.000000000000000 ) ;
#1792 = CARTESIAN_POINT ( 'NONE',  ( 64.28063471995280054, 106.0000000000000000, 27.71281292110202799 ) ) ;
#1793 = CARTESIAN_POINT ( 'NONE',  ( 76.21023553303069775, 20.00000000000001776, -43.99999999999982236 ) ) ;
#1794 = ORIENTED_EDGE ( 'NONE', *, *, #594, .T. ) ;
#1795 = CIRCLE ( 'NONE', #2534, 90.00000000000001421 ) ;
#1796 = CARTESIAN_POINT ( 'NONE',  ( 74.76175333780835786, 161.2512804117263272, -50.11827792521904001 ) ) ;
#1797 = VERTEX_POINT ( 'NONE', #1365 ) ;
#1798 = EDGE_CURVE ( 'NONE', #1804, #194, #2221, .T. ) ;
#1799 = VECTOR ( 'NONE', #847, 1000.000000000000000 ) ;
#1800 = CARTESIAN_POINT ( 'NONE',  ( 59.78262278128290319, 94.34410403609827256, -5.156404032686682903 ) ) ;
#1801 = LINE ( 'NONE', #2034, #1310 ) ;
#1802 = FACE_BOUND ( 'NONE', #1106, .T. ) ;
#1803 = ORIENTED_EDGE ( 'NONE', *, *, #2434, .F. ) ;
#1804 = VERTEX_POINT ( 'NONE', #279 ) ;
#1805 = CARTESIAN_POINT ( 'NONE',  ( 77.82991637953520581, 95.64761515876240594, 45.19407169479819686 ) ) ;
#1806 = VECTOR ( 'NONE', #2271, 1000.000000000000000 ) ;
#1807 = CARTESIAN_POINT ( 'NONE',  ( 0.000000000000000000, 0.000000000000000000, -60.00000000000000000 ) ) ;
#1808 = EDGE_LOOP ( 'NONE', ( #644, #2703, #532, #798 ) ) ;
#1809 = DIRECTION ( 'NONE',  ( 0.000000000000000000, 0.000000000000000000, -1.000000000000000000 ) ) ;
#1810 = CARTESIAN_POINT ( 'NONE',  ( 89.37170062134572390, 189.0203769131466913, -10.65932651781483820 ) ) ;
#1811 = EDGE_LOOP ( 'NONE', ( #1782, #1945, #985, #1414 ) ) ;
#1812 = EDGE_CURVE ( 'NONE', #1313, #400, #253, .T. ) ;
#1813 = CARTESIAN_POINT ( 'NONE',  ( 60.00039341982127894, 93.99937881077507029, -1.459095321860764738 ) ) ;
#1814 = FACE_OUTER_BOUND ( 'NONE', #2649, .T. ) ;
#1815 = AXIS2_PLACEMENT_3D ( 'NONE', #1584, #677, #1571 ) ;
#1816 = EDGE_CURVE ( 'NONE', #719, #1756, #12, .T. ) ;
#1817 = PLANE ( 'NONE',  #2100 ) ;
#1818 = EDGE_LOOP ( 'NONE', ( #2165, #1043 ) ) ;
#1819 = DIRECTION ( 'NONE',  ( 1.000000000000000000, 0.000000000000000000, -0.000000000000000000 ) ) ;
#1820 = CARTESIAN_POINT ( 'NONE',  ( 0.000000000000000000, 30.00000000000000000, 0.000000000000000000 ) ) ;
#1821 = CARTESIAN_POINT ( 'NONE',  ( 69.72245362278862046, 169.4868660433199068, -6.348717895570301195 ) ) ;
#1822 = AXIS2_PLACEMENT_3D ( 'NONE', #250, #1361, #672 ) ;
#1823 = AXIS2_PLACEMENT_3D ( 'NONE', #2774, #92, #2748 ) ;
#1824 = ORIENTED_EDGE ( 'NONE', *, *, #53, .T. ) ;
#1825 = CARTESIAN_POINT ( 'NONE',  ( 89.74986633698668470, 189.6111462193033503, -6.776450187326157781 ) ) ;
#1826 = ORIENTED_EDGE ( 'NONE', *, *, #2353, .T. ) ;
#1827 = AXIS2_PLACEMENT_3D ( 'NONE', #1133, #2705, #1117 ) ;
#1828 = DIRECTION ( 'NONE',  ( -0.000000000000000000, -1.000000000000000000, -0.000000000000000000 ) ) ;
#1829 = DIRECTION ( 'NONE',  ( 0.000000000000000000, 0.000000000000000000, -1.000000000000000000 ) ) ;
#1830 = EDGE_CURVE ( 'NONE', #964, #1590, #392, .T. ) ;
#1831 = B_SPLINE_CURVE_WITH_KNOTS ( 'NONE', 3,
 ( #1768, #247, #4, #870, #654, #33, #2033, #18, #901, #1813, #476, #1800, #2479, #1358, #1088, #1373, #929, #2268, #260, #1547 ),
 .UNSPECIFIED., .F., .F.,
 ( 4, 2, 2, 2, 2, 2, 2, 2, 2, 4 ),
 ( 0.000000000000000000, 0.008863461761713488721, 0.01107932720214185700, 0.01329519264257022527, 0.01772692352342695662, 0.02215865440428368971, 0.02437451984471205799, 0.02659038528514042626, 0.03102211616599715935, 0.03545384704685389243 ),
 .UNSPECIFIED. ) ;
#1832 = CARTESIAN_POINT ( 'NONE',  ( 59.38299304658671218, 123.5930927232128624, 37.06330292004471261 ) ) ;
#1833 = SURFACE_SIDE_STYLE ('',( #935 ) ) ;
#1834 = ADVANCED_FACE ( 'NONE', ( #2472 ), #1850, .T. ) ;
#1835 = CARTESIAN_POINT ( 'NONE',  ( 0.000000000000000000, 0.000000000000000000, 0.000000000000000000 ) ) ;
#1836 = CARTESIAN_POINT ( 'NONE',  ( 66.37611236542973359, 162.8245016898718518, -22.25622120102667267 ) ) ;
#1837 = ORIENTED_EDGE ( 'NONE', *, *, #1107, .T. ) ;
#1838 = EDGE_CURVE ( 'NONE', #350, #1473, #728, .T. ) ;
#1839 = VECTOR ( 'NONE', #960, 1000.000000000000000 ) ;
#1840 = FACE_OUTER_BOUND ( 'NONE', #223, .T. ) ;
#1841 = CARTESIAN_POINT ( 'NONE',  ( 77.50525013086355841, 74.00002127414204267, 2.164370890759832466 ) ) ;
#1842 = ORIENTED_EDGE ( 'NONE', *, *, #1838, .T. ) ;
#1843 = VECTOR ( 'NONE', #2676, 1000.000000000000000 ) ;
#1844 = CARTESIAN_POINT ( 'NONE',  ( 199.9999999999999716, 132.0000000000000000, 110.0000000000000000 ) ) ;
#1845 = AXIS2_PLACEMENT_3D ( 'NONE', #2324, #2357, #1466 ) ;
#1846 = DIRECTION ( 'NONE',  ( 0.000000000000000000, 0.000000000000000000, -1.000000000000000000 ) ) ;
#1847 = CARTESIAN_POINT ( 'NONE',  ( 68.81860213634104184, 131.1515156848562356, -58.00000000000000711 ) ) ;
#1848 = CARTESIAN_POINT ( 'NONE',  ( -135.0010000000000048, 88.99999999999914735, 65.47818472546121882 ) ) ;
#1849 = ADVANCED_BREP_SHAPE_REPRESENTATION ( 'Exercise 12', ( #128, #2793 ), #2144 ) ;
#1850 = CYLINDRICAL_SURFACE ( 'NONE', #671, 58.00000000000000000 ) ;
#1851 = CARTESIAN_POINT ( 'NONE',  ( 63.89947948368831021, 157.0463033638843342, 28.58423432532084973 ) ) ;
#1852 = ORIENTED_EDGE ( 'NONE', *, *, #1147, .F. ) ;
#1853 = ADVANCED_FACE ( 'NONE', ( #2038 ), #2082, .T. ) ;
#1854 = CYLINDRICAL_SURFACE ( 'NONE', #2440, 9.000000000000001776 ) ;
#1855 = CARTESIAN_POINT ( 'NONE',  ( 79.00617364257747965, 75.93019902565505674, 14.99351245779692832 ) ) ;
#1856 = VERTEX_POINT ( 'NONE', #1405 ) ;
#1857 = CARTESIAN_POINT ( 'NONE',  ( 61.25762637094580754, 98.16588577735048204, 17.29981730169226495 ) ) ;
#1858 = DIRECTION ( 'NONE',  ( 0.000000000000000000, 0.000000000000000000, -1.000000000000000000 ) ) ;
#1859 = FACE_OUTER_BOUND ( 'NONE', #1411, .T. ) ;
#1860 = CARTESIAN_POINT ( 'NONE',  ( 0.000000000000000000, 0.000000000000000000, 0.000000000000000000 ) ) ;
#1861 = CIRCLE ( 'NONE', #1056, 9.000000000000001776 ) ;
#1862 = CIRCLE ( 'NONE', #31, 8.999999999999994671 ) ;
#1863 = CYLINDRICAL_SURFACE ( 'NONE', #743, 46.00000000000000000 ) ;
#1864 = CARTESIAN_POINT ( 'NONE',  ( 58.78775382679629047, 132.0000000000000000, 38.00000000000000000 ) ) ;
#1865 = EDGE_LOOP ( 'NONE', ( #1356, #2690, #391, #2769, #2831, #1602, #760, #201 ) ) ;
#1866 = EDGE_CURVE ( 'NONE', #2029, #1061, #69, .T. ) ;
#1867 = LINE ( 'NONE', #1642, #2408 ) ;
#1868 = CARTESIAN_POINT ( 'NONE',  ( 80.36935338434902576, 88.00212280110577012, 37.80707144965005284 ) ) ;
#1869 = ORIENTED_EDGE ( 'NONE', *, *, #1090, .T. ) ;
#1870 = EDGE_CURVE ( 'NONE', #1532, #1872, #2122, .T. ) ;
#1871 = DIRECTION ( 'NONE',  ( 0.000000000000000000, 0.000000000000000000, -1.000000000000000000 ) ) ;
#1872 = VERTEX_POINT ( 'NONE', #495 ) ;
#1873 = CIRCLE ( 'NONE', #1357, 46.00000000000000000 ) ;
#1874 = FACE_OUTER_BOUND ( 'NONE', #2188, .T. ) ;
#1875 = DIRECTION ( 'NONE',  ( 0.000000000000000000, -0.000000000000000000, 1.000000000000000000 ) ) ;
#1876 = FACE_BOUND ( 'NONE', #852, .T. ) ;
#1877 = MECHANICAL_DESIGN_GEOMETRIC_PRESENTATION_REPRESENTATION (  '', ( #820 ), #889 ) ;
#1878 = FACE_OUTER_BOUND ( 'NONE', #58, .T. ) ;
#1879 = CARTESIAN_POINT ( 'NONE',  ( 68.30672637972837435, 166.7829364054186385, -15.31476324228453301 ) ) ;
#1880 = VERTEX_POINT ( 'NONE', #1638 ) ;
#1881 = CYLINDRICAL_SURFACE ( 'NONE', #462, 110.0000000000000000 ) ;
#1882 = CARTESIAN_POINT ( 'NONE',  ( 0.000000000000000000, 254.0000000000000000, -112.0000000000000000 ) ) ;
#1883 = ORIENTED_EDGE ( 'NONE', *, *, #293, .T. ) ;
#1884 = AXIS2_PLACEMENT_3D ( 'NONE', #113, #535, #379 ) ;
#1885 = EDGE_CURVE ( 'NONE', #636, #47, #1041, .T. ) ;
#1886 = AXIS2_PLACEMENT_3D ( 'NONE', #703, #479, #1770 ) ;
#1887 = CARTESIAN_POINT ( 'NONE',  ( 64.40469396282843206, 100.4862537997518501, 21.24375350773185644 ) ) ;
#1888 = ORIENTED_EDGE ( 'NONE', *, *, #2651, .T. ) ;
#1889 = ADVANCED_FACE ( 'NONE', ( #2740 ), #706, .T. ) ;
#1890 = CARTESIAN_POINT ( 'NONE',  ( 62.89398765317339013, 109.5678662068586817, 30.76350471812844489 ) ) ;
#1891 = DIRECTION ( 'NONE',  ( 0.000000000000000000, 0.000000000000000000, -1.000000000000000000 ) ) ;
#1892 = FACE_BOUND ( 'NONE', #109, .T. ) ;
#1893 = DIRECTION ( 'NONE',  ( 0.000000000000000000, 0.000000000000000000, 1.000000000000000000 ) ) ;
#1894 = ORIENTED_EDGE ( 'NONE', *, *, #2583, .T. ) ;
#1895 = FACE_OUTER_BOUND ( 'NONE', #1302, .T. ) ;
#1896 = DIRECTION ( 'NONE',  ( -0.000000000000000000, -1.000000000000000000, -0.000000000000000000 ) ) ;
#1897 = CARTESIAN_POINT ( 'NONE',  ( 79.95676037918927648, 77.93730356339835907, -21.11497329367817954 ) ) ;
#1898 = VERTEX_POINT ( 'NONE', #744 ) ;
#1899 = CARTESIAN_POINT ( 'NONE',  ( 64.92464570825453052, 102.4218422349401720, 23.86565469186624711 ) ) ;
#1900 = ORIENTED_EDGE ( 'NONE', *, *, #1562, .F. ) ;
#1901 = CARTESIAN_POINT ( 'NONE',  ( -135.0010000000000048, 98.00000000000000000, 16.97056274847713553 ) ) ;
#1902 = ADVANCED_FACE ( 'NONE', ( #2285 ), #1167, .F. ) ;
#1903 = DIRECTION ( 'NONE',  ( 1.000000000000000000, -0.000000000000000000, -0.000000000000000000 ) ) ;
#1904 = AXIS2_PLACEMENT_3D ( 'NONE', #2500, #2489, #1809 ) ;
#1905 = DIRECTION ( 'NONE',  ( 0.000000000000000000, 1.000000000000000000, 0.000000000000000000 ) ) ;
#1906 = DIRECTION ( 'NONE',  ( -0.000000000000000000, -1.000000000000000000, -0.000000000000000000 ) ) ;
#1907 = ORIENTED_EDGE ( 'NONE', *, *, #983, .F. ) ;
#1908 = CARTESIAN_POINT ( 'NONE',  ( 76.21023553303041354, 20.00000000000001776, 44.00000000000035527 ) ) ;
#1909 = EDGE_LOOP ( 'NONE', ( #2634, #1252, #1127, #2762 ) ) ;
#1910 = AXIS2_PLACEMENT_3D ( 'NONE', #2841, #819, #383 ) ;
#1911 = DIRECTION ( 'NONE',  ( -0.000000000000000000, -1.000000000000000000, -0.000000000000000000 ) ) ;
#1912 = CARTESIAN_POINT ( 'NONE',  ( 64.28063471995280054, 106.0000000000000000, -27.71281292110202799 ) ) ;
#1913 = CARTESIAN_POINT ( 'NONE',  ( 179.9999999999999716, 175.0000000000003695, -74.47818472546153146 ) ) ;
#1914 = ORIENTED_EDGE ( 'NONE', *, *, #273, .T. ) ;
#1915 = DIRECTION ( 'NONE',  ( 1.000000000000000000, -0.000000000000000000, -0.000000000000000000 ) ) ;
#1916 = ORIENTED_EDGE ( 'NONE', *, *, #2116, .F. ) ;
#1917 = CIRCLE ( 'NONE', #1823, 8.999999999999994671 ) ;
#1918 = DIRECTION ( 'NONE',  ( 0.000000000000000000, 0.000000000000000000, -1.000000000000000000 ) ) ;
#1919 = DIRECTION ( 'NONE',  ( 0.000000000000000000, 1.000000000000000000, 0.000000000000000000 ) ) ;
#1920 = DIRECTION ( 'NONE',  ( -0.000000000000000000, -1.000000000000000000, -0.000000000000000000 ) ) ;
#1921 = DIRECTION ( 'NONE',  ( -0.000000000000000000, -1.000000000000000000, -0.000000000000000000 ) ) ;
#1922 = ADVANCED_FACE ( 'NONE', ( #2140, #588, #1948, #160, #788, #601, #538, #1032 ), #114, .T. ) ;
#1923 = B_SPLINE_CURVE_WITH_KNOTS ( 'NONE', 3,
 ( #547, #1442, #1647, #2332, #1899, #2535, #2118, #1887, #2505, #766, #1459, #333, #108, #1400, #2293, #998, #1221, #1857, #1428, #2520, #2788, #1204 ),
 .UNSPECIFIED., .F., .F.,
 ( 4, 2, 2, 2, 2, 2, 2, 2, 2, 2, 4 ),
 ( 2.818537403116438695E-07, 0.003967107072938547661, 0.005950519682537670080, 0.007933932292136791631, 0.009917344901735914917, 0.01190075751133503647, 0.01289246381613459724, 0.01338831696853436636, 0.01388417012093413373, 0.01487587642573365287, 0.01586758273053316681 ),
 .UNSPECIFIED. ) ;
#1924 = CARTESIAN_POINT ( 'NONE',  ( 0.000000000000000000, 274.0000000000000000, 0.000000000000000000 ) ) ;
#1925 = VERTEX_POINT ( 'NONE', #1713 ) ;
#1926 = CARTESIAN_POINT ( 'NONE',  ( 64.89477320064496269, 103.7070815452657655, -25.37615280180992627 ) ) ;
#1927 = FACE_BOUND ( 'NONE', #982, .T. ) ;
#1928 = ORIENTED_EDGE ( 'NONE', *, *, #1474, .T. ) ;
#1929 = AXIS2_PLACEMENT_3D ( 'NONE', #304, #1192, #2464 ) ;
#1930 = CARTESIAN_POINT ( 'NONE',  ( -135.0010000000000048, 89.00000000000018474, -74.47818472546180146 ) ) ;
#1931 = ORIENTED_EDGE ( 'NONE', *, *, #2799, .F. ) ;
#1932 = AXIS2_PLACEMENT_3D ( 'NONE', #1751, #2368, #2589 ) ;
#1933 = CARTESIAN_POINT ( 'NONE',  ( -96.99484522385688479, -0.0009999999999732445133, -56.00000000000046185 ) ) ;
#1934 = CARTESIAN_POINT ( 'NONE',  ( -76.21023553303007247, 274.0009999999999764, -44.00000000000088818 ) ) ;
#1935 = CIRCLE ( 'NONE', #1764, 8.999999999999996447 ) ;
#1936 = FACE_OUTER_BOUND ( 'NONE', #2448, .T. ) ;
#1937 = EDGE_LOOP ( 'NONE', ( #659, #30 ) ) ;
#1938 = ORIENTED_EDGE ( 'NONE', *, *, #2067, .T. ) ;
#1939 = EDGE_CURVE ( 'NONE', #2219, #2242, #1561, .T. ) ;
#1940 = LINE ( 'NONE', #796, #1592 ) ;
#1941 = CARTESIAN_POINT ( 'NONE',  ( 76.21023553303041354, 20.00000000000001776, 35.00000000000036238 ) ) ;
#1942 = EDGE_LOOP ( 'NONE', ( #1006, #1883 ) ) ;
#1943 = ADVANCED_FACE ( 'NONE', ( #2339 ), #2795, .T. ) ;
#1944 = CARTESIAN_POINT ( 'NONE',  ( 68.90177243734983392, 135.8942158834645682, 57.90173117943916026 ) ) ;
#1945 = ORIENTED_EDGE ( 'NONE', *, *, #351, .T. ) ;
#1946 = VECTOR ( 'NONE', #1819, 1000.000000000000000 ) ;
#1947 = DIRECTION ( 'NONE',  ( -0.000000000000000000, -1.000000000000000000, -0.000000000000000000 ) ) ;
#1948 = FACE_BOUND ( 'NONE', #704, .T. ) ;
#1949 = EDGE_LOOP ( 'NONE', ( #1572, #675 ) ) ;
#1950 = CARTESIAN_POINT ( 'NONE',  ( 0.000000000000000000, 30.00000000000000000, 0.000000000000000000 ) ) ;
#1951 = PRODUCT_DEFINITION_CONTEXT ( 'detailed design', #2507, 'design' ) ;
#1952 = ORIENTED_EDGE ( 'NONE', *, *, #2267, .T. ) ;
#1953 = CARTESIAN_POINT ( 'NONE',  ( 135.0000000000000000, 254.0000000000000000, 0.000000000000000000 ) ) ;
#1954 = DIRECTION ( 'NONE',  ( 1.000000000000000000, 0.000000000000000000, 0.000000000000000000 ) ) ;
#1955 = ORIENTED_EDGE ( 'NONE', *, *, #326, .T. ) ;
#1956 = ADVANCED_FACE ( 'NONE', ( #1936 ), #2125, .T. ) ;
#1957 = TOROIDAL_SURFACE ( 'NONE', #1533, 62.00000000000000711, 7.999999999999996447 ) ;
#1958 = CARTESIAN_POINT ( 'NONE',  ( 96.99484522385648688, 254.0000000000000000, 56.00000000000112976 ) ) ;
#1959 = ORIENTED_EDGE ( 'NONE', *, *, #111, .T. ) ;
#1960 = ADVANCED_FACE ( 'NONE', ( #1259 ), #146, .F. ) ;
#1961 = CARTESIAN_POINT ( 'NONE',  ( 0.000000000000000000, 0.000000000000000000, 0.000000000000000000 ) ) ;
#1962 = CIRCLE ( 'NONE', #882, 9.000000000000000000 ) ;
#1963 = DIRECTION ( 'NONE',  ( -0.000000000000000000, -1.000000000000000000, -0.000000000000000000 ) ) ;
#1964 = DIRECTION ( 'NONE',  ( 1.000000000000000000, 0.000000000000000000, 0.000000000000000000 ) ) ;
#1965 = DIRECTION ( 'NONE',  ( -1.000000000000000000, -0.000000000000000000, -0.000000000000000000 ) ) ;
#1966 = ORIENTED_EDGE ( 'NONE', *, *, #2579, .T. ) ;
#1967 = VERTEX_POINT ( 'NONE', #1004 ) ;
#1968 = AXIS2_PLACEMENT_3D ( 'NONE', #1401, #915, #902 ) ;
#1969 = VECTOR ( 'NONE', #330, 1000.000000000000000 ) ;
#1970 = FACE_OUTER_BOUND ( 'NONE', #1320, .T. ) ;
#1971 = DIRECTION ( 'NONE',  ( -0.000000000000000000, -1.000000000000000000, -0.000000000000000000 ) ) ;
#1972 = ORIENTED_EDGE ( 'NONE', *, *, #486, .T. ) ;
#1973 = CARTESIAN_POINT ( 'NONE',  ( 0.000000000000000000, 1.466026458109733990E-15, 0.000000000000000000 ) ) ;
#1974 = ORIENTED_EDGE ( 'NONE', *, *, #2583, .F. ) ;
#1975 = EDGE_CURVE ( 'NONE', #1140, #1546, #2174, .T. ) ;
#1976 = DIRECTION ( 'NONE',  ( 0.000000000000000000, 1.000000000000000000, 0.000000000000000000 ) ) ;
#1977 = CARTESIAN_POINT ( 'NONE',  ( 8.082668874372529244E-15, 98.00000000000000000, 61.99999999999995026 ) ) ;
#1978 = AXIS2_PLACEMENT_3D ( 'NONE', #2750, #741, #96 ) ;
#1979 = EDGE_CURVE ( 'NONE', #1354, #2074, #1181, .T. ) ;
#1980 = CARTESIAN_POINT ( 'NONE',  ( -76.21023553303007247, 0.000000000000000000, -44.00000000000088818 ) ) ;
#1981 = DIRECTION ( 'NONE',  ( 0.8660254037844327124, 0.000000000000000000, 0.5000000000000101030 ) ) ;
#1982 = AXIS2_PLACEMENT_3D ( 'NONE', #409, #845, #438 ) ;
#1983 = ORIENTED_EDGE ( 'NONE', *, *, #1645, .F. ) ;
#1984 = VERTEX_POINT ( 'NONE', #2109 ) ;
#1985 = CARTESIAN_POINT ( 'NONE',  ( -76.21023553303007247, 0.000000000000000000, -44.00000000000088818 ) ) ;
#1986 = CARTESIAN_POINT ( 'NONE',  ( 0.000000000000000000, 88.00000000000001421, 0.000000000000000000 ) ) ;
#1987 = ORIENTED_EDGE ( 'NONE', *, *, #1870, .F. ) ;
#1988 = CARTESIAN_POINT ( 'NONE',  ( 71.38703593543853287, 151.0588326643025709, -54.81249503536454171 ) ) ;
#1989 = ORIENTED_EDGE ( 'NONE', *, *, #1180, .T. ) ;
#1990 = CARTESIAN_POINT ( 'NONE',  ( 61.25363349166465810, 98.16488890770074249, -17.29787514255944103 ) ) ;
#1991 = CARTESIAN_POINT ( 'NONE',  ( 179.9999999999999716, 174.9999999999993179, 65.47818472546211410 ) ) ;
#1992 = ADVANCED_FACE ( 'NONE', ( #571 ), #2369, .F. ) ;
#1993 = FACE_BOUND ( 'NONE', #1184, .T. ) ;
#1994 = DIRECTION ( 'NONE',  ( 0.000000000000000000, 0.000000000000000000, -1.000000000000000000 ) ) ;
#1995 = ORIENTED_EDGE ( 'NONE', *, *, #1775, .F. ) ;
#1996 = VERTEX_POINT ( 'NONE', #2559 ) ;
#1997 = ADVANCED_FACE ( 'NONE', ( #2156 ), #1271, .T. ) ;
#1998 = CARTESIAN_POINT ( 'NONE',  ( 0.000000000000000000, 49.00000000000000711, 0.000000000000000000 ) ) ;
#1999 = CYLINDRICAL_SURFACE ( 'NONE', #2650, 38.00000000000000000 ) ;
#2000 = ORIENTED_EDGE ( 'NONE', *, *, #380, .F. ) ;
#2001 = CARTESIAN_POINT ( 'NONE',  ( 69.15941631424193758, 139.8165470858190531, -57.60192586710989815 ) ) ;
#2002 = ORIENTED_EDGE ( 'NONE', *, *, #107, .T. ) ;
#2003 = VECTOR ( 'NONE', #1264, 1000.000000000000000 ) ;
#2004 = PRODUCT_DEFINITION_FORMATION_WITH_SPECIFIED_SOURCE ( 'ANY', '', #2846, .NOT_KNOWN. ) ;
#2005 = CARTESIAN_POINT ( 'NONE',  ( 63.68682288500559707, 99.46743105990557865, -19.64726550474121680 ) ) ;
#2006 = LINE ( 'NONE', #2183, #1164 ) ;
#2007 = ADVANCED_FACE ( 'NONE', ( #2591, #368, #2171, #1892, #1435, #759, #323, #2779 ), #772, .T. ) ;
#2008 = DIRECTION ( 'NONE',  ( 0.000000000000000000, -0.8660254037844327124, -0.5000000000000101030 ) ) ;
#2009 = CARTESIAN_POINT ( 'NONE',  ( 61.01393314391512490, 115.6605832863800458, -34.31299810777707648 ) ) ;
#2010 = ORIENTED_EDGE ( 'NONE', *, *, #2258, .T. ) ;
#2011 = ORIENTED_EDGE ( 'NONE', *, *, #91, .F. ) ;
#2012 = AXIS2_PLACEMENT_3D ( 'NONE', #1026, #1749, #1475 ) ;
#2013 = EDGE_CURVE ( 'NONE', #1072, #1324, #2354, .T. ) ;
#2014 = CARTESIAN_POINT ( 'NONE',  ( 72.45868947776232005, 109.3112361162576747, 53.38432583076162530 ) ) ;
#2015 = LINE ( 'NONE', #1807, #2095 ) ;
#2016 = ORIENTED_EDGE ( 'NONE', *, *, #1123, .T. ) ;
#2017 = CARTESIAN_POINT ( 'NONE',  ( 84.50380592030310822, 181.0472150110070970, -31.01360348340164208 ) ) ;
#2018 = VERTEX_POINT ( 'NONE', #1755 ) ;
#2019 = CIRCLE ( 'NONE', #143, 8.000000000000000000 ) ;
#2020 = DIRECTION ( 'NONE',  ( 1.000000000000000000, -0.000000000000000000, -0.000000000000000000 ) ) ;
#2021 = CARTESIAN_POINT ( 'NONE',  ( 59.63220606350224529, 98.00000000000000000, -16.97056274847713553 ) ) ;
#2022 = CIRCLE ( 'NONE', #1504, 8.999999999999994671 ) ;
#2023 = CARTESIAN_POINT ( 'NONE',  ( 199.9999999999999716, 88.99999999999914735, 74.47818472546120461 ) ) ;
#2024 = ORIENTED_EDGE ( 'NONE', *, *, #1200, .T. ) ;
#2025 = ORIENTED_EDGE ( 'NONE', *, *, #809, .F. ) ;
#2026 = CIRCLE ( 'NONE', #899, 79.00000000000000000 ) ;
#2027 = CARTESIAN_POINT ( 'NONE',  ( 68.89607874977440360, 128.6262279906983110, 57.90796710938360548 ) ) ;
#2028 = DIRECTION ( 'NONE',  ( 0.000000000000000000, 0.000000000000000000, -1.000000000000000000 ) ) ;
#2029 = VERTEX_POINT ( 'NONE', #832 ) ;
#2030 = ADVANCED_FACE ( 'NONE', ( #397 ), #2396, .F. ) ;
#2031 = CARTESIAN_POINT ( 'NONE',  ( 85.86405746512416215, 183.3494851849735596, 26.98382415062290107 ) ) ;
#2032 = EDGE_LOOP ( 'NONE', ( #1222, #237 ) ) ;
#2033 = CARTESIAN_POINT ( 'NONE',  ( 59.78139486159528104, 94.34605377090647949, 5.169953523294552156 ) ) ;
#2034 = CARTESIAN_POINT ( 'NONE',  ( -76.21023553303099618, 274.0009999999999764, 34.99999999999929656 ) ) ;
#2035 = DIRECTION ( 'NONE',  ( 1.000000000000000000, -0.000000000000000000, 0.000000000000000000 ) ) ;
#2036 = VERTEX_POINT ( 'NONE', #2884 ) ;
#2037 = FACE_OUTER_BOUND ( 'NONE', #1619, .T. ) ;
#2038 = FACE_OUTER_BOUND ( 'NONE', #2426, .T. ) ;
#2039 = FACE_OUTER_BOUND ( 'NONE', #1510, .T. ) ;
#2040 = ORIENTED_EDGE ( 'NONE', *, *, #385, .F. ) ;
#2041 = CARTESIAN_POINT ( 'NONE',  ( -76.21023553303099618, 0.000000000000000000, 43.99999999999928946 ) ) ;
#2042 = CIRCLE ( 'NONE', #1007, 8.999999999999992895 ) ;
#2043 = EDGE_CURVE ( 'NONE', #2560, #1996, #2732, .T. ) ;
#2044 = CARTESIAN_POINT ( 'NONE',  ( 86.62783762485264560, 184.6164562302781746, 24.42159560346818736 ) ) ;
#2045 = ORIENTED_EDGE ( 'NONE', *, *, #1616, .T. ) ;
#2046 = CIRCLE ( 'NONE', #2280, 8.999999999999994671 ) ;
#2047 = EDGE_CURVE ( 'NONE', #461, #398, #298, .T. ) ;
#2048 = LINE ( 'NONE', #1575, #2061 ) ;
#2049 = CARTESIAN_POINT ( 'NONE',  ( 179.9999999999999716, 88.99999999999914735, 74.47818472546120461 ) ) ;
#2050 = CIRCLE ( 'NONE', #1153, 9.999999999999994671 ) ;
#2051 = DIRECTION ( 'NONE',  ( 1.000000000000000000, 0.000000000000000000, -0.000000000000000000 ) ) ;
#2052 = FILL_AREA_STYLE_COLOUR ( '', #67 ) ;
#2053 = DIRECTION ( 'NONE',  ( 0.000000000000000000, 0.000000000000000000, -1.000000000000000000 ) ) ;
#2054 = CARTESIAN_POINT ( 'NONE',  ( 65.33852737190372295, 160.5586236507724607, 25.18652119559104108 ) ) ;
#2055 = AXIS2_PLACEMENT_3D ( 'NONE', #193, #2439, #643 ) ;
#2056 = EDGE_LOOP ( 'NONE', ( #969, #338, #2673, #1033 ) ) ;
#2057 = DIRECTION ( 'NONE',  ( 0.000000000000000000, 1.000000000000000000, 0.000000000000000000 ) ) ;
#2058 = CARTESIAN_POINT ( 'NONE',  ( 1.347111479062088523E-14, 20.00000000000000000, 110.0000000000000000 ) ) ;
#2059 = ORIENTED_EDGE ( 'NONE', *, *, #2099, .T. ) ;
#2060 = VECTOR ( 'NONE', #2722, 1000.000000000000000 ) ;
#2061 = VECTOR ( 'NONE', #1828, 1000.000000000000000 ) ;
#2062 = FACE_OUTER_BOUND ( 'NONE', #2578, .T. ) ;
#2063 = CARTESIAN_POINT ( 'NONE',  ( 8.327598234202001119E-15, 19.99999999999999645, -68.00000000000000000 ) ) ;
#2064 = EDGE_CURVE ( 'NONE', #1467, #167, #1318, .T. ) ;
#2065 = CARTESIAN_POINT ( 'NONE',  ( 70.58765419302092425, 116.2763896166282507, -55.83419761690824856 ) ) ;
#2066 = DIRECTION ( 'NONE',  ( 0.000000000000000000, 0.000000000000000000, -1.000000000000000000 ) ) ;
#2067 = EDGE_CURVE ( 'NONE', #2018, #1380, #1301, .T. ) ;
#2068 = CARTESIAN_POINT ( 'NONE',  ( 0.000000000000000000, 0.000000000000000000, 0.000000000000000000 ) ) ;
#2069 = CARTESIAN_POINT ( 'NONE',  ( 69.29180879346995425, 168.6804403016191429, 10.00658201706148276 ) ) ;
#2070 = ORIENTED_EDGE ( 'NONE', *, *, #1838, .F. ) ;
#2071 = AXIS2_PLACEMENT_3D ( 'NONE', #1150, #1787, #221 ) ;
#2072 = DIRECTION ( 'NONE',  ( 0.8660254037844367092, 0.000000000000000000, 0.5000000000000035527 ) ) ;
#2073 = CARTESIAN_POINT ( 'NONE',  ( 80.05034008134356327, 89.45355680756273387, 39.43333642085879376 ) ) ;
#2074 = VERTEX_POINT ( 'NONE', #426 ) ;
#2075 = AXIS2_PLACEMENT_3D ( 'NONE', #533, #755, #1679 ) ;
#2076 = CARTESIAN_POINT ( 'NONE',  ( -135.0010000000000048, 175.0000000000003695, -74.47818472546153146 ) ) ;
#2077 = VECTOR ( 'NONE', #295, 1000.000000000000000 ) ;
#2078 = LINE ( 'NONE', #1621, #559 ) ;
#2079 = DIRECTION ( 'NONE',  ( 0.000000000000000000, 1.000000000000000000, 0.000000000000000000 ) ) ;
#2080 = ADVANCED_FACE ( 'NONE', ( #2202 ), #2838, .F. ) ;
#2081 = CARTESIAN_POINT ( 'NONE',  ( 60.00000000000000000, 98.00000000000000000, 0.000000000000000000 ) ) ;
#2082 = CYLINDRICAL_SURFACE ( 'NONE', #2488, 58.00000000000000000 ) ;
#2083 = ADVANCED_FACE ( 'NONE', ( #1537 ), #274, .F. ) ;
#2084 = CARTESIAN_POINT ( 'NONE',  ( 68.93017254021067686, 168.0009642470350002, -12.41953234601586331 ) ) ;
#2085 = ORIENTED_EDGE ( 'NONE', *, *, #1364, .T. ) ;
#2086 = CIRCLE ( 'NONE', #2452, 38.00000000000000000 ) ;
#2087 = CARTESIAN_POINT ( 'NONE',  ( -135.0010000000000048, 174.9999999999993179, 74.47818472546211410 ) ) ;
#2088 = CARTESIAN_POINT ( 'NONE',  ( 78.52531956673065849, 75.21270594325993386, 11.84737240887298881 ) ) ;
#2089 = ORIENTED_EDGE ( 'NONE', *, *, #2651, .F. ) ;
#2090 = CARTESIAN_POINT ( 'NONE',  ( 60.59522122158533364, 117.3006296031199724, -35.04690354970114896 ) ) ;
#2091 = ORIENTED_EDGE ( 'NONE', *, *, #273, .F. ) ;
#2092 = CARTESIAN_POINT ( 'NONE',  ( 96.99484522385765217, 254.0000000000000000, -55.99999999999909761 ) ) ;
#2093 = LINE ( 'NONE', #1165, #2530 ) ;
#2094 = DIRECTION ( 'NONE',  ( 0.8660254037844397068, 0.000000000000000000, -0.4999999999999981126 ) ) ;
#2095 = VECTOR ( 'NONE', #1528, 1000.000000000000000 ) ;
#2096 = CARTESIAN_POINT ( 'NONE',  ( 0.000000000000000000, 0.000000000000000000, 0.000000000000000000 ) ) ;
#2097 = CARTESIAN_POINT ( 'NONE',  ( 67.76412677673556573, 165.7052229156776662, -17.55955408525859696 ) ) ;
#2098 = EDGE_LOOP ( 'NONE', ( #2089, #2563 ) ) ;
#2099 = EDGE_CURVE ( 'NONE', #2225, #461, #1726, .T. ) ;
#2100 = AXIS2_PLACEMENT_3D ( 'NONE', #934, #2454, #888 ) ;
#2101 = DIRECTION ( 'NONE',  ( 0.000000000000000000, -1.000000000000000000, -0.000000000000000000 ) ) ;
#2102 = DIRECTION ( 'NONE',  ( -0.000000000000000000, -1.000000000000000000, -0.000000000000000000 ) ) ;
#2103 = ORIENTED_EDGE ( 'NONE', *, *, #2043, .T. ) ;
#2104 = CARTESIAN_POINT ( 'NONE',  ( 0.000000000000000000, 30.00000000000000000, 0.000000000000000000 ) ) ;
#2105 = EDGE_LOOP ( 'NONE', ( #371, #2111, #2115, #2441 ) ) ;
#2106 = DIRECTION ( 'NONE',  ( -0.000000000000000000, -1.000000000000000000, -0.000000000000000000 ) ) ;
#2107 = CARTESIAN_POINT ( 'NONE',  ( 73.39510556222469972, 106.3591362158465188, -52.12228650002992936 ) ) ;
#2108 = CARTESIAN_POINT ( 'NONE',  ( 76.21023553303069775, 0.000000000000000000, -52.99999999999981526 ) ) ;
#2109 = CARTESIAN_POINT ( 'NONE',  ( 1.347111479062088523E-14, 1.466026458109733990E-15, 110.0000000000000000 ) ) ;
#2110 = DIRECTION ( 'NONE',  ( 0.000000000000000000, 0.000000000000000000, -1.000000000000000000 ) ) ;
#2111 = ORIENTED_EDGE ( 'NONE', *, *, #785, .T. ) ;
#2112 = FACE_OUTER_BOUND ( 'NONE', #1371, .T. ) ;
#2113 = CARTESIAN_POINT ( 'NONE',  ( 64.46996191052826930, 105.5319203084641515, -27.27366327524761758 ) ) ;
#2114 = CARTESIAN_POINT ( 'NONE',  ( 79.85267656567795314, 90.21431895809567436, -40.23788741986244588 ) ) ;
#2115 = ORIENTED_EDGE ( 'NONE', *, *, #2849, .T. ) ;
#2116 = EDGE_CURVE ( 'NONE', #447, #459, #2281, .T. ) ;
#2117 = CIRCLE ( 'NONE', #1372, 8.999999999999992895 ) ;
#2118 = CARTESIAN_POINT ( 'NONE',  ( 64.70226658739638026, 101.2228523399081723, 22.29754346514047469 ) ) ;
#2119 = VERTEX_POINT ( 'NONE', #175 ) ;
#2120 = EDGE_CURVE ( 'NONE', #178, #957, #2897, .T. ) ;
#2121 = DIRECTION ( 'NONE',  ( 0.000000000000000000, 0.000000000000000000, -1.000000000000000000 ) ) ;
#2122 = CIRCLE ( 'NONE', #1746, 58.00000000000000000 ) ;
#2123 = DIRECTION ( 'NONE',  ( -1.000000000000000000, -0.000000000000000000, -0.000000000000000000 ) ) ;
#2124 = DIRECTION ( 'NONE',  ( 0.000000000000000000, 0.000000000000000000, -1.000000000000000000 ) ) ;
#2125 = CYLINDRICAL_SURFACE ( 'NONE', #1845, 135.0000000000000000 ) ;
#2126 = CARTESIAN_POINT ( 'NONE',  ( 199.9999999999999716, 132.0000000000000000, 38.00000000000000000 ) ) ;
#2127 = ORIENTED_EDGE ( 'NONE', *, *, #1436, .F. ) ;
#2128 = CARTESIAN_POINT ( 'NONE',  ( 0.000000000000000000, 95.64761515876240594, -90.00000000000001421 ) ) ;
#2129 = CARTESIAN_POINT ( 'NONE',  ( 0.000000000000000000, 0.000000000000000000, -96.99999999999998579 ) ) ;
#2130 = DIRECTION ( 'NONE',  ( 0.000000000000000000, 0.000000000000000000, 1.000000000000000000 ) ) ;
#2131 = VERTEX_POINT ( 'NONE', #1334 ) ;
#2132 = ADVANCED_FACE ( 'NONE', ( #2858 ), #2633, .F. ) ;
#2133 = DIRECTION ( 'NONE',  ( 0.000000000000000000, 0.000000000000000000, -1.000000000000000000 ) ) ;
#2134 = EDGE_LOOP ( 'NONE', ( #2291, #1144 ) ) ;
#2135 = CARTESIAN_POINT ( 'NONE',  ( 96.99484522385765217, 274.0000000000000000, -46.99999999999910472 ) ) ;
#2136 = EDGE_CURVE ( 'NONE', #1574, #1524, #1019, .T. ) ;
#2137 = CARTESIAN_POINT ( 'NONE',  ( 0.000000000000000000, -0.0009999999999732445133, -103.0000000000000142 ) ) ;
#2138 = AXIS2_PLACEMENT_3D ( 'NONE', #396, #763, #1231 ) ;
#2139 = LINE ( 'NONE', #2338, #2386 ) ;
#2140 = FACE_BOUND ( 'NONE', #512, .T. ) ;
#2141 = CIRCLE ( 'NONE', #920, 8.999999999999994671 ) ;
#2142 = CARTESIAN_POINT ( 'NONE',  ( 0.000000000000000000, 106.0000000000000000, 0.000000000000000000 ) ) ;
#2143 = EDGE_LOOP ( 'NONE', ( #2250, #1772, #332, #2405 ) ) ;
#2144 =( GEOMETRIC_REPRESENTATION_CONTEXT ( 3 ) GLOBAL_UNCERTAINTY_ASSIGNED_CONTEXT ( ( #1143 ) ) GLOBAL_UNIT_ASSIGNED_CONTEXT ( ( #589, #1244, #2371 ) ) REPRESENTATION_CONTEXT ( 'NONE', 'WORKASPACE' ) );
#2145 = CARTESIAN_POINT ( 'NONE',  ( -135.0020000000000095, 132.0000000000000000, 0.000000000000000000 ) ) ;
#2146 = CARTESIAN_POINT ( 'NONE',  ( -76.21023553303007247, 0.000000000000000000, -35.00000000000088818 ) ) ;
#2147 = ORIENTED_EDGE ( 'NONE', *, *, #2064, .F. ) ;
#2148 = DIRECTION ( 'NONE',  ( -0.000000000000000000, -1.000000000000000000, -0.000000000000000000 ) ) ;
#2149 = ORIENTED_EDGE ( 'NONE', *, *, #385, .T. ) ;
#2150 = CIRCLE ( 'NONE', #2378, 8.999999999999994671 ) ;
#2151 = DIRECTION ( 'NONE',  ( 0.000000000000000000, 0.000000000000000000, 1.000000000000000000 ) ) ;
#2152 = AXIS2_PLACEMENT_3D ( 'NONE', #463, #205, #2253 ) ;
#2153 = DIRECTION ( 'NONE',  ( 0.000000000000000000, 0.000000000000000000, -1.000000000000000000 ) ) ;
#2154 = CARTESIAN_POINT ( 'NONE',  ( 4.653657836759941941E-15, 0.000000000000000000, 38.00000000000000000 ) ) ;
#2155 = EDGE_CURVE ( 'NONE', #194, #1590, #210, .T. ) ;
#2156 = FACE_OUTER_BOUND ( 'NONE', #1865, .T. ) ;
#2157 = DIRECTION ( 'NONE',  ( -0.000000000000000000, -1.000000000000000000, -0.000000000000000000 ) ) ;
#2158 = ORIENTED_EDGE ( 'NONE', *, *, #2707, .T. ) ;
#2159 = PRESENTATION_LAYER_ASSIGNMENT (  '', '', ( #820 ) ) ;
#2160 = FACE_OUTER_BOUND ( 'NONE', #812, .T. ) ;
#2161 = CARTESIAN_POINT ( 'NONE',  ( 199.9999999999999716, 132.0000000000000000, -110.0000000000000000 ) ) ;
#2162 = ORIENTED_EDGE ( 'NONE', *, *, #900, .T. ) ;
#2163 = AXIS2_PLACEMENT_3D ( 'NONE', #2254, #248, #318 ) ;
#2164 = CARTESIAN_POINT ( 'NONE',  ( -76.21023553303007247, 274.0009999999999764, -35.00000000000088818 ) ) ;
#2165 = ORIENTED_EDGE ( 'NONE', *, *, #859, .F. ) ;
#2166 = CIRCLE ( 'NONE', #1080, 8.999999999999994671 ) ;
#2167 = FACE_BOUND ( 'NONE', #2845, .T. ) ;
#2168 = DIRECTION ( 'NONE',  ( -0.000000000000000000, -1.000000000000000000, -0.000000000000000000 ) ) ;
#2169 = TOROIDAL_SURFACE ( 'NONE', #2680, 65.00000000000000000, 25.00000000000000000 ) ;
#2170 = EDGE_CURVE ( 'NONE', #212, #2549, #1360, .T. ) ;
#2171 = FACE_BOUND ( 'NONE', #2351, .T. ) ;
#2172 = DIRECTION ( 'NONE',  ( -0.000000000000000000, -1.000000000000000000, -0.000000000000000000 ) ) ;
#2173 = ORIENTED_EDGE ( 'NONE', *, *, #2890, .T. ) ;
#2174 = CIRCLE ( 'NONE', #1230, 73.99999999999997158 ) ;
#2175 = EDGE_CURVE ( 'NONE', #1675, #1733, #1923, .T. ) ;
#2176 = DIRECTION ( 'NONE',  ( 1.000000000000000000, -0.000000000000000000, -0.000000000000000000 ) ) ;
#2177 = CARTESIAN_POINT ( 'NONE',  ( 96.99484522385648688, -0.0009999999999732445133, 65.00000000000112266 ) ) ;
#2178 = ORIENTED_EDGE ( 'NONE', *, *, #2674, .F. ) ;
#2179 = DIRECTION ( 'NONE',  ( 0.000000000000000000, 0.000000000000000000, 1.000000000000000000 ) ) ;
#2180 = EDGE_LOOP ( 'NONE', ( #171, #2866 ) ) ;
#2181 = CIRCLE ( 'NONE', #1338, 9.000000000000000000 ) ;
#2182 = CARTESIAN_POINT ( 'NONE',  ( -96.99484522385688479, 254.0000000000000000, -65.00000000000045475 ) ) ;
#2183 = CARTESIAN_POINT ( 'NONE',  ( -96.99484522385726848, -0.0009999999999732445133, 64.99999999999978684 ) ) ;
#2184 = AXIS2_PLACEMENT_3D ( 'NONE', #2744, #747, #2072 ) ;
#2185 = DIRECTION ( 'NONE',  ( -0.000000000000000000, -1.000000000000000000, -0.000000000000000000 ) ) ;
#2186 = DIRECTION ( 'NONE',  ( 1.000000000000000000, -0.000000000000000000, 0.000000000000000000 ) ) ;
#2187 = ORIENTED_EDGE ( 'NONE', *, *, #813, .F. ) ;
#2188 = EDGE_LOOP ( 'NONE', ( #303, #2902, #1727, #2158 ) ) ;
#2189 = AXIS2_PLACEMENT_3D ( 'NONE', #1643, #2102, #104 ) ;
#2190 = CARTESIAN_POINT ( 'NONE',  ( 46.00000000000000000, 88.00000000000001421, 0.000000000000000000 ) ) ;
#2191 = LINE ( 'NONE', #2177, #2238 ) ;
#2192 = ORIENTED_EDGE ( 'NONE', *, *, #1739, .F. ) ;
#2193 = CIRCLE ( 'NONE', #1249, 9.000000000000000000 ) ;
#2194 = EDGE_CURVE ( 'NONE', #2780, #47, #781, .T. ) ;
#2195 = CARTESIAN_POINT ( 'NONE',  ( 76.21023553303069775, 20.00000000000001776, -34.99999999999982947 ) ) ;
#2196 = ORIENTED_EDGE ( 'NONE', *, *, #2120, .T. ) ;
#2197 = EDGE_CURVE ( 'NONE', #2491, #1925, #37, .T. ) ;
#2198 = LINE ( 'NONE', #599, #1173 ) ;
#2199 = AXIS2_PLACEMENT_3D ( 'NONE', #302, #504, #2306 ) ;
#2200 = DIRECTION ( 'NONE',  ( -0.000000000000000000, 1.000000000000000000, -0.000000000000000000 ) ) ;
#2201 = CARTESIAN_POINT ( 'NONE',  ( 1.653273178848927024E-14, 254.0000000000000000, 135.0000000000000000 ) ) ;
#2202 = FACE_OUTER_BOUND ( 'NONE', #427, .T. ) ;
#2203 = ORIENTED_EDGE ( 'NONE', *, *, #2194, .T. ) ;
#2204 = EDGE_LOOP ( 'NONE', ( #1047, #2536 ) ) ;
#2205 = CIRCLE ( 'NONE', #793, 8.999999999999994671 ) ;
#2206 = DIRECTION ( 'NONE',  ( -0.000000000000000000, -1.000000000000000000, -0.000000000000000000 ) ) ;
#2207 = CARTESIAN_POINT ( 'NONE',  ( -135.0010000000000048, 132.0000000000000000, -38.00000000000000000 ) ) ;
#2208 = ORIENTED_EDGE ( 'NONE', *, *, #2503, .T. ) ;
#2209 = ADVANCED_FACE ( 'NONE', ( #2062 ), #787, .F. ) ;
#2210 = CARTESIAN_POINT ( 'NONE',  ( 71.88381867464580921, 152.8321735096122893, -54.16215115268605018 ) ) ;
#2211 = ORIENTED_EDGE ( 'NONE', *, *, #685, .T. ) ;
#2212 = EDGE_CURVE ( 'NONE', #2036, #334, #1917, .T. ) ;
#2213 = CARTESIAN_POINT ( 'NONE',  ( 60.94808428177599779, 98.10287872675026222, -17.17537887452226286 ) ) ;
#2214 = CARTESIAN_POINT ( 'NONE',  ( 0.000000000000000000, 30.00000000000000000, 0.000000000000000000 ) ) ;
#2215 = VECTOR ( 'NONE', #2051, 1000.000000000000000 ) ;
#2216 = CARTESIAN_POINT ( 'NONE',  ( 0.000000000000000000, 254.0000000000000000, 0.000000000000000000 ) ) ;
#2217 = CARTESIAN_POINT ( 'NONE',  ( 0.000000000000000000, 0.000000000000000000, 0.000000000000000000 ) ) ;
#2218 = ORIENTED_EDGE ( 'NONE', *, *, #2398, .T. ) ;
#2219 = VERTEX_POINT ( 'NONE', #738 ) ;
#2220 = DIRECTION ( 'NONE',  ( -0.000000000000000000, -1.000000000000000000, -0.000000000000000000 ) ) ;
#2221 = CIRCLE ( 'NONE', #1374, 90.00000000000000000 ) ;
#2222 = CARTESIAN_POINT ( 'NONE',  ( 60.87502004730870198, 147.8428164456183254, -34.56209023296959515 ) ) ;
#2223 = ORIENTED_EDGE ( 'NONE', *, *, #1830, .F. ) ;
#2224 = CARTESIAN_POINT ( 'NONE',  ( 89.48125699292288004, 189.1918545650866861, -9.698200792487856603 ) ) ;
#2225 = VERTEX_POINT ( 'NONE', #1844 ) ;
#2226 = CARTESIAN_POINT ( 'NONE',  ( 62.78619859254801128, 98.76990424988723305, -18.43457483855489798 ) ) ;
#2227 = DIRECTION ( 'NONE',  ( -0.000000000000000000, -1.000000000000000000, -0.000000000000000000 ) ) ;
#2228 = ADVANCED_FACE ( 'NONE', ( #958 ), #1661, .F. ) ;
#2229 = FACE_BOUND ( 'NONE', #680, .T. ) ;
#2230 = CARTESIAN_POINT ( 'NONE',  ( 61.60818533652246742, 113.5449485884726926, -33.23876356824244027 ) ) ;
#2231 = EDGE_LOOP ( 'NONE', ( #2772, #695, #1952, #2147 ) ) ;
#2232 = EDGE_LOOP ( 'NONE', ( #1803, #833, #251, #530 ) ) ;
#2233 = DIRECTION ( 'NONE',  ( 0.000000000000000000, 0.000000000000000000, -1.000000000000000000 ) ) ;
#2234 = DIRECTION ( 'NONE',  ( 0.000000000000000000, -0.000000000000000000, 1.000000000000000000 ) ) ;
#2235 = ORIENTED_EDGE ( 'NONE', *, *, #1022, .T. ) ;
#2236 = CARTESIAN_POINT ( 'NONE',  ( 199.9999999999999716, 174.9999999999993179, 74.47818472546211410 ) ) ;
#2237 = ORIENTED_EDGE ( 'NONE', *, *, #1236, .F. ) ;
#2238 = VECTOR ( 'NONE', #2596, 1000.000000000000000 ) ;
#2239 = CARTESIAN_POINT ( 'NONE',  ( 64.94184874490858306, 102.8402415264819894, -24.37512772219138668 ) ) ;
#2240 = CARTESIAN_POINT ( 'NONE',  ( -76.21023553303007247, 20.00000000000001776, -44.00000000000088818 ) ) ;
#2241 = CARTESIAN_POINT ( 'NONE',  ( -135.0010000000000048, 46.00000000000002132, -9.000000000000000000 ) ) ;
#2242 = VERTEX_POINT ( 'NONE', #2569 ) ;
#2243 = ADVANCED_FACE ( 'NONE', ( #724 ), #566, .T. ) ;
#2244 = APPLICATION_PROTOCOL_DEFINITION ( 'draft international standard', 'automotive_design', 1998, #2507 ) ;
#2245 = EDGE_LOOP ( 'NONE', ( #1136, #2417 ) ) ;
#2246 = CARTESIAN_POINT ( 'NONE',  ( -135.0010000000000048, 46.00000000000002132, 0.000000000000000000 ) ) ;
#2247 = VECTOR ( 'NONE', #1051, 1000.000000000000000 ) ;
#2248 = EDGE_CURVE ( 'NONE', #1925, #2491, #1962, .T. ) ;
#2249 = CARTESIAN_POINT ( 'NONE',  ( 0.000000000000000000, 88.00000000000001421, -46.00000000000000000 ) ) ;
#2250 = ORIENTED_EDGE ( 'NONE', *, *, #401, .F. ) ;
#2251 = CARTESIAN_POINT ( 'NONE',  ( 85.07442207088409702, 182.0218220777032911, -29.41710107568569299 ) ) ;
#2252 = EDGE_LOOP ( 'NONE', ( #1869, #1789, #662, #2835 ) ) ;
#2253 = DIRECTION ( 'NONE',  ( 0.000000000000000000, 0.000000000000000000, -1.000000000000000000 ) ) ;
#2254 = CARTESIAN_POINT ( 'NONE',  ( -135.0010000000000048, 89.00000000000018474, -74.47818472546180146 ) ) ;
#2255 = DIRECTION ( 'NONE',  ( -1.224646799147352468E-16, 0.000000000000000000, -1.000000000000000000 ) ) ;
#2256 = ORIENTED_EDGE ( 'NONE', *, *, #151, .F. ) ;
#2257 = PLANE ( 'NONE',  #1288 ) ;
#2258 = EDGE_CURVE ( 'NONE', #350, #1053, #2848, .T. ) ;
#2259 = AXIS2_PLACEMENT_3D ( 'NONE', #2436, #1769, #2423 ) ;
#2260 = CARTESIAN_POINT ( 'NONE',  ( 0.000000000000000000, 274.0009999999999764, 79.00000000000000000 ) ) ;
#2261 = CARTESIAN_POINT ( 'NONE',  ( 59.43508395993179505, 140.7689559539616937, -36.97978388559376128 ) ) ;
#2262 = ORIENTED_EDGE ( 'NONE', *, *, #1396, .F. ) ;
#2263 = EDGE_CURVE ( 'NONE', #2782, #1560, #651, .T. ) ;
#2264 = CARTESIAN_POINT ( 'NONE',  ( 1.102182119232617319E-15, -0.0009999999999732445133, -121.0000000000000000 ) ) ;
#2265 = CARTESIAN_POINT ( 'NONE',  ( 69.95128706983278732, 144.5722774066513807, -56.62932418638558829 ) ) ;
#2266 = VERTEX_POINT ( 'NONE', #138 ) ;
#2267 = EDGE_CURVE ( 'NONE', #1967, #167, #2754, .T. ) ;
#2268 = CARTESIAN_POINT ( 'NONE',  ( 58.27920029823589942, 96.77756884313882324, -14.33496208294274687 ) ) ;
#2269 = DIRECTION ( 'NONE',  ( 0.000000000000000000, 0.000000000000000000, -1.000000000000000000 ) ) ;
#2270 = CARTESIAN_POINT ( 'NONE',  ( 9.674709713264090904E-15, 0.000000000000000000, 79.00000000000000000 ) ) ;
#2271 = DIRECTION ( 'NONE',  ( 1.000000000000000000, -0.000000000000000000, 0.000000000000000000 ) ) ;
#2272 = DIRECTION ( 'NONE',  ( 0.000000000000000000, 0.000000000000000000, -1.000000000000000000 ) ) ;
#2273 = CARTESIAN_POINT ( 'NONE',  ( 60.07008010844566570, 144.3590237424770066, 35.93949233877408744 ) ) ;
#2274 = ORIENTED_EDGE ( 'NONE', *, *, #682, .T. ) ;
#2275 = DIRECTION ( 'NONE',  ( -0.8660254037844431485, 0.000000000000000000, 0.4999999999999922284 ) ) ;
#2276 = VECTOR ( 'NONE', #733, 1000.000000000000000 ) ;
#2277 = CARTESIAN_POINT ( 'NONE',  ( 78.15652637601111508, 74.73100335843113839, -9.195389977942662441 ) ) ;
#2278 = ORIENTED_EDGE ( 'NONE', *, *, #1332, .F. ) ;
#2279 = EDGE_CURVE ( 'NONE', #1532, #428, #322, .T. ) ;
#2280 = AXIS2_PLACEMENT_3D ( 'NONE', #1913, #2844, #1039 ) ;
#2281 = LINE ( 'NONE', #2410, #1258 ) ;
#2282 = DIRECTION ( 'NONE',  ( 0.000000000000000000, 1.000000000000000000, 0.000000000000000000 ) ) ;
#2283 = CARTESIAN_POINT ( 'NONE',  ( 76.38794365469863124, 98.84164259487940285, -47.59372624243075478 ) ) ;
#2284 = CARTESIAN_POINT ( 'NONE',  ( 96.99484522385765217, 274.0000000000000000, -64.99999999999910472 ) ) ;
#2285 = FACE_OUTER_BOUND ( 'NONE', #2814, .T. ) ;
#2286 = CARTESIAN_POINT ( 'NONE',  ( 63.18455725174707283, 155.2363495088543743, -30.16697408656169088 ) ) ;
#2287 = VECTOR ( 'NONE', #490, 1000.000000000000000 ) ;
#2288 = VERTEX_POINT ( 'NONE', #637 ) ;
#2289 = DIRECTION ( 'NONE',  ( 0.000000000000000000, 0.000000000000000000, 1.000000000000000000 ) ) ;
#2290 = CARTESIAN_POINT ( 'NONE',  ( 77.82991637953520581, 95.64761515876240594, -45.19407169479819686 ) ) ;
#2291 = ORIENTED_EDGE ( 'NONE', *, *, #220, .F. ) ;
#2292 = EDGE_CURVE ( 'NONE', #1759, #636, #2821, .T. ) ;
#2293 = CARTESIAN_POINT ( 'NONE',  ( 62.08936740492769957, 98.42991295192669554, 17.80618360075179396 ) ) ;
#2294 = CYLINDRICAL_SURFACE ( 'NONE', #701, 8.999999999999994671 ) ;
#2295 = ADVANCED_FACE ( 'NONE', ( #1237 ), #1042, .F. ) ;
#2296 = CARTESIAN_POINT ( 'NONE',  ( 179.9999999999999716, 218.0000000000000000, -9.000000000000000000 ) ) ;
#2297 = TOROIDAL_SURFACE ( 'NONE', #145, 83.00000000000000000, 25.00000000000000000 ) ;
#2298 = CARTESIAN_POINT ( 'NONE',  ( 70.00000000000000000, 268.0000000000000000, 0.000000000000000000 ) ) ;
#2299 = DIRECTION ( 'NONE',  ( 0.000000000000000000, 0.000000000000000000, -1.000000000000000000 ) ) ;
#2300 = CARTESIAN_POINT ( 'NONE',  ( 58.83996646633513450, 134.5587218974104360, 37.91912208834599340 ) ) ;
#2301 = EDGE_LOOP ( 'NONE', ( #404, #590, #603, #665 ) ) ;
#2302 = DIRECTION ( 'NONE',  ( -0.000000000000000000, -1.000000000000000000, -0.000000000000000000 ) ) ;
#2303 = CARTESIAN_POINT ( 'NONE',  ( 80.48886407238062191, 87.33399007121715840, -37.01551820555520322 ) ) ;
#2304 = ORIENTED_EDGE ( 'NONE', *, *, #2194, .F. ) ;
#2305 = VECTOR ( 'NONE', #1369, 1000.000000000000000 ) ;
#2306 = DIRECTION ( 'NONE',  ( 0.000000000000000000, 0.000000000000000000, -1.000000000000000000 ) ) ;
#2307 = VERTEX_POINT ( 'NONE', #2805 ) ;
#2308 = DIRECTION ( 'NONE',  ( -0.000000000000000000, -1.000000000000000000, -0.000000000000000000 ) ) ;
#2309 = DIRECTION ( 'NONE',  ( -0.000000000000000000, 1.000000000000000000, 0.000000000000000000 ) ) ;
#2310 = DIRECTION ( 'NONE',  ( 0.000000000000000000, 0.000000000000000000, -1.000000000000000000 ) ) ;
#2311 = DIRECTION ( 'NONE',  ( -0.000000000000000000, -1.000000000000000000, -0.000000000000000000 ) ) ;
#2312 = DIRECTION ( 'NONE',  ( 0.000000000000000000, 0.000000000000000000, 1.000000000000000000 ) ) ;
#2313 = ORIENTED_EDGE ( 'NONE', *, *, #2413, .T. ) ;
#2314 = CLOSED_SHELL ( 'NONE', ( #187, #1736, #2083, #131, #2363, #1458, #1295, #536, #505, #1417, #1687, #997, #1110, #878, #1902, #2228, #598, #1703, #1631, #1421, #2243, #2209, #1780, #634, #2811, #1385, #2886, #2773, #843, #86, #2854, #1956, #1997, #1834, #1001, #2449, #2613, #1853, #1889, #1612, #1943, #1922, #2132, #95, #646, #2601, #50, #581, #1684, #1761, #1220, #1018, #1087, #1667, #720, #347, #1600, #1073, #2007, #1329, #2713, #32, #2295, #2688, #2030, #72, #2645, #360, #790, #2561, #614, #1290, #828, #1477, #2080, #2729, #1992, #610, #1960 ) ) ;
#2315 = CARTESIAN_POINT ( 'NONE',  ( -96.99484522385726848, -0.0009999999999732445133, 55.99999999999977973 ) ) ;
#2316 = CARTESIAN_POINT ( 'NONE',  ( 80.22922543136799334, 78.75367400409608365, 23.09924907136801053 ) ) ;
#2317 = VERTEX_POINT ( 'NONE', #405 ) ;
#2318 = DIRECTION ( 'NONE',  ( 0.000000000000000000, 0.000000000000000000, 1.000000000000000000 ) ) ;
#2319 = EDGE_LOOP ( 'NONE', ( #1900, #2696, #622, #2000 ) ) ;
#2320 = CARTESIAN_POINT ( 'NONE',  ( -76.21023553303099618, 274.0009999999999764, 43.99999999999928946 ) ) ;
#2321 = CARTESIAN_POINT ( 'NONE',  ( 72.41313753154885546, 109.2754813107575131, -53.46284660701072511 ) ) ;
#2322 = AXIS2_PLACEMENT_3D ( 'NONE', #387, #166, #2863 ) ;
#2323 = EDGE_CURVE ( 'NONE', #1984, #1518, #740, .T. ) ;
#2324 = CARTESIAN_POINT ( 'NONE',  ( 0.000000000000000000, 0.000000000000000000, 0.000000000000000000 ) ) ;
#2325 = CARTESIAN_POINT ( 'NONE',  ( 63.17910608794984029, 155.1595966694507354, 30.15183875349345755 ) ) ;
#2326 = VERTEX_POINT ( 'NONE', #2195 ) ;
#2327 = EDGE_CURVE ( 'NONE', #1335, #1898, #608, .T. ) ;
#2328 = CARTESIAN_POINT ( 'NONE',  ( 0.000000000000000000, -0.0009999999999732445133, 112.0000000000000000 ) ) ;
#2329 = AXIS2_PLACEMENT_3D ( 'NONE', #361, #1502, #1267 ) ;
#2330 = CARTESIAN_POINT ( 'NONE',  ( 77.95314518043515761, 74.48545124242569671, 7.566919183734991172 ) ) ;
#2331 = EDGE_LOOP ( 'NONE', ( #596, #1671, #821, #1086 ) ) ;
#2332 = CARTESIAN_POINT ( 'NONE',  ( 64.94201468042325587, 102.8499658783064064, 24.38681042414207667 ) ) ;
#2333 = EDGE_LOOP ( 'NONE', ( #414, #824, #1718, #442 ) ) ;
#2334 = AXIS2_PLACEMENT_3D ( 'NONE', #1609, #712, #1829 ) ;
#2335 = AXIS2_PLACEMENT_3D ( 'NONE', #2360, #2802, #591 ) ;
#2336 = CARTESIAN_POINT ( 'NONE',  ( 5.633375276077824704E-15, 34.00000000000000711, 46.00000000000000000 ) ) ;
#2337 = CARTESIAN_POINT ( 'NONE',  ( 71.15555092261249115, 113.8975611701390278, -55.10885218675738884 ) ) ;
#2338 = CARTESIAN_POINT ( 'NONE',  ( -135.0010000000000048, 89.00000000000018474, -83.47818472546180146 ) ) ;
#2339 = FACE_OUTER_BOUND ( 'NONE', #1648, .T. ) ;
#2340 = CARTESIAN_POINT ( 'NONE',  ( 0.000000000000000000, 274.0000000000000000, -112.0000000000000000 ) ) ;
#2341 = EDGE_LOOP ( 'NONE', ( #1627, #314 ) ) ;
#2342 = EDGE_CURVE ( 'NONE', #2887, #807, #1678, .T. ) ;
#2343 = CARTESIAN_POINT ( 'NONE',  ( 0.000000000000000000, 34.00000000000000711, 0.000000000000000000 ) ) ;
#2344 = FACE_BOUND ( 'NONE', #574, .T. ) ;
#2345 = FACE_BOUND ( 'NONE', #602, .T. ) ;
#2346 = ORIENTED_EDGE ( 'NONE', *, *, #2175, .F. ) ;
#2347 = EDGE_CURVE ( 'NONE', #93, #2459, #1054, .T. ) ;
#2348 = VECTOR ( 'NONE', #916, 1000.000000000000000 ) ;
#2349 = CIRCLE ( 'NONE', #1982, 8.999999999999994671 ) ;
#2350 = CARTESIAN_POINT ( 'NONE',  ( 59.52647073948771350, 122.3612815153964277, -36.83607161182243317 ) ) ;
#2351 = EDGE_LOOP ( 'NONE', ( #1516, #1078 ) ) ;
#2352 = DIRECTION ( 'NONE',  ( 0.000000000000000000, 1.000000000000000000, 0.000000000000000000 ) ) ;
#2353 = EDGE_CURVE ( 'NONE', #2755, #527, #2150, .T. ) ;
#2354 = CIRCLE ( 'NONE', #1653, 8.999999999999996447 ) ;
#2355 = FACE_BOUND ( 'NONE', #2906, .T. ) ;
#2356 = CARTESIAN_POINT ( 'NONE',  ( 0.000000000000000000, 274.0000000000000000, -103.0000000000000142 ) ) ;
#2357 = DIRECTION ( 'NONE',  ( -0.000000000000000000, -1.000000000000000000, -0.000000000000000000 ) ) ;
#2358 = CARTESIAN_POINT ( 'NONE',  ( 96.99484522385765217, 254.0000000000000000, -64.99999999999910472 ) ) ;
#2359 = ORIENTED_EDGE ( 'NONE', *, *, #226, .T. ) ;
#2360 = CARTESIAN_POINT ( 'NONE',  ( -96.99484522385726848, 254.0000000000000000, 55.99999999999977973 ) ) ;
#2361 = DIRECTION ( 'NONE',  ( 1.000000000000000000, 0.000000000000000000, 0.000000000000000000 ) ) ;
#2362 = VERTEX_POINT ( 'NONE', #1251 ) ;
#2363 = ADVANCED_FACE ( 'NONE', ( #2640 ), #2834, .F. ) ;
#2364 = CARTESIAN_POINT ( 'NONE',  ( 8.327598234202001119E-15, 30.00000000000000000, -68.00000000000000000 ) ) ;
#2365 = ORIENTED_EDGE ( 'NONE', *, *, #2323, .F. ) ;
#2366 = CARTESIAN_POINT ( 'NONE',  ( 0.000000000000000000, 95.64761515876240594, 0.000000000000000000 ) ) ;
#2367 = EDGE_CURVE ( 'NONE', #1293, #540, #1254, .T. ) ;
#2368 = DIRECTION ( 'NONE',  ( 0.000000000000000000, 1.000000000000000000, 0.000000000000000000 ) ) ;
#2369 = CYLINDRICAL_SURFACE ( 'NONE', #2685, 8.999999999999994671 ) ;
#2370 = CIRCLE ( 'NONE', #597, 8.999999999999996447 ) ;
#2371 =( NAMED_UNIT ( * ) SI_UNIT ( $, .STERADIAN. ) SOLID_ANGLE_UNIT ( ) );
#2372 = ORIENTED_EDGE ( 'NONE', *, *, #1176, .F. ) ;
#2373 = AXIS2_PLACEMENT_3D ( 'NONE', #1728, #1714, #148 ) ;
#2374 = LINE ( 'NONE', #994, #2473 ) ;
#2375 = ORIENTED_EDGE ( 'NONE', *, *, #1739, .T. ) ;
#2376 = DIRECTION ( 'NONE',  ( 0.000000000000000000, 0.000000000000000000, -1.000000000000000000 ) ) ;
#2377 = ORIENTED_EDGE ( 'NONE', *, *, #2503, .F. ) ;
#2378 = AXIS2_PLACEMENT_3D ( 'NONE', #1958, #390, #185 ) ;
#2379 = EDGE_CURVE ( 'NONE', #2411, #1319, #1493, .T. ) ;
#2380 = CIRCLE ( 'NONE', #1683, 70.00000000000000000 ) ;
#2381 = CARTESIAN_POINT ( 'NONE',  ( -96.99484522385688479, 274.0000000000000000, -56.00000000000046185 ) ) ;
#2382 = EDGE_CURVE ( 'NONE', #954, #990, #1064, .T. ) ;
#2383 = CARTESIAN_POINT ( 'NONE',  ( 0.000000000000000000, 274.0009999999999764, 88.00000000000000000 ) ) ;
#2384 = CARTESIAN_POINT ( 'NONE',  ( 0.000000000000000000, 254.0000000000000000, 112.0000000000000000 ) ) ;
#2385 = VERTEX_POINT ( 'NONE', #2656 ) ;
#2386 = VECTOR ( 'NONE', #129, 1000.000000000000000 ) ;
#2387 = DIRECTION ( 'NONE',  ( 0.000000000000000000, -1.000000000000000000, -0.000000000000000000 ) ) ;
#2388 = CARTESIAN_POINT ( 'NONE',  ( -76.21023553303007247, 0.000000000000000000, -53.00000000000088107 ) ) ;
#2389 = ORIENTED_EDGE ( 'NONE', *, *, #966, .T. ) ;
#2390 = DIRECTION ( 'NONE',  ( 0.000000000000000000, 0.000000000000000000, -1.000000000000000000 ) ) ;
#2391 = ORIENTED_EDGE ( 'NONE', *, *, #650, .T. ) ;
#2392 = AXIS2_PLACEMENT_3D ( 'NONE', #626, #1695, #1479 ) ;
#2393 = DIRECTION ( 'NONE',  ( -0.000000000000000000, 1.000000000000000000, -0.000000000000000000 ) ) ;
#2394 = DIRECTION ( 'NONE',  ( -1.000000000000000000, -0.000000000000000000, -0.000000000000000000 ) ) ;
#2395 = DIRECTION ( 'NONE',  ( 0.000000000000000000, -1.000000000000000000, 0.000000000000000000 ) ) ;
#2396 = CYLINDRICAL_SURFACE ( 'NONE', #1470, 9.000000000000000000 ) ;
#2397 = ORIENTED_EDGE ( 'NONE', *, *, #2636, .T. ) ;
#2398 = EDGE_CURVE ( 'NONE', #2225, #2131, #545, .T. ) ;
#2399 = DIRECTION ( 'NONE',  ( 0.000000000000000000, 1.000000000000000000, 0.000000000000000000 ) ) ;
#2400 = VERTEX_POINT ( 'NONE', #2058 ) ;
#2401 = DIRECTION ( 'NONE',  ( -0.000000000000000000, -1.000000000000000000, -0.000000000000000000 ) ) ;
#2402 = FACE_BOUND ( 'NONE', #1942, .T. ) ;
#2403 = ORIENTED_EDGE ( 'NONE', *, *, #2212, .F. ) ;
#2404 = CARTESIAN_POINT ( 'NONE',  ( 69.14644656906931175, 138.7940224619754588, 57.60889780682268224 ) ) ;
#2405 = ORIENTED_EDGE ( 'NONE', *, *, #468, .F. ) ;
#2406 = DIRECTION ( 'NONE',  ( 0.000000000000000000, 0.000000000000000000, -1.000000000000000000 ) ) ;
#2407 = LINE ( 'NONE', #191, #342 ) ;
#2408 = VECTOR ( 'NONE', #2531, 1000.000000000000000 ) ;
#2409 = LINE ( 'NONE', #1008, #82 ) ;
#2410 = CARTESIAN_POINT ( 'NONE',  ( -135.0010000000000048, 88.99999999999914735, 83.47818472546120461 ) ) ;
#2411 = VERTEX_POINT ( 'NONE', #2532 ) ;
#2412 = ORIENTED_EDGE ( 'NONE', *, *, #631, .F. ) ;
#2413 = EDGE_CURVE ( 'NONE', #2592, #369, #2888, .T. ) ;
#2414 = AXIS2_PLACEMENT_3D ( 'NONE', #2430, #458, #1339 ) ;
#2415 = CARTESIAN_POINT ( 'NONE',  ( 69.12943883697256808, 125.2373040503959345, 57.62949122723068029 ) ) ;
#2416 = CARTESIAN_POINT ( 'NONE',  ( 59.62800070953800002, 141.9931902721323240, -36.66790357973444259 ) ) ;
#2417 = ORIENTED_EDGE ( 'NONE', *, *, #17, .F. ) ;
#2418 = CIRCLE ( 'NONE', #1105, 8.999999999999992895 ) ;
#2419 = EDGE_CURVE ( 'NONE', #8, #2521, #552, .T. ) ;
#2420 = CARTESIAN_POINT ( 'NONE',  ( 75.40246009012045647, 162.8455362615245008, 49.15233733159485752 ) ) ;
#2421 = ORIENTED_EDGE ( 'NONE', *, *, #2776, .T. ) ;
#2422 = CARTESIAN_POINT ( 'NONE',  ( 4.653657836759941941E-15, 0.000000000000000000, 38.00000000000000000 ) ) ;
#2423 = DIRECTION ( 'NONE',  ( 0.8660254037844367092, 0.000000000000000000, 0.5000000000000035527 ) ) ;
#2424 = DIRECTION ( 'NONE',  ( 0.000000000000000000, 0.000000000000000000, -1.000000000000000000 ) ) ;
#2425 = CARTESIAN_POINT ( 'NONE',  ( 179.9999999999999716, 46.00000000000002132, 0.000000000000000000 ) ) ;
#2426 = EDGE_LOOP ( 'NONE', ( #1529, #1699, #1191, #2663 ) ) ;
#2427 = ORIENTED_EDGE ( 'NONE', *, *, #1309, .F. ) ;
#2428 = CIRCLE ( 'NONE', #1068, 8.999999999999994671 ) ;
#2429 = DIRECTION ( 'NONE',  ( -0.000000000000000000, 1.000000000000000000, -0.000000000000000000 ) ) ;
#2430 = CARTESIAN_POINT ( 'NONE',  ( -76.21023553303099618, 0.000000000000000000, 43.99999999999928946 ) ) ;
#2431 = ORIENTED_EDGE ( 'NONE', *, *, #2453, .F. ) ;
#2432 = DIRECTION ( 'NONE',  ( 1.000000000000000000, 0.000000000000000000, 0.000000000000000000 ) ) ;
#2433 = ORIENTED_EDGE ( 'NONE', *, *, #2471, .T. ) ;
#2434 = EDGE_CURVE ( 'NONE', #917, #2411, #1218, .T. ) ;
#2435 = CARTESIAN_POINT ( 'NONE',  ( 61.82915802042902698, 98.32722981432603149, -17.61180783163941044 ) ) ;
#2436 = CARTESIAN_POINT ( 'NONE',  ( 76.21023553303041354, 0.000000000000000000, 44.00000000000035527 ) ) ;
#2437 = AXIS2_PLACEMENT_3D ( 'NONE', #2836, #1463, #1016 ) ;
#2438 = DIRECTION ( 'NONE',  ( -0.000000000000000000, -1.000000000000000000, -0.000000000000000000 ) ) ;
#2439 = DIRECTION ( 'NONE',  ( -0.000000000000000000, -1.000000000000000000, -0.000000000000000000 ) ) ;
#2440 = AXIS2_PLACEMENT_3D ( 'NONE', #2315, #709, #1617 ) ;
#2441 = ORIENTED_EDGE ( 'NONE', *, *, #1350, .F. ) ;
#2442 = ORIENTED_EDGE ( 'NONE', *, *, #1185, .F. ) ;
#2443 = CARTESIAN_POINT ( 'NONE',  ( -96.99484522385688479, -0.0009999999999732445133, -65.00000000000045475 ) ) ;
#2444 = AXIS2_PLACEMENT_3D ( 'NONE', #1625, #962, #2511 ) ;
#2445 = DIRECTION ( 'NONE',  ( 0.000000000000000000, 0.000000000000000000, -1.000000000000000000 ) ) ;
#2446 = ORIENTED_EDGE ( 'NONE', *, *, #2760, .T. ) ;
#2447 = CARTESIAN_POINT ( 'NONE',  ( 86.86749151218545251, 185.0098814454569833, 23.55542508927622336 ) ) ;
#2448 = EDGE_LOOP ( 'NONE', ( #1888, #1525, #2621, #1159 ) ) ;
#2449 = ADVANCED_FACE ( 'NONE', ( #1659 ), #748, .T. ) ;
#2450 = CARTESIAN_POINT ( 'NONE',  ( 64.80260839311586096, 101.6009213425949866, -22.81095325460134760 ) ) ;
#2451 = CARTESIAN_POINT ( 'NONE',  ( -96.99484522385688479, 254.0000000000000000, -56.00000000000046185 ) ) ;
#2452 = AXIS2_PLACEMENT_3D ( 'NONE', #1860, #727, #1598 ) ;
#2453 = EDGE_CURVE ( 'NONE', #1050, #2288, #498, .T. ) ;
#2454 = DIRECTION ( 'NONE',  ( 0.000000000000000000, -1.000000000000000000, -0.000000000000000000 ) ) ;
#2455 = VERTEX_POINT ( 'NONE', #1941 ) ;
#2456 = ORIENTED_EDGE ( 'NONE', *, *, #2849, .F. ) ;
#2457 = DIRECTION ( 'NONE',  ( -0.000000000000000000, -1.000000000000000000, -0.000000000000000000 ) ) ;
#2458 = DIRECTION ( 'NONE',  ( 1.000000000000000000, -0.000000000000000000, -0.000000000000000000 ) ) ;
#2459 = VERTEX_POINT ( 'NONE', #2146 ) ;
#2460 = CARTESIAN_POINT ( 'NONE',  ( 88.75224437781272968, 188.0474893635102660, -15.42053624678391266 ) ) ;
#2461 = EDGE_LOOP ( 'NONE', ( #267, #1582, #2359, #2804 ) ) ;
#2462 = CIRCLE ( 'NONE', #315, 61.99999999999995026 ) ;
#2463 = CARTESIAN_POINT ( 'NONE',  ( 59.79912498936890586, 98.00000000000000000, -16.97056274847712487 ) ) ;
#2464 = DIRECTION ( 'NONE',  ( 0.000000000000000000, 0.000000000000000000, -1.000000000000000000 ) ) ;
#2465 = EDGE_CURVE ( 'NONE', #2455, #1335, #641, .T. ) ;
#2466 = AXIS2_PLACEMENT_3D ( 'NONE', #2328, #642, #993 ) ;
#2467 = AXIS2_PLACEMENT_3D ( 'NONE', #29, #2720, #2879 ) ;
#2468 = CARTESIAN_POINT ( 'NONE',  ( 58.94143862940516954, 127.1408032149242473, 37.76506801122253876 ) ) ;
#2469 = ORIENTED_EDGE ( 'NONE', *, *, #666, .F. ) ;
#2470 = CARTESIAN_POINT ( 'NONE',  ( 0.000000000000000000, 49.00000000000000711, -58.00000000000000000 ) ) ;
#2471 = EDGE_CURVE ( 'NONE', #815, #2782, #136, .T. ) ;
#2472 = FACE_OUTER_BOUND ( 'NONE', #2252, .T. ) ;
#2473 = VECTOR ( 'NONE', #1896, 1000.000000000000000 ) ;
#2474 = CARTESIAN_POINT ( 'NONE',  ( 58.78775382679629047, 132.0000000000000000, -38.00000000000000000 ) ) ;
#2475 = EDGE_LOOP ( 'NONE', ( #384, #779, #827, #1025 ) ) ;
#2476 = LINE ( 'NONE', #2264, #525 ) ;
#2477 = CARTESIAN_POINT ( 'NONE',  ( 77.36902346231011052, 167.4639856022685649, -46.04373382923758840 ) ) ;
#2478 = EDGE_LOOP ( 'NONE', ( #475, #2826 ) ) ;
#2479 = CARTESIAN_POINT ( 'NONE',  ( 59.71419666553163808, 94.45275840705652115, -5.895023711586163451 ) ) ;
#2480 = CARTESIAN_POINT ( 'NONE',  ( 96.99484522385648688, 254.0000000000000000, 47.00000000000113687 ) ) ;
#2481 = CARTESIAN_POINT ( 'NONE',  ( 7.102951435054648059E-15, 0.000000000000000000, 58.00000000000000000 ) ) ;
#2482 = DIRECTION ( 'NONE',  ( 0.000000000000000000, 0.000000000000000000, -1.000000000000000000 ) ) ;
#2483 = AXIS2_PLACEMENT_3D ( 'NONE', #1017, #1920, #1492 ) ;
#2484 = EDGE_CURVE ( 'NONE', #374, #2592, #2462, .T. ) ;
#2485 = CARTESIAN_POINT ( 'NONE',  ( 0.000000000000000000, 95.64761515876240594, 0.000000000000000000 ) ) ;
#2486 = CARTESIAN_POINT ( 'NONE',  ( 66.03967515899907426, 162.1117279015226700, 23.30994806082432191 ) ) ;
#2487 = ORIENTED_EDGE ( 'NONE', *, *, #2794, .T. ) ;
#2488 = AXIS2_PLACEMENT_3D ( 'NONE', #2096, #2496, #24 ) ;
#2489 = DIRECTION ( 'NONE',  ( -0.000000000000000000, -1.000000000000000000, -0.000000000000000000 ) ) ;
#2490 = CARTESIAN_POINT ( 'NONE',  ( 79.85804878393653894, 90.19513564337339062, 40.21813389657809523 ) ) ;
#2491 = VERTEX_POINT ( 'NONE', #119 ) ;
#2492 = CARTESIAN_POINT ( 'NONE',  ( 0.000000000000000000, 0.000000000000000000, -135.0000000000000000 ) ) ;
#2493 = CARTESIAN_POINT ( 'NONE',  ( 199.9999999999999716, 88.99999999999914735, 83.47818472546120461 ) ) ;
#2494 = DIRECTION ( 'NONE',  ( 1.000000000000000000, 0.000000000000000000, 0.000000000000000000 ) ) ;
#2495 = DIRECTION ( 'NONE',  ( -1.000000000000000000, -0.000000000000000000, -0.000000000000000000 ) ) ;
#2496 = DIRECTION ( 'NONE',  ( -0.000000000000000000, -1.000000000000000000, -0.000000000000000000 ) ) ;
#2497 = CARTESIAN_POINT ( 'NONE',  ( 63.90758019887994834, 157.1130147040930183, -28.62396574273681438 ) ) ;
#2498 = ORIENTED_EDGE ( 'NONE', *, *, #554, .F. ) ;
#2499 = EDGE_CURVE ( 'NONE', #815, #1040, #2504, .T. ) ;
#2500 = CARTESIAN_POINT ( 'NONE',  ( 0.000000000000000000, 106.0000000000000000, 0.000000000000000000 ) ) ;
#2501 = CARTESIAN_POINT ( 'NONE',  ( 80.84127640479158572, 84.01136675214959837, 32.64703609554464947 ) ) ;
#2502 = ORIENTED_EDGE ( 'NONE', *, *, #1195, .T. ) ;
#2503 = EDGE_CURVE ( 'NONE', #1324, #1072, #2370, .T. ) ;
#2504 = CIRCLE ( 'NONE', #76, 8.999999999999994671 ) ;
#2505 = CARTESIAN_POINT ( 'NONE',  ( 64.20998913824061560, 100.1364895558301953, 20.71482434706165066 ) ) ;
#2506 = CARTESIAN_POINT ( 'NONE',  ( 180.0000000000000000, 132.0000000000000000, 110.0000000000000000 ) ) ;
#2507 = APPLICATION_CONTEXT ( 'automotive_design' ) ;
#2508 = AXIS2_PLACEMENT_3D ( 'NONE', #2340, #1670, #2110 ) ;
#2509 = CARTESIAN_POINT ( 'NONE',  ( 76.67427510169187599, 98.18765326485097944, -47.13134459559883993 ) ) ;
#2510 = CARTESIAN_POINT ( 'NONE',  ( 76.21023553303069775, 0.000000000000000000, -43.99999999999982236 ) ) ;
#2511 = DIRECTION ( 'NONE',  ( 0.8660254037844431485, 0.000000000000000000, -0.4999999999999922284 ) ) ;
#2512 = CARTESIAN_POINT ( 'NONE',  ( 69.82527844904673486, 169.6773297131000788, -5.102499706736992380 ) ) ;
#2513 = ORIENTED_EDGE ( 'NONE', *, *, #1368, .F. ) ;
#2514 = AXIS2_PLACEMENT_3D ( 'NONE', #1985, #2876, #865 ) ;
#2515 = DIRECTION ( 'NONE',  ( -0.000000000000000000, -1.000000000000000000, -0.000000000000000000 ) ) ;
#2516 = EDGE_CURVE ( 'NONE', #2131, #398, #373, .T. ) ;
#2517 = CARTESIAN_POINT ( 'NONE',  ( 78.58431006983653333, 94.03246946502574133, 43.89491019791253734 ) ) ;
#2518 = ORIENTED_EDGE ( 'NONE', *, *, #306, .T. ) ;
#2519 = EDGE_CURVE ( 'NONE', #2074, #1354, #2193, .T. ) ;
#2520 = CARTESIAN_POINT ( 'NONE',  ( 60.30006002440931212, 98.01953001262626231, 17.00988909251011449 ) ) ;
#2521 = VERTEX_POINT ( 'NONE', #621 ) ;
#2522 = DIRECTION ( 'NONE',  ( -0.000000000000000000, -1.000000000000000000, -0.000000000000000000 ) ) ;
#2523 = CIRCLE ( 'NONE', #2622, 8.999999999999994671 ) ;
#2524 = DIRECTION ( 'NONE',  ( 0.000000000000000000, 0.000000000000000000, -1.000000000000000000 ) ) ;
#2525 = AXIS2_PLACEMENT_3D ( 'NONE', #2320, #352, #585 ) ;
#2526 = CARTESIAN_POINT ( 'NONE',  ( -76.21023553303007247, 20.00000000000001776, -35.00000000000088818 ) ) ;
#2527 = DIRECTION ( 'NONE',  ( 0.000000000000000000, 1.000000000000000000, 0.000000000000000000 ) ) ;
#2528 = CARTESIAN_POINT ( 'NONE',  ( 96.99484522385648688, 254.0000000000000000, 65.00000000000112266 ) ) ;
#2529 = ORIENTED_EDGE ( 'NONE', *, *, #1128, .F. ) ;
#2530 = VECTOR ( 'NONE', #770, 1000.000000000000000 ) ;
#2531 = DIRECTION ( 'NONE',  ( -0.000000000000000000, -1.000000000000000000, -0.000000000000000000 ) ) ;
#2532 = CARTESIAN_POINT ( 'NONE',  ( -96.99484522385726848, 274.0000000000000000, 46.99999999999978684 ) ) ;
#2533 = ORIENTED_EDGE ( 'NONE', *, *, #1240, .T. ) ;
#2534 = AXIS2_PLACEMENT_3D ( 'NONE', #1588, #2057, #1186 ) ;
#2535 = CARTESIAN_POINT ( 'NONE',  ( 64.80435817741746973, 101.6097413051840306, 22.82255610373933763 ) ) ;
#2536 = ORIENTED_EDGE ( 'NONE', *, *, #2616, .T. ) ;
#2537 = VECTOR ( 'NONE', #2311, 1000.000000000000000 ) ;
#2538 = CARTESIAN_POINT ( 'NONE',  ( 7.347880794884118356E-15, 0.000000000000000000, 60.00000000000000000 ) ) ;
#2539 = EDGE_CURVE ( 'NONE', #754, #93, #268, .T. ) ;
#2540 = CARTESIAN_POINT ( 'NONE',  ( 179.9999999999999716, 174.9999999999993179, 74.47818472546211410 ) ) ;
#2541 = DIRECTION ( 'NONE',  ( -0.8660254037844397068, 0.000000000000000000, 0.4999999999999981126 ) ) ;
#2542 = DIRECTION ( 'NONE',  ( -0.000000000000000000, -1.000000000000000000, -0.000000000000000000 ) ) ;
#2543 = ORIENTED_EDGE ( 'NONE', *, *, #663, .T. ) ;
#2544 = CARTESIAN_POINT ( 'NONE',  ( 68.67862219354555009, 167.5095012425883851, 13.58754585498341427 ) ) ;
#2545 = ORIENTED_EDGE ( 'NONE', *, *, #521, .F. ) ;
#2546 = AXIS2_PLACEMENT_3D ( 'NONE', #2725, #2495, #2482 ) ;
#2547 = DIRECTION ( 'NONE',  ( 0.000000000000000000, 1.000000000000000000, 0.000000000000000000 ) ) ;
#2548 = CARTESIAN_POINT ( 'NONE',  ( 77.50520832211266509, 73.99997873146308791, -2.163230547586142638 ) ) ;
#2549 = VERTEX_POINT ( 'NONE', #180 ) ;
#2550 = CIRCLE ( 'NONE', #121, 25.00000000000000000 ) ;
#2551 = CARTESIAN_POINT ( 'NONE',  ( 58.78775382679629047, 132.0000000000000000, -38.00000000000000000 ) ) ;
#2552 = ORIENTED_EDGE ( 'NONE', *, *, #2323, .T. ) ;
#2553 = CARTESIAN_POINT ( 'NONE',  ( 0.000000000000000000, 268.0000000000000000, 0.000000000000000000 ) ) ;
#2554 = VECTOR ( 'NONE', #514, 1000.000000000000000 ) ;
#2555 = DIRECTION ( 'NONE',  ( 1.000000000000000000, 0.000000000000000000, 0.000000000000000000 ) ) ;
#2556 = EDGE_CURVE ( 'NONE', #2861, #21, #2046, .T. ) ;
#2557 = LINE ( 'NONE', #2778, #981 ) ;
#2558 = CIRCLE ( 'NONE', #2508, 8.999999999999994671 ) ;
#2559 = CARTESIAN_POINT ( 'NONE',  ( 179.9999999999999716, 46.00000000000002132, -9.000000000000000000 ) ) ;
#2560 = VERTEX_POINT ( 'NONE', #2581 ) ;
#2561 = ADVANCED_FACE ( 'NONE', ( #1278 ), #358, .F. ) ;
#2562 = CARTESIAN_POINT ( 'NONE',  ( 179.9999999999999716, 175.0000000000003695, -83.47818472546151725 ) ) ;
#2563 = ORIENTED_EDGE ( 'NONE', *, *, #2815, .F. ) ;
#2564 = AXIS2_PLACEMENT_3D ( 'NONE', #2871, #1754, #1216 ) ;
#2565 = CARTESIAN_POINT ( 'NONE',  ( 57.54997827975262936, 98.00000000000000000, -16.97056274847713553 ) ) ;
#2566 = FACE_BOUND ( 'NONE', #199, .T. ) ;
#2567 = DIRECTION ( 'NONE',  ( -0.000000000000000000, -1.000000000000000000, -0.000000000000000000 ) ) ;
#2568 = EDGE_LOOP ( 'NONE', ( #1198, #572, #2586, #456 ) ) ;
#2569 = CARTESIAN_POINT ( 'NONE',  ( 199.9999999999999716, 218.0000000000000000, -9.000000000000000000 ) ) ;
#2570 = EDGE_LOOP ( 'NONE', ( #1384, #1094 ) ) ;
#2571 = CIRCLE ( 'NONE', #188, 9.000000000000001776 ) ;
#2572 = AXIS2_PLACEMENT_3D ( 'NONE', #1704, #810, #1731 ) ;
#2573 = CYLINDRICAL_SURFACE ( 'NONE', #2525, 8.999999999999994671 ) ;
#2574 = CARTESIAN_POINT ( 'NONE',  ( 64.28063471995280054, 106.0000000000000000, 27.71281292110202799 ) ) ;
#2575 =( NAMED_UNIT ( * ) PLANE_ANGLE_UNIT ( ) SI_UNIT ( $, .RADIAN. ) );
#2576 = DIRECTION ( 'NONE',  ( 0.000000000000000000, 0.000000000000000000, -1.000000000000000000 ) ) ;
#2577 = DIRECTION ( 'NONE',  ( -0.000000000000000000, -1.000000000000000000, -0.000000000000000000 ) ) ;
#2578 = EDGE_LOOP ( 'NONE', ( #1987, #2682, #2187, #1790 ) ) ;
#2579 = EDGE_CURVE ( 'NONE', #1606, #1567, #1199, .T. ) ;
#2580 = CARTESIAN_POINT ( 'NONE',  ( -135.0010000000000048, 132.0000000000000000, 0.000000000000000000 ) ) ;
#2581 = CARTESIAN_POINT ( 'NONE',  ( 179.9999999999999716, 46.00000000000002132, 9.000000000000000000 ) ) ;
#2582 = EDGE_LOOP ( 'NONE', ( #567, #1660, #1824, #877 ) ) ;
#2583 = EDGE_CURVE ( 'NONE', #2755, #1574, #2191, .T. ) ;
#2584 = CIRCLE ( 'NONE', #1557, 9.000000000000001776 ) ;
#2585 = CARTESIAN_POINT ( 'NONE',  ( 71.37585886734096619, 151.0166899183495843, 54.82701177860969466 ) ) ;
#2586 = ORIENTED_EDGE ( 'NONE', *, *, #468, .T. ) ;
#2587 = DIRECTION ( 'NONE',  ( -0.000000000000000000, -1.000000000000000000, -0.000000000000000000 ) ) ;
#2588 = AXIS2_PLACEMENT_3D ( 'NONE', #2647, #441, #2872 ) ;
#2589 = DIRECTION ( 'NONE',  ( 0.8660254037844431485, 0.000000000000000000, -0.4999999999999922284 ) ) ;
#2590 = CARTESIAN_POINT ( 'NONE',  ( 0.000000000000000000, 106.0000000000000000, -62.00000000000000711 ) ) ;
#2591 = FACE_BOUND ( 'NONE', #2842, .T. ) ;
#2592 = VERTEX_POINT ( 'NONE', #1024 ) ;
#2593 = CARTESIAN_POINT ( 'NONE',  ( 199.9999999999999716, 174.9999999999993179, 74.47818472546211410 ) ) ;
#2594 = VERTEX_POINT ( 'NONE', #2388 ) ;
#2595 = CARTESIAN_POINT ( 'NONE',  ( 180.0000000000000000, 132.0000000000000000, -58.00000000000000000 ) ) ;
#2596 = DIRECTION ( 'NONE',  ( -0.000000000000000000, 1.000000000000000000, 0.000000000000000000 ) ) ;
#2597 = ORIENTED_EDGE ( 'NONE', *, *, #2743, .T. ) ;
#2598 = EDGE_CURVE ( 'NONE', #2700, #1709, #1767, .T. ) ;
#2599 = CARTESIAN_POINT ( 'NONE',  ( 76.21023553303069775, 274.0009999999999764, -43.99999999999982236 ) ) ;
#2600 = VERTEX_POINT ( 'NONE', #838 ) ;
#2601 = ADVANCED_FACE ( 'NONE', ( #1732 ), #1957, .F. ) ;
#2602 = DIRECTION ( 'NONE',  ( 0.000000000000000000, 0.000000000000000000, 1.000000000000000000 ) ) ;
#2603 = DIRECTION ( 'NONE',  ( 0.000000000000000000, 0.000000000000000000, 1.000000000000000000 ) ) ;
#2604 = DIRECTION ( 'NONE',  ( 0.000000000000000000, 0.8660254037844367092, 0.5000000000000035527 ) ) ;
#2605 = AXIS2_PLACEMENT_3D ( 'NONE', #2877, #2638, #2234 ) ;
#2606 = ORIENTED_EDGE ( 'NONE', *, *, #147, .F. ) ;
#2607 = ORIENTED_EDGE ( 'NONE', *, *, #2353, .F. ) ;
#2608 = FACE_BOUND ( 'NONE', #848, .T. ) ;
#2609 = DIRECTION ( 'NONE',  ( -0.000000000000000000, 1.000000000000000000, -0.000000000000000000 ) ) ;
#2610 = ORIENTED_EDGE ( 'NONE', *, *, #825, .T. ) ;
#2611 = DIRECTION ( 'NONE',  ( 0.000000000000000000, 1.000000000000000000, -0.000000000000000000 ) ) ;
#2612 = EDGE_LOOP ( 'NONE', ( #1287, #782, #1662, #2211, #1469, #2597, #2502, #674 ) ) ;
#2613 = ADVANCED_FACE ( 'NONE', ( #1927, #1456, #811, #592, #1515, #2345, #2402, #403 ), #1292, .T. ) ;
#2614 = FACE_OUTER_BOUND ( 'NONE', #100, .T. ) ;
#2615 = CARTESIAN_POINT ( 'NONE',  ( 179.9999999999999716, 89.00000000000018474, -83.47818472546180146 ) ) ;
#2616 = EDGE_CURVE ( 'NONE', #2326, #1467, #1346, .T. ) ;
#2617 = FACE_OUTER_BOUND ( 'NONE', #1808, .T. ) ;
#2618 = DIRECTION ( 'NONE',  ( 0.000000000000000000, 0.000000000000000000, -1.000000000000000000 ) ) ;
#2619 = VERTEX_POINT ( 'NONE', #851 ) ;
#2620 = CYLINDRICAL_SURFACE ( 'NONE', #130, 60.00000000000000000 ) ;
#2621 = ORIENTED_EDGE ( 'NONE', *, *, #1707, .F. ) ;
#2622 = AXIS2_PLACEMENT_3D ( 'NONE', #144, #1480, #1256 ) ;
#2623 = CARTESIAN_POINT ( 'NONE',  ( 0.000000000000000000, 268.0000000000000000, -79.00000000000000000 ) ) ;
#2624 = CARTESIAN_POINT ( 'NONE',  ( 0.000000000000000000, 106.0000000000000000, 0.000000000000000000 ) ) ;
#2625 = ORIENTED_EDGE ( 'NONE', *, *, #1031, .F. ) ;
#2626 = CARTESIAN_POINT ( 'NONE',  ( 73.84883798302408309, 158.7998347484887915, 51.44550719424440643 ) ) ;
#2627 = ORIENTED_EDGE ( 'NONE', *, *, #1381, .T. ) ;
#2628 = AXIS2_PLACEMENT_3D ( 'NONE', #2240, #2869, #1118 ) ;
#2629 = CARTESIAN_POINT ( 'NONE',  ( 199.9999999999999716, 175.0000000000003695, -83.47818472546151725 ) ) ;
#2630 = CARTESIAN_POINT ( 'NONE',  ( 0.000000000000000000, 106.0000000000000000, -70.00000000000000000 ) ) ;
#2631 = EDGE_CURVE ( 'NONE', #2798, #558, #1624, .T. ) ;
#2632 = CYLINDRICAL_SURFACE ( 'NONE', #1353, 38.00000000000000000 ) ;
#2633 = CYLINDRICAL_SURFACE ( 'NONE', #1540, 79.00000000000000000 ) ;
#2634 = ORIENTED_EDGE ( 'NONE', *, *, #900, .F. ) ;
#2635 = ORIENTED_EDGE ( 'NONE', *, *, #2484, .T. ) ;
#2636 = EDGE_CURVE ( 'NONE', #957, #2798, #2015, .T. ) ;
#2637 = CARTESIAN_POINT ( 'NONE',  ( 69.31392293479927957, 123.5703341819367864, 57.40836555488697002 ) ) ;
#2638 = DIRECTION ( 'NONE',  ( 0.000000000000000000, 1.000000000000000000, 0.000000000000000000 ) ) ;
#2639 = ORIENTED_EDGE ( 'NONE', *, *, #1453, .F. ) ;
#2640 = FACE_OUTER_BOUND ( 'NONE', #2231, .T. ) ;
#2641 = ORIENTED_EDGE ( 'NONE', *, *, #2519, .F. ) ;
#2642 = CARTESIAN_POINT ( 'NONE',  ( 199.9999999999999716, 89.00000000000018474, -83.47818472546180146 ) ) ;
#2643 = CARTESIAN_POINT ( 'NONE',  ( 199.9999999999999716, 218.0000000000000000, 0.000000000000000000 ) ) ;
#2644 = AXIS2_PLACEMENT_3D ( 'NONE', #2087, #73, #2733 ) ;
#2645 = ADVANCED_FACE ( 'NONE', ( #907 ), #2667, .F. ) ;
#2646 = LINE ( 'NONE', #1439, #1149 ) ;
#2647 = CARTESIAN_POINT ( 'NONE',  ( 180.0000000000000000, 132.0000000000000000, 0.000000000000000000 ) ) ;
#2648 = ORIENTED_EDGE ( 'NONE', *, *, #2064, .T. ) ;
#2649 = EDGE_LOOP ( 'NONE', ( #2040, #2203, #1452, #317 ) ) ;
#2650 = AXIS2_PLACEMENT_3D ( 'NONE', #1555, #229, #2028 ) ;
#2651 = EDGE_CURVE ( 'NONE', #2018, #2029, #965, .T. ) ;
#2652 = DIRECTION ( 'NONE',  ( 0.000000000000000000, 0.000000000000000000, 1.000000000000000000 ) ) ;
#2653 = CARTESIAN_POINT ( 'NONE',  ( -135.0010000000000048, 175.0000000000003695, -74.47818472546153146 ) ) ;
#2654 = EDGE_LOOP ( 'NONE', ( #75, #259, #472, #649 ) ) ;
#2655 = CIRCLE ( 'NONE', #2893, 135.0000000000000000 ) ;
#2656 = CARTESIAN_POINT ( 'NONE',  ( 179.9999999999999716, 88.99999999999914735, 65.47818472546121882 ) ) ;
#2657 = ORIENTED_EDGE ( 'NONE', *, *, #2419, .T. ) ;
#2658 = LINE ( 'NONE', #2692, #840 ) ;
#2659 = AXIS2_PLACEMENT_3D ( 'NONE', #2364, #854, #1488 ) ;
#2660 = CARTESIAN_POINT ( 'NONE',  ( 0.000000000000000000, 20.00000000000001776, 79.00000000000000000 ) ) ;
#2661 = DIRECTION ( 'NONE',  ( 0.000000000000000000, 0.000000000000000000, -1.000000000000000000 ) ) ;
#2662 = CARTESIAN_POINT ( 'NONE',  ( 62.89514993239072993, 109.5662600505488768, -30.76053320802572344 ) ) ;
#2663 = ORIENTED_EDGE ( 'NONE', *, *, #1870, .T. ) ;
#2664 = CARTESIAN_POINT ( 'NONE',  ( 0.000000000000000000, 0.000000000000000000, 0.000000000000000000 ) ) ;
#2665 = EDGE_LOOP ( 'NONE', ( #238, #2433, #2681, #116 ) ) ;
#2666 = FACE_OUTER_BOUND ( 'NONE', #1763, .T. ) ;
#2667 = CYLINDRICAL_SURFACE ( 'NONE', #689, 8.999999999999994671 ) ;
#2668 = VERTEX_POINT ( 'NONE', #2905 ) ;
#2669 = AXIS2_PLACEMENT_3D ( 'NONE', #1696, #1447, #1210 ) ;
#2670 = EDGE_CURVE ( 'NONE', #1675, #2307, #829, .T. ) ;
#2671 = CARTESIAN_POINT ( 'NONE',  ( 89.66434730026105626, 189.4778932955137520, 7.826395127237786298 ) ) ;
#2672 = AXIS2_PLACEMENT_3D ( 'NONE', #568, #2106, #124 ) ;
#2673 = ORIENTED_EDGE ( 'NONE', *, *, #1757, .T. ) ;
#2674 = EDGE_CURVE ( 'NONE', #21, #2861, #2839, .T. ) ;
#2675 = CARTESIAN_POINT ( 'NONE',  ( 0.000000000000000000, 1.466026458109733990E-15, -110.0000000000000000 ) ) ;
#2676 = DIRECTION ( 'NONE',  ( 1.000000000000000000, -0.000000000000000000, -0.000000000000000000 ) ) ;
#2677 = CIRCLE ( 'NONE', #2726, 110.0000000000000000 ) ;
#2678 = FACE_OUTER_BOUND ( 'NONE', #862, .T. ) ;
#2679 = DIRECTION ( 'NONE',  ( 1.000000000000000000, 0.000000000000000000, 0.000000000000000000 ) ) ;
#2680 = AXIS2_PLACEMENT_3D ( 'NONE', #2366, #363, #972 ) ;
#2681 = ORIENTED_EDGE ( 'NONE', *, *, #2263, .T. ) ;
#2682 = ORIENTED_EDGE ( 'NONE', *, *, #2279, .T. ) ;
#2683 = B_SPLINE_CURVE_WITH_KNOTS ( 'NONE', 3,
 ( #2474, #1366, #1323, #1747, #2261, #2416, #1082, #866, #1762, #2222, #1168, #70, #1183, #310, #280, #2286, #2497, #922, #745, #539, #496, #324, #1836, #2730, #977, #2097, #1601, #2768, #1879, #2084, #1393, #1821, #2512, #484, #1656, #1197, #1214, #718, #953, #1155, #2069, #761, #2544, #963, #84, #25, #1614, #2486, #2054, #1437, #57, #1851, #2741, #2325, #729, #707, #2717, #1626, #1379, #2273, #266, #43, #938, #511, #1406, #2753, #2300, #1639, #296, #1864 ),
 .UNSPECIFIED., .F., .F.,
 ( 4, 2, 2, 2, 2, 2, 2, 2, 2, 2, 2, 2, 2, 2, 2, 2, 2, 2, 2, 2, 2, 2, 2, 2, 2, 2, 2, 2, 2, 2, 2, 2, 2, 2, 4 ),
 ( 0.02915206371683998557, 0.03673411852743747180, 0.03862963223008684249, 0.04052514593273621318, 0.04431617333803496150, 0.04810720074333370289, 0.05000271444598311521, 0.05189822814863252753, 0.05948028295923032949, 0.06137579666187979732, 0.06327131036452926516, 0.06706233776982824246, 0.07085336517512721977, 0.07274887887777672923, 0.07464439258042623870, 0.08222644739102426270, 0.08601747479632329552, 0.08791298849897279111, 0.08980850220162231445, 0.09739055701222033845, 0.1011815844175193574, 0.1049726118228183624, 0.1087636392281173814, 0.1125546666334164003, 0.1201367214440144243, 0.1220322351466639199, 0.1239277488493134155, 0.1277187762546124761, 0.1353008310652106805, 0.1371963447678602732, 0.1390918584705098660, 0.1428828858758091347, 0.1466739132811084034, 0.1485694269837580239, 0.1504649406864076722 ),
 .UNSPECIFIED. ) ;
#2684 = PLANE ( 'NONE',  #1069 ) ;
#2685 = AXIS2_PLACEMENT_3D ( 'NONE', #2383, #382, #1020 ) ;
#2686 = FACE_OUTER_BOUND ( 'NONE', #2301, .T. ) ;
#2687 = EDGE_LOOP ( 'NONE', ( #2427, #44, #1169, #26 ) ) ;
#2688 = ADVANCED_FACE ( 'NONE', ( #2686 ), #13, .F. ) ;
#2689 = CARTESIAN_POINT ( 'NONE',  ( 70.51431190088092649, 147.3984109139680072, -55.92698240941530941 ) ) ;
#2690 = ORIENTED_EDGE ( 'NONE', *, *, #2155, .T. ) ;
#2691 = EDGE_CURVE ( 'NONE', #2266, #1443, #1861, .T. ) ;
#2692 = CARTESIAN_POINT ( 'NONE',  ( -135.0010000000000048, 89.00000000000018474, -65.47818472546181567 ) ) ;
#2693 = CARTESIAN_POINT ( 'NONE',  ( 1.102182119232617319E-15, -0.0009999999999732445133, 103.0000000000000142 ) ) ;
#2694 = AXIS2_PLACEMENT_3D ( 'NONE', #2298, #290, #1419 ) ;
#2695 = LINE ( 'NONE', #1579, #2348 ) ;
#2696 = ORIENTED_EDGE ( 'NONE', *, *, #2434, .T. ) ;
#2697 = EDGE_LOOP ( 'NONE', ( #2091, #497, #2235, #1093 ) ) ;
#2698 = CARTESIAN_POINT ( 'NONE',  ( -76.21023553303099618, 274.0009999999999764, 43.99999999999928946 ) ) ;
#2699 = CARTESIAN_POINT ( 'NONE',  ( 0.000000000000000000, 106.0000000000000000, 0.000000000000000000 ) ) ;
#2700 = VERTEX_POINT ( 'NONE', #2249 ) ;
#2701 = DIRECTION ( 'NONE',  ( -1.000000000000000000, 0.000000000000000000, 0.000000000000000000 ) ) ;
#2702 = CARTESIAN_POINT ( 'NONE',  ( 70.72240308220958127, 148.3230159113473121, -55.66391407536700342 ) ) ;
#2703 = ORIENTED_EDGE ( 'NONE', *, *, #503, .T. ) ;
#2704 = VECTOR ( 'NONE', #2891, 1000.000000000000000 ) ;
#2705 = DIRECTION ( 'NONE',  ( -0.000000000000000000, -1.000000000000000000, -0.000000000000000000 ) ) ;
#2706 = DIRECTION ( 'NONE',  ( 0.000000000000000000, 0.000000000000000000, 1.000000000000000000 ) ) ;
#2707 = EDGE_CURVE ( 'NONE', #1476, #400, #1577, .T. ) ;
#2708 = AXIS2_PLACEMENT_3D ( 'NONE', #466, #20, #1135 ) ;
#2709 = AXIS2_PLACEMENT_3D ( 'NONE', #2236, #1765, #679 ) ;
#2710 = FACE_BOUND ( 'NONE', #1818, .T. ) ;
#2711 = ORIENTED_EDGE ( 'NONE', *, *, #182, .F. ) ;
#2712 = CARTESIAN_POINT ( 'NONE',  ( 179.9999999999999716, 218.0000000000000000, 0.000000000000000000 ) ) ;
#2713 = ADVANCED_FACE ( 'NONE', ( #471 ), #1999, .F. ) ;
#2714 = DIRECTION ( 'NONE',  ( 0.000000000000000000, 1.000000000000000000, 0.000000000000000000 ) ) ;
#2715 = CIRCLE ( 'NONE', #2852, 110.0000000000000000 ) ;
#2716 = AXIS2_PLACEMENT_3D ( 'NONE', #2843, #837, #578 ) ;
#2717 = CARTESIAN_POINT ( 'NONE',  ( 61.15462747200672311, 148.9958827158290262, 34.07860790035513787 ) ) ;
#2718 = VERTEX_POINT ( 'NONE', #1111 ) ;
#2719 = LINE ( 'NONE', #487, #1697 ) ;
#2720 = DIRECTION ( 'NONE',  ( 0.000000000000000000, 1.000000000000000000, 0.000000000000000000 ) ) ;
#2721 = ORIENTED_EDGE ( 'NONE', *, *, #2760, .F. ) ;
#2722 = DIRECTION ( 'NONE',  ( -0.000000000000000000, 1.000000000000000000, -0.000000000000000000 ) ) ;
#2723 = CARTESIAN_POINT ( 'NONE',  ( 59.65740241433363167, 121.8347951576223238, 36.62013755136306514 ) ) ;
#2724 = EDGE_CURVE ( 'NONE', #2549, #807, #241, .T. ) ;
#2725 = CARTESIAN_POINT ( 'NONE',  ( 179.9999999999999716, 88.99999999999914735, 74.47818472546120461 ) ) ;
#2726 = AXIS2_PLACEMENT_3D ( 'NONE', #534, #2555, #2524 ) ;
#2727 = TOROIDAL_SURFACE ( 'NONE', #203, 68.00000000000000000, 10.00000000000000000 ) ;
#2728 = CARTESIAN_POINT ( 'NONE',  ( 0.000000000000000000, 254.0000000000000000, 0.000000000000000000 ) ) ;
#2729 = ADVANCED_FACE ( 'NONE', ( #2039 ), #430, .F. ) ;
#2730 = CARTESIAN_POINT ( 'NONE',  ( 67.02067944185792214, 164.1890211800395036, -20.23255302844671988 ) ) ;
#2731 = ORIENTED_EDGE ( 'NONE', *, *, #151, .T. ) ;
#2732 = CIRCLE ( 'NONE', #950, 9.000000000000000000 ) ;
#2733 = DIRECTION ( 'NONE',  ( 0.000000000000000000, 0.000000000000000000, -1.000000000000000000 ) ) ;
#2734 = CARTESIAN_POINT ( 'NONE',  ( 77.62924782793776046, 74.12073792326155797, 4.326356473350231546 ) ) ;
#2735 = EDGE_LOOP ( 'NONE', ( #923, #908, #926, #1062 ) ) ;
#2736 = DIRECTION ( 'NONE',  ( 0.000000000000000000, 0.000000000000000000, -1.000000000000000000 ) ) ;
#2737 = CARTESIAN_POINT ( 'NONE',  ( 7.347880794884118356E-15, 88.00000000000001421, 60.00000000000000000 ) ) ;
#2738 = CARTESIAN_POINT ( 'NONE',  ( 68.83445156295384493, 130.2971412566070342, -57.98120952348375567 ) ) ;
#2739 = CYLINDRICAL_SURFACE ( 'NONE', #912, 8.999999999999994671 ) ;
#2740 = FACE_OUTER_BOUND ( 'NONE', #1367, .T. ) ;
#2741 = CARTESIAN_POINT ( 'NONE',  ( 63.71795718621457638, 156.5798685093936058, 28.98629225320126679 ) ) ;
#2742 = EDGE_LOOP ( 'NONE', ( #1349, #2149 ) ) ;
#2743 = EDGE_CURVE ( 'NONE', #2549, #1265, #2683, .T. ) ;
#2744 = CARTESIAN_POINT ( 'NONE',  ( 76.21023553303041354, 0.000000000000000000, 44.00000000000035527 ) ) ;
#2745 = CARTESIAN_POINT ( 'NONE',  ( 80.04411806492659309, 89.47807320254737817, -39.45949625162803898 ) ) ;
#2746 = ORIENTED_EDGE ( 'NONE', *, *, #53, .F. ) ;
#2747 = AXIS2_PLACEMENT_3D ( 'NONE', #2699, #1139, #1542 ) ;
#2748 = DIRECTION ( 'NONE',  ( 0.000000000000000000, 0.000000000000000000, -1.000000000000000000 ) ) ;
#2749 = CYLINDRICAL_SURFACE ( 'NONE', #381, 8.999999999999994671 ) ;
#2750 = CARTESIAN_POINT ( 'NONE',  ( 96.99484522385765217, -0.0009999999999732445133, -55.99999999999909761 ) ) ;
#2751 = DIRECTION ( 'NONE',  ( 0.000000000000000000, 0.000000000000000000, -1.000000000000000000 ) ) ;
#2752 = CARTESIAN_POINT ( 'NONE',  ( -76.21023553303099618, 274.0009999999999764, 52.99999999999928235 ) ) ;
#2753 = CARTESIAN_POINT ( 'NONE',  ( 58.87097763999023670, 135.1914658981783646, 37.87101380524465100 ) ) ;
#2754 = CIRCLE ( 'NONE', #2012, 9.000000000000000000 ) ;
#2755 = VERTEX_POINT ( 'NONE', #2528 ) ;
#2756 = CIRCLE ( 'NONE', #2716, 38.00000000000000000 ) ;
#2757 = DIRECTION ( 'NONE',  ( 1.000000000000000000, 0.000000000000000000, 0.000000000000000000 ) ) ;
#2758 = CARTESIAN_POINT ( 'NONE',  ( 79.95533144181290197, 77.93355701735730179, 21.10508306638662646 ) ) ;
#2759 = EDGE_LOOP ( 'NONE', ( #2218, #2391 ) ) ;
#2760 = EDGE_CURVE ( 'NONE', #1313, #2317, #546, .T. ) ;
#2761 = CARTESIAN_POINT ( 'NONE',  ( 0.000000000000000000, 20.00000000000001776, 88.00000000000000000 ) ) ;
#2762 = ORIENTED_EDGE ( 'NONE', *, *, #1975, .T. ) ;
#2763 = FACE_OUTER_BOUND ( 'NONE', #842, .T. ) ;
#2764 = CARTESIAN_POINT ( 'NONE',  ( 77.53931318493280855, 96.26979228508604081, -45.69452720781928434 ) ) ;
#2765 = LINE ( 'NONE', #307, #1946 ) ;
#2766 = DIRECTION ( 'NONE',  ( -0.000000000000000000, -1.000000000000000000, -0.000000000000000000 ) ) ;
#2767 = ORIENTED_EDGE ( 'NONE', *, *, #2471, .F. ) ;
#2768 = CARTESIAN_POINT ( 'NONE',  ( 68.17589144377184596, 166.5254444441694091, -15.88649770884010692 ) ) ;
#2769 = ORIENTED_EDGE ( 'NONE', *, *, #1720, .T. ) ;
#2770 = CARTESIAN_POINT ( 'NONE',  ( 0.000000000000000000, 0.000000000000000000, 0.000000000000000000 ) ) ;
#2771 = CARTESIAN_POINT ( 'NONE',  ( 77.62924300319063775, 74.12066265334205184, -4.328847019685459152 ) ) ;
#2772 = ORIENTED_EDGE ( 'NONE', *, *, #2616, .F. ) ;
#2773 = ADVANCED_FACE ( 'NONE', ( #1451 ), #2791, .F. ) ;
#2774 = CARTESIAN_POINT ( 'NONE',  ( 179.9999999999999716, 89.00000000000018474, -74.47818472546180146 ) ) ;
#2775 = EDGE_LOOP ( 'NONE', ( #1485, #161, #625, #1538, #230, #1156, #1983, #800, #2469, #2346 ) ) ;
#2776 = EDGE_CURVE ( 'NONE', #2600, #2362, #2141, .T. ) ;
#2777 = CARTESIAN_POINT ( 'NONE',  ( 38.00000000000000000, 34.00000000000000711, 0.000000000000000000 ) ) ;
#2778 = CARTESIAN_POINT ( 'NONE',  ( 0.000000000000000000, 0.000000000000000000, -70.00000000000000000 ) ) ;
#2779 = FACE_OUTER_BOUND ( 'NONE', #2759, .T. ) ;
#2780 = VERTEX_POINT ( 'NONE', #2358 ) ;
#2781 = FACE_OUTER_BOUND ( 'NONE', #2735, .T. ) ;
#2782 = VERTEX_POINT ( 'NONE', #370 ) ;
#2783 = DIRECTION ( 'NONE',  ( -0.000000000000000000, -1.000000000000000000, -0.000000000000000000 ) ) ;
#2784 = CARTESIAN_POINT ( 'NONE',  ( 64.61746115398851487, 105.0676519535200981, -26.81574696374000766 ) ) ;
#2785 = CARTESIAN_POINT ( 'NONE',  ( 77.90033333453146724, 74.42600195299063159, -7.037900034524995796 ) ) ;
#2786 = ORIENTED_EDGE ( 'NONE', *, *, #169, .T. ) ;
#2787 = AXIS2_PLACEMENT_3D ( 'NONE', #1300, #1076, #329 ) ;
#2788 = CARTESIAN_POINT ( 'NONE',  ( 59.96867280939763845, 97.99999999999994316, 16.97056274847771462 ) ) ;
#2789 = EDGE_LOOP ( 'NONE', ( #1556, #2403 ) ) ;
#2790 = DIRECTION ( 'NONE',  ( 0.000000000000000000, 0.000000000000000000, -1.000000000000000000 ) ) ;
#2791 = TOROIDAL_SURFACE ( 'NONE', #1390, 62.00000000000000711, 7.999999999999996447 ) ;
#2792 = CARTESIAN_POINT ( 'NONE',  ( 58.78775382679629047, 132.0000000000000000, 38.00000000000000000 ) ) ;
#2793 = AXIS2_PLACEMENT_3D ( 'NONE', #2664, #443, #1758 ) ;
#2794 = EDGE_CURVE ( 'NONE', #1797, #881, #1012, .T. ) ;
#2795 = CYLINDRICAL_SURFACE ( 'NONE', #1420, 135.0000000000000000 ) ;
#2796 = ORIENTED_EDGE ( 'NONE', *, *, #2516, .F. ) ;
#2797 = DIRECTION ( 'NONE',  ( -1.000000000000000000, 0.000000000000000000, 0.000000000000000000 ) ) ;
#2798 = VERTEX_POINT ( 'NONE', #162 ) ;
#2799 = EDGE_CURVE ( 'NONE', #1335, #2455, #1862, .T. ) ;
#2800 = DIRECTION ( 'NONE',  ( 0.000000000000000000, 0.000000000000000000, -1.000000000000000000 ) ) ;
#2801 = AXIS2_PLACEMENT_3D ( 'NONE', #875, #1077, #2618 ) ;
#2802 = DIRECTION ( 'NONE',  ( 0.000000000000000000, 1.000000000000000000, 0.000000000000000000 ) ) ;
#2803 = DIRECTION ( 'NONE',  ( 0.000000000000000000, 0.000000000000000000, -1.000000000000000000 ) ) ;
#2804 = ORIENTED_EDGE ( 'NONE', *, *, #1744, .T. ) ;
#2805 = CARTESIAN_POINT ( 'NONE',  ( 8.572527594031472993E-15, 106.0000000000000000, 70.00000000000000000 ) ) ;
#2806 = ORIENTED_EDGE ( 'NONE', *, *, #769, .F. ) ;
#2807 = VECTOR ( 'NONE', #699, 1000.000000000000000 ) ;
#2808 = CARTESIAN_POINT ( 'NONE',  ( 199.9999999999999716, 132.0000000000000000, 0.000000000000000000 ) ) ;
#2809 = DIRECTION ( 'NONE',  ( 0.000000000000000000, 0.000000000000000000, -1.000000000000000000 ) ) ;
#2810 =( NAMED_UNIT ( * ) SI_UNIT ( $, .STERADIAN. ) SOLID_ANGLE_UNIT ( ) );
#2811 = ADVANCED_FACE ( 'NONE', ( #1274 ), #1260, .F. ) ;
#2812 = DIRECTION ( 'NONE',  ( 1.000000000000000000, 0.000000000000000000, 0.000000000000000000 ) ) ;
#2813 = DIRECTION ( 'NONE',  ( 0.000000000000000000, 0.000000000000000000, -1.000000000000000000 ) ) ;
#2814 = EDGE_LOOP ( 'NONE', ( #1959, #1928, #692, #519 ) ) ;
#2815 = EDGE_CURVE ( 'NONE', #2029, #2018, #2655, .T. ) ;
#2816 = CARTESIAN_POINT ( 'NONE',  ( 0.000000000000000000, -0.0009999999999732445133, 121.0000000000000000 ) ) ;
#2817 = DIRECTION ( 'NONE',  ( 0.000000000000000000, 0.000000000000000000, -1.000000000000000000 ) ) ;
#2818 = EDGE_LOOP ( 'NONE', ( #1916, #2840, #1543, #1837 ) ) ;
#2819 = AXIS2_PLACEMENT_3D ( 'NONE', #2381, #1976, #611 ) ;
#2820 = CIRCLE ( 'NONE', #294, 68.00000000000000000 ) ;
#2821 = LINE ( 'NONE', #122, #1399 ) ;
#2822 = ORIENTED_EDGE ( 'NONE', *, *, #2292, .T. ) ;
#2823 = DIRECTION ( 'NONE',  ( 0.000000000000000000, 0.000000000000000000, 1.000000000000000000 ) ) ;
#2824 = DIRECTION ( 'NONE',  ( -0.000000000000000000, -1.000000000000000000, -0.000000000000000000 ) ) ;
#2825 = DIRECTION ( 'NONE',  ( -0.000000000000000000, -1.000000000000000000, -0.000000000000000000 ) ) ;
#2826 = ORIENTED_EDGE ( 'NONE', *, *, #2579, .F. ) ;
#2827 = CARTESIAN_POINT ( 'NONE',  ( 0.000000000000000000, 0.000000000000000000, 0.000000000000000000 ) ) ;
#2828 = ORIENTED_EDGE ( 'NONE', *, *, #2484, .F. ) ;
#2829 = DIRECTION ( 'NONE',  ( -0.000000000000000000, -1.000000000000000000, -0.000000000000000000 ) ) ;
#2830 = CARTESIAN_POINT ( 'NONE',  ( 0.000000000000000000, 20.00000000000001776, -88.00000000000000000 ) ) ;
#2831 = ORIENTED_EDGE ( 'NONE', *, *, #2367, .T. ) ;
#2832 = APPLICATION_CONTEXT ( 'automotive_design' ) ;
#2833 = EDGE_CURVE ( 'NONE', #1872, #1532, #502, .T. ) ;
#2834 = CYLINDRICAL_SURFACE ( 'NONE', #1444, 8.999999999999994671 ) ;
#2835 = ORIENTED_EDGE ( 'NONE', *, *, #309, .F. ) ;
#2836 = CARTESIAN_POINT ( 'NONE',  ( 180.0000000000000000, 132.0000000000000000, 0.000000000000000000 ) ) ;
#2837 = CYLINDRICAL_SURFACE ( 'NONE', #1120, 8.999999999999994671 ) ;
#2838 = CYLINDRICAL_SURFACE ( 'NONE', #2055, 8.999999999999994671 ) ;
#2839 = CIRCLE ( 'NONE', #780, 8.999999999999994671 ) ;
#2840 = ORIENTED_EDGE ( 'NONE', *, *, #17, .T. ) ;
#2841 = CARTESIAN_POINT ( 'NONE',  ( 0.000000000000000000, 268.0000000000000000, 0.000000000000000000 ) ) ;
#2842 = EDGE_LOOP ( 'NONE', ( #2892, #746 ) ) ;
#2843 = CARTESIAN_POINT ( 'NONE',  ( 199.9999999999999716, 132.0000000000000000, 0.000000000000000000 ) ) ;
#2844 = DIRECTION ( 'NONE',  ( -1.000000000000000000, -0.000000000000000000, -0.000000000000000000 ) ) ;
#2845 = EDGE_LOOP ( 'NONE', ( #1130, #2885 ) ) ;
#2846 = PRODUCT ( 'Exercise 12', 'Exercise 12', '', ( #195 ) ) ;
#2847 = CIRCLE ( 'NONE', #2564, 8.999999999999994671 ) ;
#2848 = CIRCLE ( 'NONE', #928, 8.999999999999994671 ) ;
#2849 = EDGE_CURVE ( 'NONE', #1657, #153, #2558, .T. ) ;
#2850 = CARTESIAN_POINT ( 'NONE',  ( 72.96622307310950362, 156.2632963862417057, 52.68948667444838208 ) ) ;
#2851 = ORIENTED_EDGE ( 'NONE', *, *, #859, .T. ) ;
#2852 = AXIS2_PLACEMENT_3D ( 'NONE', #64, #1134, #1858 ) ;
#2853 = CIRCLE ( 'NONE', #2335, 8.999999999999994671 ) ;
#2854 = ADVANCED_FACE ( 'NONE', ( #1228 ), #991, .F. ) ;
#2855 = PLANE ( 'NONE',  #2437 ) ;
#2856 = CARTESIAN_POINT ( 'NONE',  ( 180.0000000000000000, 132.0000000000000000, -110.0000000000000000 ) ) ;
#2857 = DIRECTION ( 'NONE',  ( 1.000000000000000000, -0.000000000000000000, -0.000000000000000000 ) ) ;
#2858 = FACE_OUTER_BOUND ( 'NONE', #1229, .T. ) ;
#2859 = ORIENTED_EDGE ( 'NONE', *, *, #737, .T. ) ;
#2860 = UNCERTAINTY_MEASURE_WITH_UNIT (LENGTH_MEASURE( 1.000000000000000082E-05 ), #771, 'distance_accuracy_value', 'NONE');
#2861 = VERTEX_POINT ( 'NONE', #2562 ) ;
#2862 = FACE_OUTER_BOUND ( 'NONE', #1909, .T. ) ;
#2863 = DIRECTION ( 'NONE',  ( 0.000000000000000000, 0.000000000000000000, -1.000000000000000000 ) ) ;
#2864 = ORIENTED_EDGE ( 'NONE', *, *, #1521, .T. ) ;
#2865 = CARTESIAN_POINT ( 'NONE',  ( 70.10700016983726357, 145.5109053268909918, 56.43812275819129809 ) ) ;
#2866 = ORIENTED_EDGE ( 'NONE', *, *, #1314, .F. ) ;
#2867 = AXIS2_PLACEMENT_3D ( 'NONE', #613, #1345, #2882 ) ;
#2868 = DIRECTION ( 'NONE',  ( 0.000000000000000000, 0.000000000000000000, -1.000000000000000000 ) ) ;
#2869 = DIRECTION ( 'NONE',  ( -0.000000000000000000, -1.000000000000000000, -0.000000000000000000 ) ) ;
#2870 = EDGE_CURVE ( 'NONE', #1872, #1856, #2050, .T. ) ;
#2871 = CARTESIAN_POINT ( 'NONE',  ( 0.000000000000000000, 254.0000000000000000, -112.0000000000000000 ) ) ;
#2872 = DIRECTION ( 'NONE',  ( 0.000000000000000000, 0.000000000000000000, -1.000000000000000000 ) ) ;
#2873 = ORIENTED_EDGE ( 'NONE', *, *, #2212, .T. ) ;
#2874 = EDGE_LOOP ( 'NONE', ( #217, #892 ) ) ;
#2875 = PRODUCT_DEFINITION_SHAPE ( 'NONE', 'NONE',  #1233 ) ;
#2876 = DIRECTION ( 'NONE',  ( 0.000000000000000000, -1.000000000000000000, 0.000000000000000000 ) ) ;
#2877 = CARTESIAN_POINT ( 'NONE',  ( 58.00000000000000711, 20.00000000000000000, 0.000000000000000000 ) ) ;
#2878 = ORIENTED_EDGE ( 'NONE', *, *, #2175, .T. ) ;
#2879 = DIRECTION ( 'NONE',  ( -0.8660254037844397068, 0.000000000000000000, 0.4999999999999981126 ) ) ;
#2880 = EDGE_LOOP ( 'NONE', ( #645, #1460, #62, #2011 ) ) ;
#2881 = CARTESIAN_POINT ( 'NONE',  ( 76.21023553303069775, 20.00000000000001776, -52.99999999999981526 ) ) ;
#2882 = DIRECTION ( 'NONE',  ( 0.000000000000000000, 0.000000000000000000, -1.000000000000000000 ) ) ;
#2883 = DIRECTION ( 'NONE',  ( 1.000000000000000000, 0.000000000000000000, -1.224646799147353207E-16 ) ) ;
#2884 = CARTESIAN_POINT ( 'NONE',  ( 179.9999999999999716, 89.00000000000018474, -65.47818472546181567 ) ) ;
#2885 = ORIENTED_EDGE ( 'NONE', *, *, #125, .F. ) ;
#2886 = ADVANCED_FACE ( 'NONE', ( #2781 ), #2620, .F. ) ;
#2887 = VERTEX_POINT ( 'NONE', #2126 ) ;
#2888 = CIRCLE ( 'NONE', #1669, 61.99999999999995026 ) ;
#2889 = CARTESIAN_POINT ( 'NONE',  ( 0.000000000000000000, 34.00000000000000711, -46.00000000000000000 ) ) ;
#2890 = EDGE_CURVE ( 'NONE', #990, #954, #2418, .T. ) ;
#2891 = DIRECTION ( 'NONE',  ( 1.000000000000000000, -0.000000000000000000, -0.000000000000000000 ) ) ;
#2892 = ORIENTED_EDGE ( 'NONE', *, *, #1107, .F. ) ;
#2893 = AXIS2_PLACEMENT_3D ( 'NONE', #1924, #2172, #2813 ) ;
#2894 = CARTESIAN_POINT ( 'NONE',  ( 78.71674791756431944, 170.2188976665280222, 43.63684356507754813 ) ) ;
#2895 = EDGE_LOOP ( 'NONE', ( #90, #2607, #1894, #653 ) ) ;
#2896 = DIRECTION ( 'NONE',  ( 1.000000000000000000, -0.000000000000000000, -0.000000000000000000 ) ) ;
#2897 = CIRCLE ( 'NONE', #2801, 60.00000000000000000 ) ;
#2898 = DIRECTION ( 'NONE',  ( -0.000000000000000000, 1.000000000000000000, -0.000000000000000000 ) ) ;
#2899 = AXIS2_PLACEMENT_3D ( 'NONE', #2580, #2176, #165 ) ;
#2900 = DIRECTION ( 'NONE',  ( 1.000000000000000000, -0.000000000000000000, -0.000000000000000000 ) ) ;
#2901 = CARTESIAN_POINT ( 'NONE',  ( 60.73137410965981076, 116.7495474788897099, -34.81066037275071068 ) ) ;
#2902 = ORIENTED_EDGE ( 'NONE', *, *, #204, .F. ) ;
#2903 = ORIENTED_EDGE ( 'NONE', *, *, #2413, .F. ) ;
#2904 = EDGE_CURVE ( 'NONE', #16, #1140, #1250, .T. ) ;
#2905 = CARTESIAN_POINT ( 'NONE',  ( 179.9999999999999716, 218.0000000000000000, 9.000000000000000000 ) ) ;
#2906 = EDGE_LOOP ( 'NONE', ( #1099, #1677 ) ) ;
#2907 = CIRCLE ( 'NONE', #749, 8.999999999999994671 ) ;
ENDSEC;
END-ISO-10303-21;
