ISO-10303-21;
HEADER;
FILE_DESCRIPTION (( 'STEP AP214' ),
    '1' );
FILE_NAME ('Exercise 51.STEP',
    '2024-08-30T07:19:48',
    ( '' ),
    ( '' ),
    'SwSTEP 2.0',
    'SolidWorks 2024',
    '' );
FILE_SCHEMA (( 'AUTOMOTIVE_DESIGN' ));
ENDSEC;

DATA;
#1 = ORIENTED_EDGE ( 'NONE', *, *, #386, .T. ) ;
#2 = VECTOR ( 'NONE', #464, 1000.000000000000000 ) ;
#3 = FACE_OUTER_BOUND ( 'NONE', #589, .T. ) ;
#4 = CARTESIAN_POINT ( 'NONE',  ( 0.000000000000000000, 15.00000000000000000, 0.000000000000000000 ) ) ;
#5 = FACE_OUTER_BOUND ( 'NONE', #817, .T. ) ;
#6 = CIRCLE ( 'NONE', #280, 7.500000000000013323 ) ;
#7 = AXIS2_PLACEMENT_3D ( 'NONE', #285, #1209, #772 ) ;
#8 = EDGE_CURVE ( 'NONE', #1516, #1212, #755, .T. ) ;
#9 = EDGE_LOOP ( 'NONE', ( #1324, #383, #1058, #1296 ) ) ;
#10 = CARTESIAN_POINT ( 'NONE',  ( -60.62177826491092958, -19.99999999999999645, 34.99999999999963762 ) ) ;
#11 = ORIENTED_EDGE ( 'NONE', *, *, #651, .T. ) ;
#12 = EDGE_CURVE ( 'NONE', #67, #806, #841, .T. ) ;
#13 = PLANE ( 'NONE',  #390 ) ;
#14 = VECTOR ( 'NONE', #718, 1000.000000000000000 ) ;
#15 = AXIS2_PLACEMENT_3D ( 'NONE', #1177, #1403, #825 ) ;
#16 = LINE ( 'NONE', #731, #1253 ) ;
#17 = CARTESIAN_POINT ( 'NONE',  ( 0.000000000000000000, 7.500000000000000000, 0.000000000000000000 ) ) ;
#18 = CIRCLE ( 'NONE', #365, 49.99999999999999289 ) ;
#19 = VERTEX_POINT ( 'NONE', #1449 ) ;
#20 = DIRECTION ( 'NONE',  ( 0.000000000000000000, -1.000000000000000000, 0.000000000000000000 ) ) ;
#21 = ORIENTED_EDGE ( 'NONE', *, *, #785, .T. ) ;
#22 = EDGE_CURVE ( 'NONE', #614, #806, #403, .T. ) ;
#23 = CARTESIAN_POINT ( 'NONE',  ( 0.000000000000000000, -15.00000000000000000, 0.000000000000000000 ) ) ;
#24 = EDGE_CURVE ( 'NONE', #614, #791, #872, .T. ) ;
#25 = AXIS2_PLACEMENT_3D ( 'NONE', #1475, #1266, #678 ) ;
#26 = FACE_OUTER_BOUND ( 'NONE', #1355, .T. ) ;
#27 = DIRECTION ( 'NONE',  ( -0.000000000000000000, -1.000000000000000000, -0.000000000000000000 ) ) ;
#28 = EDGE_LOOP ( 'NONE', ( #1267, #538 ) ) ;
#29 = DIRECTION ( 'NONE',  ( -0.000000000000000000, -1.000000000000000000, -0.000000000000000000 ) ) ;
#30 = EDGE_CURVE ( 'NONE', #691, #1329, #179, .T. ) ;
#31 = ORIENTED_EDGE ( 'NONE', *, *, #428, .F. ) ;
#32 = CYLINDRICAL_SURFACE ( 'NONE', #917, 9.000000000000008882 ) ;
#33 = DIRECTION ( 'NONE',  ( 0.000000000000000000, 0.000000000000000000, -1.000000000000000000 ) ) ;
#34 = DIRECTION ( 'NONE',  ( -0.000000000000000000, 1.000000000000000000, -0.000000000000000000 ) ) ;
#35 = ORIENTED_EDGE ( 'NONE', *, *, #229, .T. ) ;
#36 = AXIS2_PLACEMENT_3D ( 'NONE', #1079, #509, #617 ) ;
#37 = ORIENTED_EDGE ( 'NONE', *, *, #248, .F. ) ;
#38 = ADVANCED_FACE ( 'NONE', ( #892, #536 ), #1375, .F. ) ;
#39 = VECTOR ( 'NONE', #909, 1000.000000000000000 ) ;
#40 = CYLINDRICAL_SURFACE ( 'NONE', #266, 16.00000000000000000 ) ;
#41 = CARTESIAN_POINT ( 'NONE',  ( -60.62177826491092958, -30.00000000000000000, -42.49999999999965183 ) ) ;
#42 = CARTESIAN_POINT ( 'NONE',  ( 150.0000000000000000, -15.00000000000000000, 9.000000000000008882 ) ) ;
#43 = ORIENTED_EDGE ( 'NONE', *, *, #1032, .T. ) ;
#44 = VERTEX_POINT ( 'NONE', #223 ) ;
#45 = CARTESIAN_POINT ( 'NONE',  ( 153.5000000000000000, 7.500000000000000000, -14.58595214581482580 ) ) ;
#46 = CARTESIAN_POINT ( 'NONE',  ( 0.000000000000000000, -30.00000000000000000, 0.000000000000000000 ) ) ;
#47 = CARTESIAN_POINT ( 'NONE',  ( 150.0000000000000000, -15.00000000000000000, 0.000000000000000000 ) ) ;
#48 = ORIENTED_EDGE ( 'NONE', *, *, #517, .T. ) ;
#49 = ORIENTED_EDGE ( 'NONE', *, *, #537, .F. ) ;
#50 = VECTOR ( 'NONE', #1359, 1000.000000000000000 ) ;
#51 = DIRECTION ( 'NONE',  ( 0.000000000000000000, -0.000000000000000000, 1.000000000000000000 ) ) ;
#52 = CARTESIAN_POINT ( 'NONE',  ( 68.49977416399364927, 7.500000000000000000, -24.41460854417720583 ) ) ;
#53 = VECTOR ( 'NONE', #1491, 1000.000000000000000 ) ;
#54 = CIRCLE ( 'NONE', #1134, 60.00000000000000000 ) ;
#55 = PRODUCT_DEFINITION_SHAPE ( 'NONE', 'NONE',  #1349 ) ;
#56 = VERTEX_POINT ( 'NONE', #311 ) ;
#57 = EDGE_CURVE ( 'NONE', #245, #354, #1247, .T. ) ;
#58 = ORIENTED_EDGE ( 'NONE', *, *, #620, .F. ) ;
#59 = AXIS2_PLACEMENT_3D ( 'NONE', #1158, #943, #576 ) ;
#60 = VECTOR ( 'NONE', #657, 1000.000000000000000 ) ;
#61 = ORIENTED_EDGE ( 'NONE', *, *, #62, .F. ) ;
#62 = EDGE_CURVE ( 'NONE', #689, #526, #1369, .T. ) ;
#63 = DIRECTION ( 'NONE',  ( -0.000000000000000000, -1.000000000000000000, -0.000000000000000000 ) ) ;
#64 = DIRECTION ( 'NONE',  ( 1.000000000000000000, 0.000000000000000000, 0.000000000000000000 ) ) ;
#65 = ORIENTED_EDGE ( 'NONE', *, *, #1109, .F. ) ;
#66 = MECHANICAL_DESIGN_GEOMETRIC_PRESENTATION_REPRESENTATION (  '', ( #1073 ), #1503 ) ;
#67 = VERTEX_POINT ( 'NONE', #653 ) ;
#68 = VECTOR ( 'NONE', #895, 1000.000000000000000 ) ;
#69 = CARTESIAN_POINT ( 'NONE',  ( 165.0019999999999811, 29.99999999999999645, -7.500000000000000000 ) ) ;
#70 = CARTESIAN_POINT ( 'NONE',  ( -60.62177826491092958, -19.99999999999999645, -34.99999999999963762 ) ) ;
#71 = EDGE_CURVE ( 'NONE', #114, #827, #203, .T. ) ;
#72 = DIRECTION ( 'NONE',  ( -0.8660254037844418162, 0.000000000000000000, 0.4999999999999946154 ) ) ;
#73 = CIRCLE ( 'NONE', #660, 15.00000000000000000 ) ;
#74 = EDGE_LOOP ( 'NONE', ( #338, #1485, #941, #546 ) ) ;
#75 = DIRECTION ( 'NONE',  ( -0.000000000000000000, -1.000000000000000000, -0.000000000000000000 ) ) ;
#76 = EDGE_CURVE ( 'NONE', #1335, #1495, #1448, .T. ) ;
#77 = CARTESIAN_POINT ( 'NONE',  ( 68.49977416399364927, 15.00000000000000000, 14.41460854417721116 ) ) ;
#78 = LINE ( 'NONE', #85, #39 ) ;
#79 = CYLINDRICAL_SURFACE ( 'NONE', #127, 15.00000000000000000 ) ;
#80 = AXIS2_PLACEMENT_3D ( 'NONE', #1072, #611, #1080 ) ;
#81 = ORIENTED_EDGE ( 'NONE', *, *, #741, .F. ) ;
#82 = DIRECTION ( 'NONE',  ( -0.000000000000000000, -1.000000000000000000, -0.000000000000000000 ) ) ;
#83 = ORIENTED_EDGE ( 'NONE', *, *, #973, .T. ) ;
#84 = AXIS2_PLACEMENT_3D ( 'NONE', #793, #220, #999 ) ;
#85 = CARTESIAN_POINT ( 'NONE',  ( -68.12177826491084431, -19.99999999999999645, -22.00961894323300783 ) ) ;
#86 = DIRECTION ( 'NONE',  ( -0.000000000000000000, -1.000000000000000000, -0.000000000000000000 ) ) ;
#87 = CARTESIAN_POINT ( 'NONE',  ( -60.62177826491092958, -30.00000000000000000, -34.99999999999963762 ) ) ;
#88 = VERTEX_POINT ( 'NONE', #797 ) ;
#89 = AXIS2_PLACEMENT_3D ( 'NONE', #1413, #29, #1517 ) ;
#90 = VECTOR ( 'NONE', #1374, 1000.000000000000000 ) ;
#91 = DIRECTION ( 'NONE',  ( -0.000000000000000000, -1.000000000000000000, -0.000000000000000000 ) ) ;
#92 = ORIENTED_EDGE ( 'NONE', *, *, #517, .F. ) ;
#93 = AXIS2_PLACEMENT_3D ( 'NONE', #585, #1054, #366 ) ;
#94 = CARTESIAN_POINT ( 'NONE',  ( 135.0087439320401188, -7.500000000000000000, -0.5120952107334837411 ) ) ;
#95 = DIRECTION ( 'NONE',  ( -0.000000000000000000, -1.000000000000000000, -0.000000000000000000 ) ) ;
#96 = CARTESIAN_POINT ( 'NONE',  ( 150.0000000000000000, -7.500000000000000000, -15.00000000000000178 ) ) ;
#97 = VERTEX_POINT ( 'NONE', #96 ) ;
#98 = DIRECTION ( 'NONE',  ( 0.000000000000000000, 0.000000000000000000, -1.000000000000000000 ) ) ;
#99 = ORIENTED_EDGE ( 'NONE', *, *, #558, .F. ) ;
#100 = DIRECTION ( 'NONE',  ( 1.000000000000000000, 0.000000000000000000, 0.000000000000000000 ) ) ;
#101 = CYLINDRICAL_SURFACE ( 'NONE', #597, 15.00000000000000000 ) ;
#102 = LINE ( 'NONE', #211, #682 ) ;
#103 = DIRECTION ( 'NONE',  ( 0.000000000000000000, 0.000000000000000000, 1.000000000000000000 ) ) ;
#104 = VERTEX_POINT ( 'NONE', #1038 ) ;
#105 = LINE ( 'NONE', #344, #994 ) ;
#106 = ORIENTED_EDGE ( 'NONE', *, *, #384, .T. ) ;
#107 = CARTESIAN_POINT ( 'NONE',  ( 135.0087439320401188, 7.500000000000000000, -0.5120952107334837411 ) ) ;
#108 = AXIS2_PLACEMENT_3D ( 'NONE', #1250, #1504, #100 ) ;
#109 = DIRECTION ( 'NONE',  ( 0.000000000000000000, 0.000000000000000000, -1.000000000000000000 ) ) ;
#110 = ADVANCED_FACE ( 'NONE', ( #431, #775 ), #911, .T. ) ;
#111 = EDGE_CURVE ( 'NONE', #647, #434, #642, .T. ) ;
#112 = DIRECTION ( 'NONE',  ( -0.2333333333333334203, 0.000000000000000000, 0.9723968097209880757 ) ) ;
#113 = EDGE_CURVE ( 'NONE', #1346, #405, #736, .T. ) ;
#114 = VERTEX_POINT ( 'NONE', #318 ) ;
#115 = DIRECTION ( 'NONE',  ( 0.000000000000000000, 0.000000000000000000, 1.000000000000000000 ) ) ;
#116 = VERTEX_POINT ( 'NONE', #667 ) ;
#117 = CARTESIAN_POINT ( 'NONE',  ( -48.80677910464584102, -19.99999999999999645, -10.85809897865676632 ) ) ;
#118 = CIRCLE ( 'NONE', #531, 9.000000000000008882 ) ;
#119 = DIRECTION ( 'NONE',  ( 0.000000000000000000, 0.000000000000000000, 1.000000000000000000 ) ) ;
#120 = DIRECTION ( 'NONE',  ( -0.000000000000000000, -1.000000000000000000, -0.000000000000000000 ) ) ;
#121 = ORIENTED_EDGE ( 'NONE', *, *, #8, .T. ) ;
#122 = DIRECTION ( 'NONE',  ( 0.000000000000000000, 0.000000000000000000, 1.000000000000000000 ) ) ;
#123 = ORIENTED_EDGE ( 'NONE', *, *, #439, .T. ) ;
#124 = PLANE ( 'NONE',  #1192 ) ;
#125 = DIRECTION ( 'NONE',  ( -0.8660254037844418162, 0.000000000000000000, -0.4999999999999946154 ) ) ;
#126 = DIRECTION ( 'NONE',  ( 0.000000000000000000, -1.000000000000000000, 0.000000000000000000 ) ) ;
#127 = AXIS2_PLACEMENT_3D ( 'NONE', #324, #1139, #1230 ) ;
#128 = ADVANCED_FACE ( 'NONE', ( #1239 ), #555, .T. ) ;
#129 = ORIENTED_EDGE ( 'NONE', *, *, #455, .F. ) ;
#130 = DIRECTION ( 'NONE',  ( 0.000000000000000000, 0.000000000000000000, -1.000000000000000000 ) ) ;
#131 = EDGE_LOOP ( 'NONE', ( #1193, #1283 ) ) ;
#132 = CARTESIAN_POINT ( 'NONE',  ( 0.000000000000000000, -30.00000000000000000, 0.000000000000000000 ) ) ;
#133 = CARTESIAN_POINT ( 'NONE',  ( -60.62177826491092958, -19.99999999999999645, -34.99999999999963762 ) ) ;
#134 = DIRECTION ( 'NONE',  ( -0.000000000000000000, -1.000000000000000000, -0.000000000000000000 ) ) ;
#135 = AXIS2_PLACEMENT_3D ( 'NONE', #550, #1021, #1482 ) ;
#136 = EDGE_CURVE ( 'NONE', #1257, #530, #1390, .T. ) ;
#137 = ORIENTED_EDGE ( 'NONE', *, *, #837, .F. ) ;
#138 = LINE ( 'NONE', #260, #219 ) ;
#139 = ORIENTED_EDGE ( 'NONE', *, *, #553, .T. ) ;
#140 = ADVANCED_FACE ( 'NONE', ( #1124 ), #79, .T. ) ;
#141 = CARTESIAN_POINT ( 'NONE',  ( -64.00000000000000000, 13.99999999999999467, -7.500000000000000000 ) ) ;
#142 = CIRCLE ( 'NONE', #852, 50.00000000000000000 ) ;
#143 = DIRECTION ( 'NONE',  ( -0.000000000000000000, -1.000000000000000000, -0.000000000000000000 ) ) ;
#144 = EDGE_CURVE ( 'NONE', #1335, #354, #1255, .T. ) ;
#145 = CARTESIAN_POINT ( 'NONE',  ( 68.49977416399364927, 15.00000000000000000, 14.41460854417721116 ) ) ;
#146 = ORIENTED_EDGE ( 'NONE', *, *, #1157, .F. ) ;
#147 = DIRECTION ( 'NONE',  ( 0.000000000000000000, 0.000000000000000000, 1.000000000000000000 ) ) ;
#148 = ORIENTED_EDGE ( 'NONE', *, *, #1012, .T. ) ;
#149 = DIRECTION ( 'NONE',  ( -0.000000000000000000, -1.000000000000000000, -0.000000000000000000 ) ) ;
#150 = CARTESIAN_POINT ( 'NONE',  ( 127.3479065534001933, 15.00000000000000000, 10.57746011509901862 ) ) ;
#151 = DIRECTION ( 'NONE',  ( 0.000000000000000000, 0.000000000000000000, 1.000000000000000000 ) ) ;
#152 = ORIENTED_EDGE ( 'NONE', *, *, #681, .T. ) ;
#153 = ORIENTED_EDGE ( 'NONE', *, *, #1112, .T. ) ;
#154 = AXIS2_PLACEMENT_3D ( 'NONE', #237, #701, #1169 ) ;
#155 = DIRECTION ( 'NONE',  ( -0.000000000000000000, -1.000000000000000000, -0.000000000000000000 ) ) ;
#156 = FACE_BOUND ( 'NONE', #894, .T. ) ;
#157 = CARTESIAN_POINT ( 'NONE',  ( 125.0145732200668647, 15.00000000000000000, 0.8534920178891389764 ) ) ;
#158 = EDGE_CURVE ( 'NONE', #619, #518, #687, .T. ) ;
#159 = ORIENTED_EDGE ( 'NONE', *, *, #652, .T. ) ;
#160 = EDGE_CURVE ( 'NONE', #56, #1083, #1367, .T. ) ;
#161 = EDGE_LOOP ( 'NONE', ( #885, #1172, #447, #31 ) ) ;
#162 = AXIS2_PLACEMENT_3D ( 'NONE', #443, #1229, #1353 ) ;
#163 = CYLINDRICAL_SURFACE ( 'NONE', #1506, 6.000000000000005329 ) ;
#164 = DIRECTION ( 'NONE',  ( 0.000000000000000000, 0.000000000000000000, -1.000000000000000000 ) ) ;
#165 = CIRCLE ( 'NONE', #15, 50.00000000000000000 ) ;
#166 = DIRECTION ( 'NONE',  ( -0.9723968097209880757, -0.000000000000000000, 0.2333333333333334481 ) ) ;
#167 = DIRECTION ( 'NONE',  ( 0.000000000000000000, 1.000000000000000000, 0.000000000000000000 ) ) ;
#168 = AXIS2_PLACEMENT_3D ( 'NONE', #1264, #222, #109 ) ;
#169 = ORIENTED_EDGE ( 'NONE', *, *, #1127, .F. ) ;
#170 = CARTESIAN_POINT ( 'NONE',  ( 165.0019999999999811, 29.99999999999999645, 7.500000000000000000 ) ) ;
#171 = ADVANCED_FACE ( 'NONE', ( #350 ), #803, .T. ) ;
#172 = LINE ( 'NONE', #1322, #471 ) ;
#173 = ORIENTED_EDGE ( 'NONE', *, *, #496, .T. ) ;
#174 = EDGE_CURVE ( 'NONE', #705, #1420, #1115, .T. ) ;
#175 = EDGE_LOOP ( 'NONE', ( #587, #106, #281, #762, #1043, #199, #359, #1290, #958 ) ) ;
#176 = ORIENTED_EDGE ( 'NONE', *, *, #1219, .T. ) ;
#177 = CARTESIAN_POINT ( 'NONE',  ( -48.80677910464583391, -19.99999999999999645, 10.85809897865677698 ) ) ;
#178 = DIRECTION ( 'NONE',  ( 0.8660254037844418162, -0.000000000000000000, -0.4999999999999946154 ) ) ;
#179 = CIRCLE ( 'NONE', #866, 10.00000000000000000 ) ;
#180 = CARTESIAN_POINT ( 'NONE',  ( -49.43429983321297527, 30.00000000000000000, -7.500000000000000000 ) ) ;
#181 = ADVANCED_FACE ( 'NONE', ( #832 ), #723, .F. ) ;
#182 = VERTEX_POINT ( 'NONE', #578 ) ;
#183 = VERTEX_POINT ( 'NONE', #954 ) ;
#184 = EDGE_CURVE ( 'NONE', #1156, #292, #54, .T. ) ;
#185 = CARTESIAN_POINT ( 'NONE',  ( 70.83310749732699207, 7.500000000000000000, -24.13857664138708259 ) ) ;
#186 = CARTESIAN_POINT ( 'NONE',  ( 43.91742031849798167, -7.500000000000000000, -40.88104930855347163 ) ) ;
#187 = EDGE_CURVE ( 'NONE', #116, #670, #73, .T. ) ;
#188 = DIRECTION ( 'NONE',  ( 0.000000000000000000, 0.000000000000000000, 1.000000000000000000 ) ) ;
#189 = CIRCLE ( 'NONE', #214, 50.00000000000000000 ) ;
#190 = ORIENTED_EDGE ( 'NONE', *, *, #889, .T. ) ;
#191 = CARTESIAN_POINT ( 'NONE',  ( -49.43429983321297527, 29.99999999999999645, -7.500000000000000000 ) ) ;
#192 = CIRCLE ( 'NONE', #461, 15.00000000000000000 ) ;
#193 = DIRECTION ( 'NONE',  ( 0.000000000000000000, 1.000000000000000000, 0.000000000000000000 ) ) ;
#194 = CARTESIAN_POINT ( 'NONE',  ( -53.12177826491100774, -19.99999999999999645, 47.99038105676626031 ) ) ;
#195 = CARTESIAN_POINT ( 'NONE',  ( -48.80677910464583391, -19.99999999999999645, 10.85809897865676454 ) ) ;
#196 = ORIENTED_EDGE ( 'NONE', *, *, #57, .F. ) ;
#197 = LINE ( 'NONE', #326, #1407 ) ;
#198 = EDGE_CURVE ( 'NONE', #1008, #867, #1047, .T. ) ;
#199 = ORIENTED_EDGE ( 'NONE', *, *, #1149, .T. ) ;
#200 = VECTOR ( 'NONE', #905, 1000.000000000000000 ) ;
#201 = CARTESIAN_POINT ( 'NONE',  ( 58.71409214056599524, -7.500000000000000000, -12.35537875215189274 ) ) ;
#202 = DIRECTION ( 'NONE',  ( 0.000000000000000000, 1.000000000000000000, 0.000000000000000000 ) ) ;
#203 = LINE ( 'NONE', #437, #53 ) ;
#204 = CIRCLE ( 'NONE', #1246, 7.500000000000013323 ) ;
#205 = EDGE_LOOP ( 'NONE', ( #1, #129, #1360, #159 ) ) ;
#206 = DIRECTION ( 'NONE',  ( -0.000000000000000000, -1.000000000000000000, -0.000000000000000000 ) ) ;
#207 = ORIENTED_EDGE ( 'NONE', *, *, #572, .T. ) ;
#208 = CIRCLE ( 'NONE', #84, 15.00000000000000000 ) ;
#209 = CIRCLE ( 'NONE', #449, 25.00000000000000000 ) ;
#210 = CARTESIAN_POINT ( 'NONE',  ( -60.62177826491092958, -30.00000000000000000, -27.49999999999962341 ) ) ;
#211 = CARTESIAN_POINT ( 'NONE',  ( 0.000000000000000000, 30.00000000000000000, -50.00000000000000000 ) ) ;
#212 = CARTESIAN_POINT ( 'NONE',  ( 165.0019999999999811, 29.99999999999999645, 7.500000000000000000 ) ) ;
#213 = ORIENTED_EDGE ( 'NONE', *, *, #1032, .F. ) ;
#214 = AXIS2_PLACEMENT_3D ( 'NONE', #1388, #1276, #565 ) ;
#215 = AXIS2_PLACEMENT_3D ( 'NONE', #349, #1168, #119 ) ;
#216 = CARTESIAN_POINT ( 'NONE',  ( -64.00000000000000000, -2.000000000000005329, -7.500000000000000000 ) ) ;
#217 = ORIENTED_EDGE ( 'NONE', *, *, #1195, .F. ) ;
#218 =( LENGTH_UNIT ( ) NAMED_UNIT ( * ) SI_UNIT ( .MILLI., .METRE. ) );
#219 = VECTOR ( 'NONE', #1082, 1000.000000000000000 ) ;
#220 = DIRECTION ( 'NONE',  ( -0.000000000000000000, -1.000000000000000000, -0.000000000000000000 ) ) ;
#221 = ADVANCED_FACE ( 'NONE', ( #1304 ), #250, .T. ) ;
#222 = DIRECTION ( 'NONE',  ( 0.000000000000000000, -1.000000000000000000, 0.000000000000000000 ) ) ;
#223 = CARTESIAN_POINT ( 'NONE',  ( 150.0000000000000000, 7.500000000000000000, -15.00000000000000178 ) ) ;
#224 = ORIENTED_EDGE ( 'NONE', *, *, #198, .T. ) ;
#225 = PLANE ( 'NONE',  #1260 ) ;
#226 = ORIENTED_EDGE ( 'NONE', *, *, #283, .F. ) ;
#227 = EDGE_CURVE ( 'NONE', #434, #97, #351, .T. ) ;
#228 = LINE ( 'NONE', #1166, #912 ) ;
#229 = EDGE_CURVE ( 'NONE', #1422, #647, #1401, .T. ) ;
#230 = DIRECTION ( 'NONE',  ( 0.000000000000000000, 0.000000000000000000, 1.000000000000000000 ) ) ;
#231 = CARTESIAN_POINT ( 'NONE',  ( 150.0000000000000000, -7.500000000000000000, 0.000000000000000000 ) ) ;
#232 = ORIENTED_EDGE ( 'NONE', *, *, #1109, .T. ) ;
#233 = PLANE ( 'NONE',  #1142 ) ;
#234 = VERTEX_POINT ( 'NONE', #814 ) ;
#235 = CYLINDRICAL_SURFACE ( 'NONE', #475, 15.00000000000000000 ) ;
#236 = DIRECTION ( 'NONE',  ( -0.000000000000000000, -1.000000000000000000, -0.000000000000000000 ) ) ;
#237 = CARTESIAN_POINT ( 'NONE',  ( -64.00000000000000000, 13.99999999999999467, 7.500000000000005329 ) ) ;
#238 = AXIS2_PLACEMENT_3D ( 'NONE', #47, #510, #389 ) ;
#239 = ORIENTED_EDGE ( 'NONE', *, *, #1364, .T. ) ;
#240 = LINE ( 'NONE', #252, #14 ) ;
#241 = ORIENTED_EDGE ( 'NONE', *, *, #1048, .T. ) ;
#242 = CARTESIAN_POINT ( 'NONE',  ( 70.83310749732699207, 15.00000000000000000, 24.13857664138708969 ) ) ;
#243 = CYLINDRICAL_SURFACE ( 'NONE', #287, 9.999999999999996447 ) ;
#244 = FACE_BOUND ( 'NONE', #1097, .T. ) ;
#245 = VERTEX_POINT ( 'NONE', #470 ) ;
#246 = ORIENTED_EDGE ( 'NONE', *, *, #227, .F. ) ;
#247 = CARTESIAN_POINT ( 'NONE',  ( 127.3479065534001933, 7.500000000000000000, -10.57746011509901862 ) ) ;
#248 = EDGE_CURVE ( 'NONE', #315, #670, #357, .T. ) ;
#249 = DIRECTION ( 'NONE',  ( 0.000000000000000000, 0.000000000000000000, 1.000000000000000000 ) ) ;
#250 = CYLINDRICAL_SURFACE ( 'NONE', #80, 14.99999999999999822 ) ;
#251 = ORIENTED_EDGE ( 'NONE', *, *, #713, .F. ) ;
#252 = CARTESIAN_POINT ( 'NONE',  ( 0.000000000000000000, 30.00000000000000000, -25.00000000000000000 ) ) ;
#253 = ORIENTED_EDGE ( 'NONE', *, *, #886, .T. ) ;
#254 = CLOSED_SHELL ( 'NONE', ( #1037, #499, #602, #1361, #987, #811, #171, #1272, #385, #764, #1064, #110, #1399, #1104, #1426, #38, #348, #608, #1417, #298, #181, #702, #221, #1301, #1265, #700, #616, #1464, #1305, #650, #845, #128, #685, #1237, #296, #140, #1282, #310, #459, #957, #1487, #1371, #766 ) ) ;
#255 = DIRECTION ( 'NONE',  ( 0.000000000000000000, 0.000000000000000000, -1.000000000000000000 ) ) ;
#256 = DIRECTION ( 'NONE',  ( 0.000000000000000000, -1.000000000000000000, 0.000000000000000000 ) ) ;
#257 = DIRECTION ( 'NONE',  ( -0.000000000000000000, -1.000000000000000000, 0.000000000000000000 ) ) ;
#258 = CIRCLE ( 'NONE', #598, 7.500000000000013323 ) ;
#259 = ORIENTED_EDGE ( 'NONE', *, *, #924, .F. ) ;
#260 = CARTESIAN_POINT ( 'NONE',  ( 150.0000000000000000, 15.00000000000000000, -14.99999999999999822 ) ) ;
#261 = VERTEX_POINT ( 'NONE', #586 ) ;
#262 = DIRECTION ( 'NONE',  ( 0.000000000000000000, 0.000000000000000000, 1.000000000000000000 ) ) ;
#263 = AXIS2_PLACEMENT_3D ( 'NONE', #1093, #507, #1208 ) ;
#264 = CYLINDRICAL_SURFACE ( 'NONE', #823, 9.000000000000008882 ) ;
#265 = CARTESIAN_POINT ( 'NONE',  ( 11.66666666666666607, 15.00000000000000000, 48.61984048604941222 ) ) ;
#266 = AXIS2_PLACEMENT_3D ( 'NONE', #141, #513, #615 ) ;
#267 = ORIENTED_EDGE ( 'NONE', *, *, #1149, .F. ) ;
#268 = ORIENTED_EDGE ( 'NONE', *, *, #330, .F. ) ;
#269 = DIRECTION ( 'NONE',  ( -0.000000000000000000, -1.000000000000000000, 0.000000000000000000 ) ) ;
#270 = EDGE_CURVE ( 'NONE', #396, #44, #1010, .T. ) ;
#271 = CARTESIAN_POINT ( 'NONE',  ( 68.49977416399364927, -7.500000000000000000, -24.41460854417720583 ) ) ;
#272 = CARTESIAN_POINT ( 'NONE',  ( -48.80677910464582681, -30.00000000000000000, 10.85809897865676454 ) ) ;
#273 = EDGE_CURVE ( 'NONE', #1316, #518, #204, .T. ) ;
#274 = ORIENTED_EDGE ( 'NONE', *, *, #1161, .F. ) ;
#275 = ORIENTED_EDGE ( 'NONE', *, *, #111, .F. ) ;
#276 = CIRCLE ( 'NONE', #1133, 15.00000000000000000 ) ;
#277 = CARTESIAN_POINT ( 'NONE',  ( -64.00000000000000000, 13.99999999999999467, -50.00100000000000477 ) ) ;
#278 = FACE_OUTER_BOUND ( 'NONE', #175, .T. ) ;
#279 = CYLINDRICAL_SURFACE ( 'NONE', #1018, 10.00000000000000000 ) ;
#280 = AXIS2_PLACEMENT_3D ( 'NONE', #430, #1006, #1345 ) ;
#281 = ORIENTED_EDGE ( 'NONE', *, *, #174, .T. ) ;
#282 = VERTEX_POINT ( 'NONE', #342 ) ;
#283 = EDGE_CURVE ( 'NONE', #1257, #414, #694, .T. ) ;
#284 = VECTOR ( 'NONE', #774, 1000.000000000000000 ) ;
#285 = CARTESIAN_POINT ( 'NONE',  ( 165.0019999999999811, 29.99999999999999645, -7.500000000000000000 ) ) ;
#286 = AXIS2_PLACEMENT_3D ( 'NONE', #816, #843, #147 ) ;
#287 = AXIS2_PLACEMENT_3D ( 'NONE', #1314, #1174, #831 ) ;
#288 = LINE ( 'NONE', #753, #969 ) ;
#289 = EDGE_CURVE ( 'NONE', #414, #1074, #812, .T. ) ;
#290 = CARTESIAN_POINT ( 'NONE',  ( 165.0019999999999811, -2.000000000000005329, -7.500000000000005329 ) ) ;
#291 = AXIS2_PLACEMENT_3D ( 'NONE', #360, #1057, #382 ) ;
#292 = VERTEX_POINT ( 'NONE', #822 ) ;
#293 = ORIENTED_EDGE ( 'NONE', *, *, #229, .F. ) ;
#294 = CARTESIAN_POINT ( 'NONE',  ( -33.80677910464599734, -19.99999999999999645, -36.83886109219001526 ) ) ;
#295 = FACE_OUTER_BOUND ( 'NONE', #1318, .T. ) ;
#296 = ADVANCED_FACE ( 'NONE', ( #1289, #244 ), #708, .F. ) ;
#297 = ORIENTED_EDGE ( 'NONE', *, *, #681, .F. ) ;
#298 = ADVANCED_FACE ( 'NONE', ( #5 ), #478, .T. ) ;
#299 = ORIENTED_EDGE ( 'NONE', *, *, #1127, .T. ) ;
#300 = ORIENTED_EDGE ( 'NONE', *, *, #1376, .T. ) ;
#301 = EDGE_CURVE ( 'NONE', #670, #391, #1218, .T. ) ;
#302 = DIRECTION ( 'NONE',  ( -0.000000000000000000, -1.000000000000000000, -0.000000000000000000 ) ) ;
#303 = CARTESIAN_POINT ( 'NONE',  ( 153.5000000000000000, -7.500000000000000000, -14.58595214581481869 ) ) ;
#304 = DIRECTION ( 'NONE',  ( 0.000000000000000000, 1.000000000000000000, 0.000000000000000000 ) ) ;
#305 = VERTEX_POINT ( 'NONE', #968 ) ;
#306 = DIRECTION ( 'NONE',  ( 0.000000000000000000, 0.000000000000000000, -1.000000000000000000 ) ) ;
#307 = VECTOR ( 'NONE', #1365, 1000.000000000000114 ) ;
#308 = DIRECTION ( 'NONE',  ( 0.000000000000000000, 1.000000000000000000, 0.000000000000000000 ) ) ;
#309 = DIRECTION ( 'NONE',  ( 0.000000000000000000, 0.000000000000000000, -1.000000000000000000 ) ) ;
#310 = ADVANCED_FACE ( 'NONE', ( #295 ), #991, .F. ) ;
#311 = CARTESIAN_POINT ( 'NONE',  ( -49.43429983321297527, 30.00000000000000000, 7.500000000000000000 ) ) ;
#312 = COLOUR_RGB ( '',0.7921568627450980005, 0.8196078431372548767, 0.9333333333333333481 ) ;
#313 = EDGE_LOOP ( 'NONE', ( #963, #61, #43, #83, #683, #352, #1357, #1065 ) ) ;
#314 = CARTESIAN_POINT ( 'NONE',  ( 127.3479065534001933, 7.500000000000000000, -10.57746011509901862 ) ) ;
#315 = VERTEX_POINT ( 'NONE', #1095 ) ;
#316 = UNCERTAINTY_MEASURE_WITH_UNIT (LENGTH_MEASURE( 1.000000000000000082E-05 ), #671, 'distance_accuracy_value', 'NONE');
#317 = DIRECTION ( 'NONE',  ( -0.8660254037844418162, 0.000000000000000000, -0.4999999999999945599 ) ) ;
#318 = CARTESIAN_POINT ( 'NONE',  ( 6.123233995736766085E-15, 30.00000000000000000, 50.00000000000000000 ) ) ;
#319 = ORIENTED_EDGE ( 'NONE', *, *, #184, .T. ) ;
#320 = DIRECTION ( 'NONE',  ( 0.000000000000000000, 0.000000000000000000, 1.000000000000000000 ) ) ;
#321 = VERTEX_POINT ( 'NONE', #265 ) ;
#322 = CARTESIAN_POINT ( 'NONE',  ( -53.12177826491100774, -30.00000000000000000, 47.99038105676626031 ) ) ;
#323 = DIRECTION ( 'NONE',  ( -0.9723968097209880757, -0.000000000000000000, -0.2333333333333333925 ) ) ;
#324 = CARTESIAN_POINT ( 'NONE',  ( -60.62177826491092958, -19.99999999999999645, -34.99999999999963762 ) ) ;
#325 = ORIENTED_EDGE ( 'NONE', *, *, #427, .T. ) ;
#326 = CARTESIAN_POINT ( 'NONE',  ( 150.0000000000000000, 15.00000000000000000, -9.000000000000008882 ) ) ;
#327 = VERTEX_POINT ( 'NONE', #522 ) ;
#328 = VECTOR ( 'NONE', #364, 1000.000000000000000 ) ;
#329 = CIRCLE ( 'NONE', #1068, 15.00000000000000000 ) ;
#330 = EDGE_CURVE ( 'NONE', #354, #1008, #276, .T. ) ;
#331 = CARTESIAN_POINT ( 'NONE',  ( 11.66666666666667140, 15.00000000000000000, 48.61984048604939801 ) ) ;
#332 = FACE_OUTER_BOUND ( 'NONE', #432, .T. ) ;
#333 = CARTESIAN_POINT ( 'NONE',  ( -60.62177826491092958, -19.99999999999999645, -34.99999999999963762 ) ) ;
#334 = EDGE_CURVE ( 'NONE', #526, #44, #172, .T. ) ;
#335 = ORIENTED_EDGE ( 'NONE', *, *, #1350, .F. ) ;
#336 = VECTOR ( 'NONE', #631, 1000.000000000000114 ) ;
#337 = DIRECTION ( 'NONE',  ( 0.000000000000000000, 0.000000000000000000, -1.000000000000000000 ) ) ;
#338 = ORIENTED_EDGE ( 'NONE', *, *, #876, .F. ) ;
#339 = VECTOR ( 'NONE', #1433, 1000.000000000000000 ) ;
#340 = CARTESIAN_POINT ( 'NONE',  ( -68.12177826491084431, -30.00000000000000000, 22.00961894323300783 ) ) ;
#341 = DIRECTION ( 'NONE',  ( -0.000000000000000000, -1.000000000000000000, 0.000000000000000000 ) ) ;
#342 = CARTESIAN_POINT ( 'NONE',  ( 135.0087439320401188, -15.00000000000000000, 0.5120952107334840742 ) ) ;
#343 = ORIENTED_EDGE ( 'NONE', *, *, #1117, .F. ) ;
#344 = CARTESIAN_POINT ( 'NONE',  ( 58.71409214056599524, 15.00000000000000000, 12.35537875215189629 ) ) ;
#345 = EDGE_CURVE ( 'NONE', #1074, #414, #865, .T. ) ;
#346 = ORIENTED_EDGE ( 'NONE', *, *, #858, .T. ) ;
#347 = CARTESIAN_POINT ( 'NONE',  ( 11.66666666666667140, 15.00000000000000000, -48.61984048604939801 ) ) ;
#348 = ADVANCED_FACE ( 'NONE', ( #1210 ), #279, .F. ) ;
#349 = CARTESIAN_POINT ( 'NONE',  ( -60.62177826491092958, -30.00000000000000000, -34.99999999999963762 ) ) ;
#350 = FACE_OUTER_BOUND ( 'NONE', #641, .T. ) ;
#351 = CIRCLE ( 'NONE', #543, 15.00000000000000000 ) ;
#352 = ORIENTED_EDGE ( 'NONE', *, *, #1431, .T. ) ;
#353 = FACE_OUTER_BOUND ( 'NONE', #567, .T. ) ;
#354 = VERTEX_POINT ( 'NONE', #878 ) ;
#355 = CARTESIAN_POINT ( 'NONE',  ( 135.0087439320401188, 15.00000000000000000, 0.5120952107334840742 ) ) ;
#356 = DIRECTION ( 'NONE',  ( 0.000000000000000000, 0.000000000000000000, 1.000000000000000000 ) ) ;
#357 = LINE ( 'NONE', #1410, #742 ) ;
#358 = VECTOR ( 'NONE', #166, 1000.000000000000114 ) ;
#359 = ORIENTED_EDGE ( 'NONE', *, *, #1117, .T. ) ;
#360 = CARTESIAN_POINT ( 'NONE',  ( -64.00000000000000000, 13.99999999999999467, -50.00100000000000477 ) ) ;
#361 = VECTOR ( 'NONE', #98, 1000.000000000000000 ) ;
#362 = CIRCLE ( 'NONE', #630, 9.999999999999996447 ) ;
#363 = ORIENTED_EDGE ( 'NONE', *, *, #1223, .F. ) ;
#364 = DIRECTION ( 'NONE',  ( -0.000000000000000000, -1.000000000000000000, -0.000000000000000000 ) ) ;
#365 = AXIS2_PLACEMENT_3D ( 'NONE', #929, #910, #577 ) ;
#366 = DIRECTION ( 'NONE',  ( 0.000000000000000000, -1.000000000000000000, -1.626303258728256651E-16 ) ) ;
#367 = CARTESIAN_POINT ( 'NONE',  ( 150.0000000000000000, 7.500000000000000000, 0.000000000000000000 ) ) ;
#368 = EDGE_LOOP ( 'NONE', ( #955, #146, #1201, #1076 ) ) ;
#369 = CARTESIAN_POINT ( 'NONE',  ( 125.0145732200668647, -15.00000000000000000, 0.8534920178891389764 ) ) ;
#370 = ORIENTED_EDGE ( 'NONE', *, *, #136, .T. ) ;
#371 = CARTESIAN_POINT ( 'NONE',  ( 11.66666666666666963, 15.00000000000000000, 48.61984048604939801 ) ) ;
#372 = DIRECTION ( 'NONE',  ( 0.000000000000000000, 0.000000000000000000, -1.000000000000000000 ) ) ;
#373 = DIRECTION ( 'NONE',  ( 0.000000000000000000, 0.000000000000000000, -1.000000000000000000 ) ) ;
#374 = EDGE_LOOP ( 'NONE', ( #1443, #860, #1394, #1170 ) ) ;
#375 = FACE_OUTER_BOUND ( 'NONE', #74, .T. ) ;
#376 = VERTEX_POINT ( 'NONE', #42 ) ;
#377 = CARTESIAN_POINT ( 'NONE',  ( 68.49977416399364927, -15.00000000000000000, 14.41460854417721116 ) ) ;
#378 = CARTESIAN_POINT ( 'NONE',  ( 153.5000000000000000, 7.500000000000000000, -14.58595214581482047 ) ) ;
#379 = DIRECTION ( 'NONE',  ( 0.000000000000000000, 0.000000000000000000, 1.000000000000000000 ) ) ;
#380 = AXIS2_PLACEMENT_3D ( 'NONE', #1466, #193, #1473 ) ;
#381 = ORIENTED_EDGE ( 'NONE', *, *, #620, .T. ) ;
#382 = DIRECTION ( 'NONE',  ( 1.000000000000000000, 0.000000000000000000, 0.000000000000000000 ) ) ;
#383 = ORIENTED_EDGE ( 'NONE', *, *, #652, .F. ) ;
#384 = EDGE_CURVE ( 'NONE', #1329, #705, #1425, .T. ) ;
#385 = ADVANCED_FACE ( 'NONE', ( #1102, #1441 ), #1434, .T. ) ;
#386 = EDGE_CURVE ( 'NONE', #425, #88, #625, .T. ) ;
#387 = CARTESIAN_POINT ( 'NONE',  ( -64.00000000000000000, -2.000000000000005329, -7.500000000000005329 ) ) ;
#388 = CARTESIAN_POINT ( 'NONE',  ( -60.62177826491092958, -19.99999999999999645, -42.49999999999965183 ) ) ;
#389 = DIRECTION ( 'NONE',  ( 0.000000000000000000, 0.000000000000000000, 1.000000000000000000 ) ) ;
#390 = AXIS2_PLACEMENT_3D ( 'NONE', #371, #952, #1416 ) ;
#391 = VERTEX_POINT ( 'NONE', #272 ) ;
#392 = ORIENTED_EDGE ( 'NONE', *, *, #951, .F. ) ;
#393 = DIRECTION ( 'NONE',  ( -0.000000000000000000, 1.000000000000000000, -0.000000000000000000 ) ) ;
#394 = CARTESIAN_POINT ( 'NONE',  ( 150.0000000000000000, -7.500000000000000000, 0.000000000000000000 ) ) ;
#395 = CARTESIAN_POINT ( 'NONE',  ( -53.12177826491100774, -19.99999999999999645, -47.99038105676626031 ) ) ;
#396 = VERTEX_POINT ( 'NONE', #638 ) ;
#397 = EDGE_LOOP ( 'NONE', ( #582, #888 ) ) ;
#398 = EDGE_CURVE ( 'NONE', #506, #440, #1086, .T. ) ;
#399 = AXIS2_PLACEMENT_3D ( 'NONE', #946, #1341, #761 ) ;
#400 = DIRECTION ( 'NONE',  ( -0.000000000000000000, -0.000000000000000000, 1.000000000000000000 ) ) ;
#401 = FACE_BOUND ( 'NONE', #397, .T. ) ;
#402 = DIRECTION ( 'NONE',  ( 0.000000000000000000, -1.000000000000000000, 0.000000000000000000 ) ) ;
#403 = LINE ( 'NONE', #180, #519 ) ;
#404 = VECTOR ( 'NONE', #256, 1000.000000000000000 ) ;
#405 = VERTEX_POINT ( 'NONE', #977 ) ;
#406 = EDGE_CURVE ( 'NONE', #717, #282, #1405, .T. ) ;
#407 = DIRECTION ( 'NONE',  ( 0.000000000000000000, 1.000000000000000000, 0.000000000000000000 ) ) ;
#408 = CIRCLE ( 'NONE', #726, 50.00000000000000000 ) ;
#409 = CIRCLE ( 'NONE', #1024, 9.999999999999996447 ) ;
#410 = DIRECTION ( 'NONE',  ( -0.000000000000000000, -1.000000000000000000, -0.000000000000000000 ) ) ;
#411 = EDGE_CURVE ( 'NONE', #104, #1347, #1334, .T. ) ;
#412 = ORIENTED_EDGE ( 'NONE', *, *, #1442, .F. ) ;
#413 = AXIS2_PLACEMENT_3D ( 'NONE', #1181, #1440, #945 ) ;
#414 = VERTEX_POINT ( 'NONE', #739 ) ;
#415 = EDGE_CURVE ( 'NONE', #182, #245, #1205, .T. ) ;
#416 = CARTESIAN_POINT ( 'NONE',  ( 127.3479065534001933, 7.500000000000000000, -10.57746011509901862 ) ) ;
#417 = CYLINDRICAL_SURFACE ( 'NONE', #748, 7.500000000000013323 ) ;
#418 = ORIENTED_EDGE ( 'NONE', *, *, #427, .F. ) ;
#419 = ORIENTED_EDGE ( 'NONE', *, *, #439, .F. ) ;
#420 = ORIENTED_EDGE ( 'NONE', *, *, #198, .F. ) ;
#421 = FACE_OUTER_BOUND ( 'NONE', #1488, .T. ) ;
#422 = AXIS2_PLACEMENT_3D ( 'NONE', #367, #120, #839 ) ;
#423 = DIRECTION ( 'NONE',  ( -0.000000000000000000, 1.626303258728256651E-16, 1.000000000000000000 ) ) ;
#424 = DIRECTION ( 'NONE',  ( 0.000000000000000000, 0.000000000000000000, 1.000000000000000000 ) ) ;
#425 = VERTEX_POINT ( 'NONE', #863 ) ;
#426 = DIRECTION ( 'NONE',  ( -0.000000000000000000, -0.000000000000000000, 1.000000000000000000 ) ) ;
#427 = EDGE_CURVE ( 'NONE', #261, #1346, #1327, .T. ) ;
#428 = EDGE_CURVE ( 'NONE', #1275, #1316, #288, .T. ) ;
#429 = VECTOR ( 'NONE', #982, 1000.000000000000000 ) ;
#430 = CARTESIAN_POINT ( 'NONE',  ( -60.62177826491092958, -30.00000000000000000, 34.99999999999963762 ) ) ;
#431 = FACE_OUTER_BOUND ( 'NONE', #842, .T. ) ;
#432 = EDGE_LOOP ( 'NONE', ( #979, #804, #148, #412 ) ) ;
#433 = FILL_AREA_STYLE_COLOUR ( '', #312 ) ;
#434 = VERTEX_POINT ( 'NONE', #94 ) ;
#435 = DIRECTION ( 'NONE',  ( 0.000000000000000000, -1.000000000000000000, 0.000000000000000000 ) ) ;
#436 = CARTESIAN_POINT ( 'NONE',  ( -64.00000000000000000, 13.99999999999999467, -7.500000000000000000 ) ) ;
#437 = CARTESIAN_POINT ( 'NONE',  ( 6.123233995736766085E-15, 30.00000000000000000, 50.00000000000000000 ) ) ;
#438 = ORIENTED_EDGE ( 'NONE', *, *, #1512, .F. ) ;
#439 = EDGE_CURVE ( 'NONE', #183, #647, #1251, .T. ) ;
#440 = VERTEX_POINT ( 'NONE', #186 ) ;
#441 = EDGE_CURVE ( 'NONE', #305, #1461, #561, .T. ) ;
#442 = APPLICATION_PROTOCOL_DEFINITION ( 'draft international standard', 'automotive_design', 1998, #487 ) ;
#443 = CARTESIAN_POINT ( 'NONE',  ( 0.000000000000000000, -15.00000000000000000, 0.000000000000000000 ) ) ;
#444 = DIRECTION ( 'NONE',  ( 0.000000000000000000, 0.000000000000000000, 1.000000000000000000 ) ) ;
#445 = CARTESIAN_POINT ( 'NONE',  ( -60.62177826491092958, -30.00000000000000000, 34.99999999999963762 ) ) ;
#446 = AXIS2_PLACEMENT_3D ( 'NONE', #782, #304, #545 ) ;
#447 = ORIENTED_EDGE ( 'NONE', *, *, #273, .F. ) ;
#448 = ORIENTED_EDGE ( 'NONE', *, *, #1269, .T. ) ;
#449 = AXIS2_PLACEMENT_3D ( 'NONE', #46, #308, #648 ) ;
#450 = AXIS2_PLACEMENT_3D ( 'NONE', #601, #488, #373 ) ;
#451 = EDGE_CURVE ( 'NONE', #19, #784, #649, .T. ) ;
#452 = DIRECTION ( 'NONE',  ( 0.000000000000000000, 0.000000000000000000, -1.000000000000000000 ) ) ;
#453 = LINE ( 'NONE', #554, #754 ) ;
#454 = DIRECTION ( 'NONE',  ( 0.000000000000000000, 1.000000000000000000, 0.000000000000000000 ) ) ;
#455 = EDGE_CURVE ( 'NONE', #705, #88, #1263, .T. ) ;
#456 = ORIENTED_EDGE ( 'NONE', *, *, #558, .T. ) ;
#457 = AXIS2_PLACEMENT_3D ( 'NONE', #1479, #1163, #320 ) ;
#458 = FACE_OUTER_BOUND ( 'NONE', #881, .T. ) ;
#459 = ADVANCED_FACE ( 'NONE', ( #1123 ), #903, .F. ) ;
#460 = ORIENTED_EDGE ( 'NONE', *, *, #760, .F. ) ;
#461 = AXIS2_PLACEMENT_3D ( 'NONE', #623, #393, #656 ) ;
#462 = LINE ( 'NONE', #1293, #1331 ) ;
#463 = DIRECTION ( 'NONE',  ( -0.000000000000000000, -1.000000000000000000, 0.000000000000000000 ) ) ;
#464 = DIRECTION ( 'NONE',  ( -0.000000000000000000, -1.000000000000000000, -0.000000000000000000 ) ) ;
#465 = ORIENTED_EDGE ( 'NONE', *, *, #76, .F. ) ;
#466 = FILL_AREA_STYLE ('',( #433 ) ) ;
#467 = ORIENTED_EDGE ( 'NONE', *, *, #491, .F. ) ;
#468 = DIRECTION ( 'NONE',  ( 0.000000000000000000, -0.000000000000000000, -1.000000000000000000 ) ) ;
#469 = CARTESIAN_POINT ( 'NONE',  ( -33.80677910464599023, -19.99999999999999645, -36.83886109219001526 ) ) ;
#470 = CARTESIAN_POINT ( 'NONE',  ( -53.12177826491100774, -30.00000000000000000, -47.99038105676626031 ) ) ;
#471 = VECTOR ( 'NONE', #410, 1000.000000000000000 ) ;
#472 = ORIENTED_EDGE ( 'NONE', *, *, #572, .F. ) ;
#473 = CARTESIAN_POINT ( 'NONE',  ( 150.0000000000000000, 15.00000000000000000, 0.000000000000000000 ) ) ;
#474 = VERTEX_POINT ( 'NONE', #781 ) ;
#475 = AXIS2_PLACEMENT_3D ( 'NONE', #1035, #1383, #255 ) ;
#476 = CARTESIAN_POINT ( 'NONE',  ( -60.62177826491092958, -19.99999999999999645, -34.99999999999963762 ) ) ;
#477 = DIRECTION ( 'NONE',  ( -0.000000000000000000, 1.000000000000000000, -0.000000000000000000 ) ) ;
#478 = CYLINDRICAL_SURFACE ( 'NONE', #399, 60.00000000000000000 ) ;
#479 = ORIENTED_EDGE ( 'NONE', *, *, #785, .F. ) ;
#480 = CARTESIAN_POINT ( 'NONE',  ( 0.000000000000000000, -30.00000000000000000, 0.000000000000000000 ) ) ;
#481 = VECTOR ( 'NONE', #1297, 1000.000000000000000 ) ;
#482 = VECTOR ( 'NONE', #707, 1000.000000000000000 ) ;
#483 = ORIENTED_EDGE ( 'NONE', *, *, #76, .T. ) ;
#484 = FACE_OUTER_BOUND ( 'NONE', #740, .T. ) ;
#485 = AXIS2_PLACEMENT_3D ( 'NONE', #4, #1187, #1197 ) ;
#486 = CARTESIAN_POINT ( 'NONE',  ( -48.80677910464583391, -19.99999999999999645, -10.85809897865676454 ) ) ;
#487 = APPLICATION_CONTEXT ( 'automotive_design' ) ;
#488 = DIRECTION ( 'NONE',  ( -0.000000000000000000, -1.000000000000000000, -0.000000000000000000 ) ) ;
#489 = VERTEX_POINT ( 'NONE', #1236 ) ;
#490 = DIRECTION ( 'NONE',  ( 0.000000000000000000, 0.000000000000000000, -1.000000000000000000 ) ) ;
#491 = EDGE_CURVE ( 'NONE', #1495, #1008, #78, .T. ) ;
#492 = ORIENTED_EDGE ( 'NONE', *, *, #876, .T. ) ;
#493 = DIRECTION ( 'NONE',  ( -0.000000000000000000, -1.000000000000000000, 0.000000000000000000 ) ) ;
#494 = CYLINDRICAL_SURFACE ( 'NONE', #413, 25.00000000000000000 ) ;
#495 = DIRECTION ( 'NONE',  ( -0.000000000000000000, 1.000000000000000000, -0.000000000000000000 ) ) ;
#496 = EDGE_CURVE ( 'NONE', #756, #1500, #628, .T. ) ;
#497 = EDGE_LOOP ( 'NONE', ( #1450, #1427 ) ) ;
#498 = LINE ( 'NONE', #1184, #481 ) ;
#499 = ADVANCED_FACE ( 'NONE', ( #665 ), #417, .F. ) ;
#500 = ORIENTED_EDGE ( 'NONE', *, *, #741, .T. ) ;
#501 = LINE ( 'NONE', #314, #336 ) ;
#502 = DIRECTION ( 'NONE',  ( 0.4999999999999946154, 0.000000000000000000, -0.8660254037844418162 ) ) ;
#503 = DIRECTION ( 'NONE',  ( -0.9723968097209880757, -0.000000000000000000, -0.2333333333333333093 ) ) ;
#504 = ORIENTED_EDGE ( 'NONE', *, *, #386, .F. ) ;
#505 = VECTOR ( 'NONE', #891, 1000.000000000000000 ) ;
#506 = VERTEX_POINT ( 'NONE', #303 ) ;
#507 = DIRECTION ( 'NONE',  ( -0.000000000000000000, -1.000000000000000000, -0.000000000000000000 ) ) ;
#508 = AXIS2_PLACEMENT_3D ( 'NONE', #473, #1066, #122 ) ;
#509 = DIRECTION ( 'NONE',  ( 0.000000000000000000, 1.000000000000000000, 0.000000000000000000 ) ) ;
#510 = DIRECTION ( 'NONE',  ( 0.000000000000000000, 1.000000000000000000, 0.000000000000000000 ) ) ;
#511 = DIRECTION ( 'NONE',  ( 0.9723968097209881867, 0.000000000000000000, -0.2333333333333332815 ) ) ;
#512 = ORIENTED_EDGE ( 'NONE', *, *, #1311, .F. ) ;
#513 = DIRECTION ( 'NONE',  ( 0.000000000000000000, 0.000000000000000000, 1.000000000000000000 ) ) ;
#514 = CARTESIAN_POINT ( 'NONE',  ( 150.0000000000000000, 7.500000000000000000, 0.000000000000000000 ) ) ;
#515 = DIRECTION ( 'NONE',  ( 0.000000000000000000, -1.000000000000000000, 0.000000000000000000 ) ) ;
#516 = ORIENTED_EDGE ( 'NONE', *, *, #496, .F. ) ;
#517 = EDGE_CURVE ( 'NONE', #1083, #1461, #820, .T. ) ;
#518 = VERTEX_POINT ( 'NONE', #210 ) ;
#519 = VECTOR ( 'NONE', #645, 1000.000000000000000 ) ;
#520 = PRODUCT ( 'Exercise 51', 'Exercise 51', '', ( #927 ) ) ;
#521 = DIRECTION ( 'NONE',  ( 0.000000000000000000, 0.000000000000000000, -1.000000000000000000 ) ) ;
#522 = CARTESIAN_POINT ( 'NONE',  ( 150.0000000000000000, 15.00000000000000000, 9.000000000000008882 ) ) ;
#523 = VECTOR ( 'NONE', #1286, 1000.000000000000000 ) ;
#524 = ORIENTED_EDGE ( 'NONE', *, *, #974, .T. ) ;
#525 = ORIENTED_EDGE ( 'NONE', *, *, #1196, .F. ) ;
#526 = VERTEX_POINT ( 'NONE', #1358 ) ;
#527 = CARTESIAN_POINT ( 'NONE',  ( -64.00000000000000000, -2.000000000000005329, 7.500000000000005329 ) ) ;
#528 = CIRCLE ( 'NONE', #457, 9.000000000000008882 ) ;
#529 = CARTESIAN_POINT ( 'NONE',  ( 43.91742031849798167, 7.500000000000000000, -40.88104930855347163 ) ) ;
#530 = VERTEX_POINT ( 'NONE', #684 ) ;
#531 = AXIS2_PLACEMENT_3D ( 'NONE', #1078, #1320, #1009 ) ;
#532 = ORIENTED_EDGE ( 'NONE', *, *, #406, .F. ) ;
#533 = ORIENTED_EDGE ( 'NONE', *, *, #807, .T. ) ;
#534 = FACE_OUTER_BOUND ( 'NONE', #1148, .T. ) ;
#535 = DIRECTION ( 'NONE',  ( 0.000000000000000000, 1.000000000000000000, -1.626303258728256651E-16 ) ) ;
#536 = FACE_BOUND ( 'NONE', #131, .T. ) ;
#537 = EDGE_CURVE ( 'NONE', #405, #1346, #6, .T. ) ;
#538 = ORIENTED_EDGE ( 'NONE', *, *, #724, .F. ) ;
#539 = CARTESIAN_POINT ( 'NONE',  ( 150.0000000000000000, -15.00000000000000000, -14.99999999999999822 ) ) ;
#540 = EDGE_CURVE ( 'NONE', #1259, #1156, #1372, .T. ) ;
#541 = ORIENTED_EDGE ( 'NONE', *, *, #537, .T. ) ;
#542 = PLANE ( 'NONE',  #1472 ) ;
#543 = AXIS2_PLACEMENT_3D ( 'NONE', #231, #134, #1508 ) ;
#544 = LINE ( 'NONE', #787, #328 ) ;
#545 = DIRECTION ( 'NONE',  ( 0.000000000000000000, -0.000000000000000000, 1.000000000000000000 ) ) ;
#546 = ORIENTED_EDGE ( 'NONE', *, *, #808, .F. ) ;
#547 = CARTESIAN_POINT ( 'NONE',  ( 0.000000000000000000, 30.00000000000000000, 0.000000000000000000 ) ) ;
#548 = EDGE_LOOP ( 'NONE', ( #925, #1480, #392, #1227 ) ) ;
#549 = AXIS2_PLACEMENT_3D ( 'NONE', #1144, #423, #535 ) ;
#550 = CARTESIAN_POINT ( 'NONE',  ( -60.62177826491092958, -19.99999999999999645, 34.99999999999963762 ) ) ;
#551 = CIRCLE ( 'NONE', #1456, 50.00000000000000000 ) ;
#552 = AXIS2_PLACEMENT_3D ( 'NONE', #10, #20, #490 ) ;
#553 = EDGE_CURVE ( 'NONE', #321, #1516, #884, .T. ) ;
#554 = CARTESIAN_POINT ( 'NONE',  ( -48.80677910464583391, -19.99999999999999645, 10.85809897865676454 ) ) ;
#555 = PLANE ( 'NONE',  #688 ) ;
#556 = ORIENTED_EDGE ( 'NONE', *, *, #1219, .F. ) ;
#557 = DIRECTION ( 'NONE',  ( 0.000000000000000000, 0.000000000000000000, 1.000000000000000000 ) ) ;
#558 = EDGE_CURVE ( 'NONE', #784, #315, #720, .T. ) ;
#559 = AXIS2_PLACEMENT_3D ( 'NONE', #570, #86, #802 ) ;
#560 = ORIENTED_EDGE ( 'NONE', *, *, #923, .T. ) ;
#561 = LINE ( 'NONE', #1014, #505 ) ;
#562 = CARTESIAN_POINT ( 'NONE',  ( 153.5000000000000000, -15.00000000000000000, 14.58595214581482580 ) ) ;
#563 = DIRECTION ( 'NONE',  ( -1.000000000000000000, -0.000000000000000000, -0.000000000000000000 ) ) ;
#564 = VERTEX_POINT ( 'NONE', #201 ) ;
#565 = DIRECTION ( 'NONE',  ( 0.000000000000000000, 0.000000000000000000, -1.000000000000000000 ) ) ;
#566 = EDGE_CURVE ( 'NONE', #44, #1259, #208, .T. ) ;
#567 = EDGE_LOOP ( 'NONE', ( #299, #844, #833, #251 ) ) ;
#568 = EDGE_CURVE ( 'NONE', #1509, #182, #1129, .T. ) ;
#569 = CARTESIAN_POINT ( 'NONE',  ( 127.3479065534001933, -7.500000000000000000, -10.57746011509901862 ) ) ;
#570 = CARTESIAN_POINT ( 'NONE',  ( 0.000000000000000000, 30.00000000000000000, 0.000000000000000000 ) ) ;
#571 = CARTESIAN_POINT ( 'NONE',  ( 125.0145732200668647, 15.00000000000000000, 0.8534920178891389764 ) ) ;
#572 = EDGE_CURVE ( 'NONE', #800, #116, #1460, .T. ) ;
#573 = ORIENTED_EDGE ( 'NONE', *, *, #1090, .T. ) ;
#574 = DIRECTION ( 'NONE',  ( -0.000000000000000000, -1.000000000000000000, -0.000000000000000000 ) ) ;
#575 = EDGE_LOOP ( 'NONE', ( #121, #213, #343, #139 ) ) ;
#576 = DIRECTION ( 'NONE',  ( 0.000000000000000000, 0.000000000000000000, -1.000000000000000000 ) ) ;
#577 = DIRECTION ( 'NONE',  ( 0.000000000000000000, 0.000000000000000000, 1.000000000000000000 ) ) ;
#578 = CARTESIAN_POINT ( 'NONE',  ( -53.12177826491100774, -19.99999999999999645, -47.99038105676626031 ) ) ;
#579 = ORIENTED_EDGE ( 'NONE', *, *, #158, .F. ) ;
#580 = CIRCLE ( 'NONE', #1435, 10.00000000000000000 ) ;
#581 = DIRECTION ( 'NONE',  ( 0.000000000000000000, -0.000000000000000000, 1.000000000000000000 ) ) ;
#582 = ORIENTED_EDGE ( 'NONE', *, *, #1101, .T. ) ;
#583 = EDGE_CURVE ( 'NONE', #327, #376, #544, .T. ) ;
#584 = FACE_OUTER_BOUND ( 'NONE', #948, .T. ) ;
#585 = CARTESIAN_POINT ( 'NONE',  ( -64.00000000000000000, 13.99999999999999467, -7.500000000000002665 ) ) ;
#586 = CARTESIAN_POINT ( 'NONE',  ( -60.62177826491092958, -19.99999999999999645, 27.49999999999962341 ) ) ;
#587 = ORIENTED_EDGE ( 'NONE', *, *, #30, .T. ) ;
#588 = CYLINDRICAL_SURFACE ( 'NONE', #291, 6.000000000000005329 ) ;
#589 = EDGE_LOOP ( 'NONE', ( #123, #293, #757, #640 ) ) ;
#590 = FACE_OUTER_BOUND ( 'NONE', #205, .T. ) ;
#591 = CARTESIAN_POINT ( 'NONE',  ( 0.000000000000000000, -30.00000000000000000, -25.00000000000000000 ) ) ;
#592 = DIRECTION ( 'NONE',  ( 0.000000000000000000, 0.000000000000000000, 1.000000000000000000 ) ) ;
#593 = AXIS2_PLACEMENT_3D ( 'NONE', #659, #1244, #188 ) ;
#594 = ORIENTED_EDGE ( 'NONE', *, *, #248, .T. ) ;
#595 = CARTESIAN_POINT ( 'NONE',  ( -64.00000000000000000, 29.99999999999999645, 7.500000000000000000 ) ) ;
#596 = EDGE_LOOP ( 'NONE', ( #533, #483, #824, #381, #873 ) ) ;
#597 = AXIS2_PLACEMENT_3D ( 'NONE', #476, #1044, #452 ) ;
#598 = AXIS2_PLACEMENT_3D ( 'NONE', #632, #1446, #521 ) ;
#599 = DIRECTION ( 'NONE',  ( 0.000000000000000000, 1.000000000000000000, 0.000000000000000000 ) ) ;
#600 = DIRECTION ( 'NONE',  ( 0.000000000000000000, -0.000000000000000000, 1.000000000000000000 ) ) ;
#601 = CARTESIAN_POINT ( 'NONE',  ( 150.0000000000000000, 15.00000000000000000, 0.000000000000000000 ) ) ;
#602 = ADVANCED_FACE ( 'NONE', ( #692 ), #101, .T. ) ;
#603 = ORIENTED_EDGE ( 'NONE', *, *, #942, .T. ) ;
#604 = CYLINDRICAL_SURFACE ( 'NONE', #89, 9.999999999999996447 ) ;
#605 = AXIS2_PLACEMENT_3D ( 'NONE', #1026, #1362, #115 ) ;
#606 = CIRCLE ( 'NONE', #828, 6.000000000000001776 ) ;
#607 = VERTEX_POINT ( 'NONE', #347 ) ;
#608 = ADVANCED_FACE ( 'NONE', ( #590 ), #1059, .F. ) ;
#609 = DIRECTION ( 'NONE',  ( 0.000000000000000000, 0.000000000000000000, -1.000000000000000000 ) ) ;
#610 = CARTESIAN_POINT ( 'NONE',  ( -70.00000000000000000, 13.99999999999999467, -7.500000000000000000 ) ) ;
#611 = DIRECTION ( 'NONE',  ( -0.000000000000000000, -1.000000000000000000, -0.000000000000000000 ) ) ;
#612 = ORIENTED_EDGE ( 'NONE', *, *, #57, .T. ) ;
#613 = CARTESIAN_POINT ( 'NONE',  ( -60.62177826491092958, -19.99999999999999645, -34.99999999999963762 ) ) ;
#614 = VERTEX_POINT ( 'NONE', #916 ) ;
#615 = DIRECTION ( 'NONE',  ( 1.000000000000000000, 0.000000000000000000, 0.000000000000000000 ) ) ;
#616 = ADVANCED_FACE ( 'NONE', ( #484 ), #1496, .F. ) ;
#617 = DIRECTION ( 'NONE',  ( 0.000000000000000000, 0.000000000000000000, 1.000000000000000000 ) ) ;
#618 = DIRECTION ( 'NONE',  ( -0.9723968097209880757, -0.000000000000000000, 0.2333333333333334481 ) ) ;
#619 = VERTEX_POINT ( 'NONE', #1053 ) ;
#620 = EDGE_CURVE ( 'NONE', #672, #1509, #1137, .T. ) ;
#621 = VECTOR ( 'NONE', #1281, 1000.000000000000000 ) ;
#622 = ORIENTED_EDGE ( 'NONE', *, *, #415, .T. ) ;
#623 = CARTESIAN_POINT ( 'NONE',  ( -60.62177826491092958, -19.99999999999999645, -34.99999999999963762 ) ) ;
#624 = CARTESIAN_POINT ( 'NONE',  ( 11.66666666666666963, 15.00000000000000000, -48.61984048604939801 ) ) ;
#625 = LINE ( 'NONE', #1315, #1211 ) ;
#626 = AXIS2_PLACEMENT_3D ( 'NONE', #133, #477, #249 ) ;
#627 = EDGE_LOOP ( 'NONE', ( #472, #663, #1270, #978 ) ) ;
#628 = CIRCLE ( 'NONE', #162, 60.00000000000000000 ) ;
#629 = ORIENTED_EDGE ( 'NONE', *, *, #1112, .F. ) ;
#630 = AXIS2_PLACEMENT_3D ( 'NONE', #1366, #341, #918 ) ;
#631 = DIRECTION ( 'NONE',  ( 0.9723968097209880757, -0.000000000000000000, 0.2333333333333334481 ) ) ;
#632 = CARTESIAN_POINT ( 'NONE',  ( -60.62177826491092958, -19.99999999999999645, 34.99999999999963762 ) ) ;
#633 = DIRECTION ( 'NONE',  ( -0.4999999999999945599, 0.000000000000000000, 0.8660254037844418162 ) ) ;
#634 = CIRCLE ( 'NONE', #552, 7.500000000000013323 ) ;
#635 = ORIENTED_EDGE ( 'NONE', *, *, #984, .F. ) ;
#636 = ORIENTED_EDGE ( 'NONE', *, *, #1379, .F. ) ;
#637 = DIRECTION ( 'NONE',  ( 0.000000000000000000, 0.000000000000000000, 1.000000000000000000 ) ) ;
#638 = CARTESIAN_POINT ( 'NONE',  ( 135.0087439320401188, 7.500000000000000000, -0.5120952107334834080 ) ) ;
#639 = ORIENTED_EDGE ( 'NONE', *, *, #187, .F. ) ;
#640 = ORIENTED_EDGE ( 'NONE', *, *, #808, .T. ) ;
#641 = EDGE_LOOP ( 'NONE', ( #438, #815, #1240, #1001, #709, #241, #779, #1415 ) ) ;
#642 = CIRCLE ( 'NONE', #1302, 10.00000000000000000 ) ;
#643 = CARTESIAN_POINT ( 'NONE',  ( 125.0145732200668647, 15.00000000000000000, 0.8534920178891389764 ) ) ;
#644 = CARTESIAN_POINT ( 'NONE',  ( -60.62177826491092958, -30.00000000000000000, -34.99999999999963762 ) ) ;
#645 = DIRECTION ( 'NONE',  ( 0.000000000000000000, 1.000000000000000000, 0.000000000000000000 ) ) ;
#646 = AXIS2_PLACEMENT_3D ( 'NONE', #145, #257, #715 ) ;
#647 = VERTEX_POINT ( 'NONE', #569 ) ;
#648 = DIRECTION ( 'NONE',  ( 0.000000000000000000, 0.000000000000000000, 1.000000000000000000 ) ) ;
#649 = LINE ( 'NONE', #194, #1096 ) ;
#650 = ADVANCED_FACE ( 'NONE', ( #584 ), #235, .T. ) ;
#651 = EDGE_CURVE ( 'NONE', #777, #1083, #462, .T. ) ;
#652 = EDGE_CURVE ( 'NONE', #1329, #425, #228, .T. ) ;
#653 = CARTESIAN_POINT ( 'NONE',  ( 0.000000000000000000, 30.00000000000000000, -50.00000000000000000 ) ) ;
#654 = AXIS2_PLACEMENT_3D ( 'NONE', #23, #75, #262 ) ;
#655 = ORIENTED_EDGE ( 'NONE', *, *, #677, .F. ) ;
#656 = DIRECTION ( 'NONE',  ( 0.000000000000000000, 0.000000000000000000, 1.000000000000000000 ) ) ;
#657 = DIRECTION ( 'NONE',  ( -1.000000000000000000, -0.000000000000000000, -0.000000000000000000 ) ) ;
#658 = CARTESIAN_POINT ( 'NONE',  ( 127.3479065534001933, -7.500000000000000000, -10.57746011509901862 ) ) ;
#659 = CARTESIAN_POINT ( 'NONE',  ( 150.0000000000000000, 15.00000000000000000, 0.000000000000000000 ) ) ;
#660 = AXIS2_PLACEMENT_3D ( 'NONE', #1419, #1063, #1188 ) ;
#661 = ORIENTED_EDGE ( 'NONE', *, *, #724, .T. ) ;
#662 = DIRECTION ( 'NONE',  ( 0.000000000000000000, 0.000000000000000000, 1.000000000000000000 ) ) ;
#663 = ORIENTED_EDGE ( 'NONE', *, *, #1319, .F. ) ;
#664 = UNCERTAINTY_MEASURE_WITH_UNIT (LENGTH_MEASURE( 1.000000000000000082E-05 ), #218, 'distance_accuracy_value', 'NONE');
#665 = FACE_OUTER_BOUND ( 'NONE', #161, .T. ) ;
#666 = CARTESIAN_POINT ( 'NONE',  ( 150.0000000000000000, 15.00000000000000000, -9.000000000000008882 ) ) ;
#667 = CARTESIAN_POINT ( 'NONE',  ( -53.12177826491100774, -30.00000000000000000, 47.99038105676626031 ) ) ;
#668 = EDGE_CURVE ( 'NONE', #859, #245, #1513, .T. ) ;
#669 = VECTOR ( 'NONE', #1467, 1000.000000000000114 ) ;
#670 = VERTEX_POINT ( 'NONE', #340 ) ;
#671 =( LENGTH_UNIT ( ) NAMED_UNIT ( * ) SI_UNIT ( .MILLI., .METRE. ) );
#672 = VERTEX_POINT ( 'NONE', #117 ) ;
#673 = DIRECTION ( 'NONE',  ( 0.000000000000000000, 0.000000000000000000, -1.000000000000000000 ) ) ;
#674 = CIRCLE ( 'NONE', #508, 9.000000000000008882 ) ;
#675 = AXIS2_PLACEMENT_3D ( 'NONE', #725, #1291, #130 ) ;
#676 = DIRECTION ( 'NONE',  ( -0.000000000000000000, 1.626303258728256651E-16, -1.000000000000000000 ) ) ;
#677 = EDGE_CURVE ( 'NONE', #396, #434, #1505, .T. ) ;
#678 = DIRECTION ( 'NONE',  ( 0.000000000000000000, -1.000000000000000000, -1.445602896647338917E-16 ) ) ;
#679 = ORIENTED_EDGE ( 'NONE', *, *, #111, .T. ) ;
#680 = DIRECTION ( 'NONE',  ( 0.000000000000000000, 0.000000000000000000, 1.000000000000000000 ) ) ;
#681 = EDGE_CURVE ( 'NONE', #800, #827, #940, .T. ) ;
#682 = VECTOR ( 'NONE', #95, 1000.000000000000000 ) ;
#683 = ORIENTED_EDGE ( 'NONE', *, *, #1048, .F. ) ;
#684 = CARTESIAN_POINT ( 'NONE',  ( -57.99999999999999289, 13.99999999999999467, -7.500000000000000000 ) ) ;
#685 = ADVANCED_FACE ( 'NONE', ( #801, #1271 ), #124, .F. ) ;
#686 = CARTESIAN_POINT ( 'NONE',  ( 0.000000000000000000, -30.00000000000000000, 0.000000000000000000 ) ) ;
#687 = LINE ( 'NONE', #1023, #200 ) ;
#688 = AXIS2_PLACEMENT_3D ( 'NONE', #195, #769, #72 ) ;
#689 = VERTEX_POINT ( 'NONE', #934 ) ;
#690 = CARTESIAN_POINT ( 'NONE',  ( 150.0000000000000000, -15.00000000000000000, -9.000000000000008882 ) ) ;
#691 = VERTEX_POINT ( 'NONE', #355 ) ;
#692 = FACE_OUTER_BOUND ( 'NONE', #734, .T. ) ;
#693 = LINE ( 'NONE', #1490, #90 ) ;
#694 = LINE ( 'NONE', #937, #621 ) ;
#695 = ORIENTED_EDGE ( 'NONE', *, *, #174, .F. ) ;
#696 = DIRECTION ( 'NONE',  ( 0.000000000000000000, 1.000000000000000000, 0.000000000000000000 ) ) ;
#697 = VERTEX_POINT ( 'NONE', #819 ) ;
#698 = DIRECTION ( 'NONE',  ( -0.000000000000000000, -1.000000000000000000, -0.000000000000000000 ) ) ;
#699 = LINE ( 'NONE', #1046, #1411 ) ;
#700 = ADVANCED_FACE ( 'NONE', ( #3 ), #1406, .F. ) ;
#701 = DIRECTION ( 'NONE',  ( 0.000000000000000000, 0.000000000000000000, 1.000000000000000000 ) ) ;
#702 = ADVANCED_FACE ( 'NONE', ( #1070 ), #13, .F. ) ;
#703 = ORIENTED_EDGE ( 'NONE', *, *, #1145, .T. ) ;
#704 = LINE ( 'NONE', #1428, #874 ) ;
#705 = VERTEX_POINT ( 'NONE', #855 ) ;
#706 = DIRECTION ( 'NONE',  ( 0.000000000000000000, 0.000000000000000000, 1.000000000000000000 ) ) ;
#707 = DIRECTION ( 'NONE',  ( -0.000000000000000000, -1.000000000000000000, -0.000000000000000000 ) ) ;
#708 = PLANE ( 'NONE',  #935 ) ;
#709 = ORIENTED_EDGE ( 'NONE', *, *, #227, .T. ) ;
#710 = DIRECTION ( 'NONE',  ( -0.000000000000000000, -1.000000000000000000, -0.000000000000000000 ) ) ;
#711 = ORIENTED_EDGE ( 'NONE', *, *, #1000, .F. ) ;
#712 = DIRECTION ( 'NONE',  ( 0.2333333333333333925, 0.000000000000000000, -0.9723968097209880757 ) ) ;
#713 = EDGE_CURVE ( 'NONE', #530, #1074, #1325, .T. ) ;
#714 = CARTESIAN_POINT ( 'NONE',  ( -60.62177826491092958, -30.00000000000000000, 27.49999999999962341 ) ) ;
#715 = DIRECTION ( 'NONE',  ( 0.000000000000000000, 0.000000000000000000, -1.000000000000000000 ) ) ;
#716 = EDGE_CURVE ( 'NONE', #88, #756, #1121, .T. ) ;
#717 = VERTEX_POINT ( 'NONE', #539 ) ;
#718 = DIRECTION ( 'NONE',  ( -0.000000000000000000, -1.000000000000000000, -0.000000000000000000 ) ) ;
#719 = EDGE_LOOP ( 'NONE', ( #224, #479, #792, #921 ) ) ;
#720 = CIRCLE ( 'NONE', #135, 15.00000000000000000 ) ;
#721 = DIRECTION ( 'NONE',  ( -0.000000000000000000, -1.000000000000000000, -0.000000000000000000 ) ) ;
#722 = CARTESIAN_POINT ( 'NONE',  ( -60.62177826491092958, -19.99999999999999645, -49.99999999999963762 ) ) ;
#723 = PLANE ( 'NONE',  #1309 ) ;
#724 = EDGE_CURVE ( 'NONE', #327, #1091, #118, .T. ) ;
#725 = CARTESIAN_POINT ( 'NONE',  ( 0.000000000000000000, 30.00000000000000000, 0.000000000000000000 ) ) ;
#726 = AXIS2_PLACEMENT_3D ( 'NONE', #1241, #799, #662 ) ;
#727 = ORIENTED_EDGE ( 'NONE', *, *, #1039, .F. ) ;
#728 = EDGE_CURVE ( 'NONE', #697, #1516, #920, .T. ) ;
#729 = VECTOR ( 'NONE', #980, 1000.000000000000000 ) ;
#730 = LINE ( 'NONE', #1470, #729 ) ;
#731 = CARTESIAN_POINT ( 'NONE',  ( -49.43429983321297527, 30.00000000000000000, 7.500000000000000000 ) ) ;
#732 = EDGE_CURVE ( 'NONE', #1259, #506, #737, .T. ) ;
#733 = CARTESIAN_POINT ( 'NONE',  ( -48.80677910464583391, -30.00000000000000000, 10.85809897865676454 ) ) ;
#734 = EDGE_LOOP ( 'NONE', ( #465, #913, #1185, #467 ) ) ;
#735 = EDGE_LOOP ( 'NONE', ( #246, #275, #419, #1202, #137, #1377, #1323, #1081 ) ) ;
#736 = CIRCLE ( 'NONE', #1200, 7.500000000000013323 ) ;
#737 = LINE ( 'NONE', #45, #1384 ) ;
#738 = DIRECTION ( 'NONE',  ( 0.000000000000000000, -1.000000000000000000, 0.000000000000000000 ) ) ;
#739 = CARTESIAN_POINT ( 'NONE',  ( -70.00000000000000000, 13.99999999999999467, 7.500000000000005329 ) ) ;
#740 = EDGE_LOOP ( 'NONE', ( #679, #655, #81, #35 ) ) ;
#741 = EDGE_CURVE ( 'NONE', #1422, #396, #776, .T. ) ;
#742 = VECTOR ( 'NONE', #930, 1000.000000000000000 ) ;
#743 = VERTEX_POINT ( 'NONE', #1423 ) ;
#744 = FACE_OUTER_BOUND ( 'NONE', #548, .T. ) ;
#745 = LINE ( 'NONE', #69, #60 ) ;
#746 = DIRECTION ( 'NONE',  ( -0.000000000000000000, -1.000000000000000000, -0.000000000000000000 ) ) ;
#747 = CARTESIAN_POINT ( 'NONE',  ( 0.000000000000000000, 30.00000000000000000, 0.000000000000000000 ) ) ;
#748 = AXIS2_PLACEMENT_3D ( 'NONE', #1151, #1136, #309 ) ;
#749 = EDGE_LOOP ( 'NONE', ( #1108, #1469 ) ) ;
#750 = CIRCLE ( 'NONE', #773, 14.99999999999999822 ) ;
#751 = VECTOR ( 'NONE', #1254, 1000.000000000000114 ) ;
#752 = CARTESIAN_POINT ( 'NONE',  ( -48.80677910464583391, -19.99999999999999645, -10.85809897865676454 ) ) ;
#753 = CARTESIAN_POINT ( 'NONE',  ( -60.62177826491092958, -19.99999999999999645, -42.49999999999965183 ) ) ;
#754 = VECTOR ( 'NONE', #821, 1000.000000000000000 ) ;
#755 = LINE ( 'NONE', #864, #1061 ) ;
#756 = VERTEX_POINT ( 'NONE', #847 ) ;
#757 = ORIENTED_EDGE ( 'NONE', *, *, #826, .F. ) ;
#758 = PRODUCT_DEFINITION_CONTEXT ( 'detailed design', #1477, 'design' ) ;
#759 = LINE ( 'NONE', #890, #790 ) ;
#760 = EDGE_CURVE ( 'NONE', #784, #116, #868, .T. ) ;
#761 = DIRECTION ( 'NONE',  ( 0.000000000000000000, 0.000000000000000000, -1.000000000000000000 ) ) ;
#762 = ORIENTED_EDGE ( 'NONE', *, *, #1311, .T. ) ;
#763 = ORIENTED_EDGE ( 'NONE', *, *, #1088, .F. ) ;
#764 = ADVANCED_FACE ( 'NONE', ( #1439 ), #40, .T. ) ;
#765 = ORIENTED_EDGE ( 'NONE', *, *, #301, .F. ) ;
#766 = ADVANCED_FACE ( 'NONE', ( #1232 ), #163, .F. ) ;
#767 = DIRECTION ( 'NONE',  ( 0.000000000000000000, -1.626303258728256651E-16, -1.000000000000000000 ) ) ;
#768 = DIRECTION ( 'NONE',  ( -0.000000000000000000, -1.000000000000000000, -0.000000000000000000 ) ) ;
#769 = DIRECTION ( 'NONE',  ( -0.4999999999999946154, 0.000000000000000000, -0.8660254037844418162 ) ) ;
#770 = EDGE_LOOP ( 'NONE', ( #765, #37, #153, #232 ) ) ;
#771 = CARTESIAN_POINT ( 'NONE',  ( -53.12177826491100774, -19.99999999999999645, 47.99038105676626031 ) ) ;
#772 = DIRECTION ( 'NONE',  ( 0.000000000000000000, -1.000000000000000000, -1.626303258728256651E-16 ) ) ;
#773 = AXIS2_PLACEMENT_3D ( 'NONE', #1042, #1171, #851 ) ;
#774 = DIRECTION ( 'NONE',  ( -0.000000000000000000, -1.000000000000000000, -0.000000000000000000 ) ) ;
#775 = FACE_BOUND ( 'NONE', #950, .T. ) ;
#776 = CIRCLE ( 'NONE', #997, 10.00000000000000000 ) ;
#777 = VERTEX_POINT ( 'NONE', #1313 ) ;
#778 = CARTESIAN_POINT ( 'NONE',  ( 68.49977416399364927, 7.500000000000000000, -14.41460854417721116 ) ) ;
#779 = ORIENTED_EDGE ( 'NONE', *, *, #406, .T. ) ;
#780 =( NAMED_UNIT ( * ) SI_UNIT ( $, .STERADIAN. ) SOLID_ANGLE_UNIT ( ) );
#781 = CARTESIAN_POINT ( 'NONE',  ( 43.91742031849798167, 15.00000000000000000, -40.88104930855347163 ) ) ;
#782 = CARTESIAN_POINT ( 'NONE',  ( 0.000000000000000000, 30.00000000000000000, 0.000000000000000000 ) ) ;
#783 = ORIENTED_EDGE ( 'NONE', *, *, #1199, .F. ) ;
#784 = VERTEX_POINT ( 'NONE', #1203 ) ;
#785 = EDGE_CURVE ( 'NONE', #672, #867, #730, .T. ) ;
#786 = AXIS2_PLACEMENT_3D ( 'NONE', #1007, #454, #1468 ) ;
#787 = CARTESIAN_POINT ( 'NONE',  ( 150.0000000000000000, 15.00000000000000000, 9.000000000000008882 ) ) ;
#788 = CARTESIAN_POINT ( 'NONE',  ( 11.66666666666666963, 15.00000000000000000, -48.61984048604939801 ) ) ;
#789 = CARTESIAN_POINT ( 'NONE',  ( 125.0145732200668647, -7.500000000000000000, -0.8534920178891389764 ) ) ;
#790 = VECTOR ( 'NONE', #63, 1000.000000000000000 ) ;
#791 = VERTEX_POINT ( 'NONE', #387 ) ;
#792 = ORIENTED_EDGE ( 'NONE', *, *, #1462, .F. ) ;
#793 = CARTESIAN_POINT ( 'NONE',  ( 150.0000000000000000, 7.500000000000000000, 0.000000000000000000 ) ) ;
#794 = CIRCLE ( 'NONE', #263, 60.00000000000000000 ) ;
#795 = AXIS2_PLACEMENT_3D ( 'NONE', #686, #202, #444 ) ;
#796 = FACE_OUTER_BOUND ( 'NONE', #1511, .T. ) ;
#797 = CARTESIAN_POINT ( 'NONE',  ( 70.83310749732699207, -15.00000000000000000, 24.13857664138708969 ) ) ;
#798 = ORIENTED_EDGE ( 'NONE', *, *, #1249, .F. ) ;
#799 = DIRECTION ( 'NONE',  ( 0.000000000000000000, 1.000000000000000000, 0.000000000000000000 ) ) ;
#800 = VERTEX_POINT ( 'NONE', #1194 ) ;
#801 = FACE_BOUND ( 'NONE', #497, .T. ) ;
#802 = DIRECTION ( 'NONE',  ( 0.000000000000000000, 0.000000000000000000, -1.000000000000000000 ) ) ;
#803 = CYLINDRICAL_SURFACE ( 'NONE', #450, 14.99999999999999822 ) ;
#804 = ORIENTED_EDGE ( 'NONE', *, *, #926, .T. ) ;
#805 = DIRECTION ( 'NONE',  ( 0.000000000000000000, 1.000000000000000000, 0.000000000000000000 ) ) ;
#806 = VERTEX_POINT ( 'NONE', #191 ) ;
#807 = EDGE_CURVE ( 'NONE', #182, #1335, #192, .T. ) ;
#808 = EDGE_CURVE ( 'NONE', #1492, #183, #1348, .T. ) ;
#809 = APPLICATION_PROTOCOL_DEFINITION ( 'draft international standard', 'automotive_design', 1998, #1477 ) ;
#810 = DIRECTION ( 'NONE',  ( 0.000000000000000000, 0.000000000000000000, 1.000000000000000000 ) ) ;
#811 = ADVANCED_FACE ( 'NONE', ( #744 ), #32, .F. ) ;
#812 = CIRCLE ( 'NONE', #154, 6.000000000000005329 ) ;
#813 = LINE ( 'NONE', #469, #1339 ) ;
#814 = CARTESIAN_POINT ( 'NONE',  ( 0.000000000000000000, 30.00000000000000000, -25.00000000000000000 ) ) ;
#815 = ORIENTED_EDGE ( 'NONE', *, *, #334, .T. ) ;
#816 = CARTESIAN_POINT ( 'NONE',  ( 0.000000000000000000, -30.00000000000000000, 0.000000000000000000 ) ) ;
#817 = EDGE_LOOP ( 'NONE', ( #363, #1162, #1206, #512, #560, #173, #711, #1368 ) ) ;
#818 = AXIS2_PLACEMENT_3D ( 'NONE', #514, #407, #1326 ) ;
#819 = CARTESIAN_POINT ( 'NONE',  ( 11.66666666666666963, -15.00000000000000000, -48.61984048604940511 ) ) ;
#820 = CIRCLE ( 'NONE', #549, 16.00000000000000000 ) ;
#821 = DIRECTION ( 'NONE',  ( 0.8660254037844418162, -0.000000000000000000, -0.4999999999999946154 ) ) ;
#822 = CARTESIAN_POINT ( 'NONE',  ( 58.71409214056599524, 7.500000000000000000, -12.35537875215189274 ) ) ;
#823 = AXIS2_PLACEMENT_3D ( 'NONE', #976, #1288, #33 ) ;
#824 = ORIENTED_EDGE ( 'NONE', *, *, #1462, .T. ) ;
#825 = DIRECTION ( 'NONE',  ( 0.000000000000000000, 0.000000000000000000, 1.000000000000000000 ) ) ;
#826 = EDGE_CURVE ( 'NONE', #1492, #1422, #501, .T. ) ;
#827 = VERTEX_POINT ( 'NONE', #1432 ) ;
#828 = AXIS2_PLACEMENT_3D ( 'NONE', #436, #676, #1022 ) ;
#829 = DIRECTION ( 'NONE',  ( 0.2333333333333333925, -0.000000000000000000, 0.9723968097209880757 ) ) ;
#830 = EDGE_CURVE ( 'NONE', #440, #564, #794, .T. ) ;
#831 = DIRECTION ( 'NONE',  ( 0.000000000000000000, 0.000000000000000000, -1.000000000000000000 ) ) ;
#832 = FACE_OUTER_BOUND ( 'NONE', #1164, .T. ) ;
#833 = ORIENTED_EDGE ( 'NONE', *, *, #289, .T. ) ;
#834 = DIRECTION ( 'NONE',  ( 0.000000000000000000, 0.000000000000000000, 1.000000000000000000 ) ) ;
#835 = ORIENTED_EDGE ( 'NONE', *, *, #160, .F. ) ;
#836 = DIRECTION ( 'NONE',  ( 0.9723968097209880757, 0.000000000000000000, -0.2333333333333333925 ) ) ;
#837 = EDGE_CURVE ( 'NONE', #564, #1347, #1167, .T. ) ;
#838 = LINE ( 'NONE', #1303, #404 ) ;
#839 = DIRECTION ( 'NONE',  ( 0.000000000000000000, 0.000000000000000000, 1.000000000000000000 ) ) ;
#840 = EDGE_CURVE ( 'NONE', #1461, #791, #1486, .T. ) ;
#841 = CIRCLE ( 'NONE', #1110, 50.00000000000000000 ) ;
#842 = EDGE_LOOP ( 'NONE', ( #300, #11, #835, #1338, #1098, #1031 ) ) ;
#843 = DIRECTION ( 'NONE',  ( 0.000000000000000000, 1.000000000000000000, 0.000000000000000000 ) ) ;
#844 = ORIENTED_EDGE ( 'NONE', *, *, #283, .T. ) ;
#845 = ADVANCED_FACE ( 'NONE', ( #1268 ), #225, .T. ) ;
#846 = CIRCLE ( 'NONE', #36, 9.000000000000008882 ) ;
#847 = CARTESIAN_POINT ( 'NONE',  ( 58.71409214056599524, -15.00000000000000000, 12.35537875215189629 ) ) ;
#848 = FACE_OUTER_BOUND ( 'NONE', #368, .T. ) ;
#849 = DIRECTION ( 'NONE',  ( -0.000000000000000000, -1.000000000000000000, -0.000000000000000000 ) ) ;
#850 = EDGE_LOOP ( 'NONE', ( #267, #448, #1387, #972 ) ) ;
#851 = DIRECTION ( 'NONE',  ( 0.000000000000000000, 0.000000000000000000, 1.000000000000000000 ) ) ;
#852 = AXIS2_PLACEMENT_3D ( 'NONE', #1155, #91, #680 ) ;
#853 = ORIENTED_EDGE ( 'NONE', *, *, #1000, .T. ) ;
#854 = AXIS2_PLACEMENT_3D ( 'NONE', #377, #493, #306 ) ;
#855 = CARTESIAN_POINT ( 'NONE',  ( 70.83310749732699207, 15.00000000000000000, 24.13857664138708969 ) ) ;
#856 = CARTESIAN_POINT ( 'NONE',  ( -60.62177826491092958, -19.99999999999999645, 34.99999999999963762 ) ) ;
#857 = CARTESIAN_POINT ( 'NONE',  ( 0.000000000000000000, 30.00000000000000000, 0.000000000000000000 ) ) ;
#858 = EDGE_CURVE ( 'NONE', #305, #614, #142, .T. ) ;
#859 = VERTEX_POINT ( 'NONE', #900 ) ;
#860 = ORIENTED_EDGE ( 'NONE', *, *, #1256, .T. ) ;
#861 = CARTESIAN_POINT ( 'NONE',  ( 125.0145732200668647, 7.500000000000000000, -0.8534920178891389764 ) ) ;
#862 = FACE_OUTER_BOUND ( 'NONE', #1176, .T. ) ;
#863 = CARTESIAN_POINT ( 'NONE',  ( 127.3479065534001933, -15.00000000000000000, 10.57746011509901862 ) ) ;
#864 = CARTESIAN_POINT ( 'NONE',  ( 11.66666666666666963, -15.00000000000000000, 48.61984048604939801 ) ) ;
#865 = CIRCLE ( 'NONE', #1060, 6.000000000000005329 ) ;
#866 = AXIS2_PLACEMENT_3D ( 'NONE', #571, #1147, #424 ) ;
#867 = VERTEX_POINT ( 'NONE', #1510 ) ;
#868 = LINE ( 'NONE', #771, #68 ) ;
#869 = AXIS2_PLACEMENT_3D ( 'NONE', #1300, #698, #810 ) ;
#870 = FACE_BOUND ( 'NONE', #938, .T. ) ;
#871 = CARTESIAN_POINT ( 'NONE',  ( 70.83310749732699207, 15.00000000000000000, 24.13857664138708969 ) ) ;
#872 = LINE ( 'NONE', #290, #1494 ) ;
#873 = ORIENTED_EDGE ( 'NONE', *, *, #568, .T. ) ;
#874 = VECTOR ( 'NONE', #939, 1000.000000000000000 ) ;
#875 = CIRCLE ( 'NONE', #795, 25.00000000000000000 ) ;
#876 = EDGE_CURVE ( 'NONE', #104, #1492, #1189, .T. ) ;
#877 = CARTESIAN_POINT ( 'NONE',  ( -68.12177826491084431, -19.99999999999999645, -22.00961894323300783 ) ) ;
#878 = CARTESIAN_POINT ( 'NONE',  ( -60.62177826491092958, -30.00000000000000000, -49.99999999999963762 ) ) ;
#879 = EDGE_CURVE ( 'NONE', #827, #1478, #408, .T. ) ;
#880 = AXIS2_PLACEMENT_3D ( 'NONE', #1029, #936, #230 ) ;
#881 = EDGE_LOOP ( 'NONE', ( #1011, #1245, #1118, #1438 ) ) ;
#882 = ORIENTED_EDGE ( 'NONE', *, *, #995, .F. ) ;
#883 = LINE ( 'NONE', #752, #1497 ) ;
#884 = LINE ( 'NONE', #331, #1252 ) ;
#885 = ORIENTED_EDGE ( 'NONE', *, *, #1332, .T. ) ;
#886 = EDGE_CURVE ( 'NONE', #1463, #19, #189, .T. ) ;
#887 = ORIENTED_EDGE ( 'NONE', *, *, #22, .T. ) ;
#888 = ORIENTED_EDGE ( 'NONE', *, *, #1442, .T. ) ;
#889 = EDGE_CURVE ( 'NONE', #1091, #901, #197, .T. ) ;
#890 = CARTESIAN_POINT ( 'NONE',  ( 135.0087439320401188, 15.00000000000000000, 0.5120952107334840742 ) ) ;
#891 = DIRECTION ( 'NONE',  ( -1.000000000000000000, -0.000000000000000000, -0.000000000000000000 ) ) ;
#892 = FACE_OUTER_BOUND ( 'NONE', #1131, .T. ) ;
#893 = AXIS2_PLACEMENT_3D ( 'NONE', #856, #738, #372 ) ;
#894 = EDGE_LOOP ( 'NONE', ( #169, #1089 ) ) ;
#895 = DIRECTION ( 'NONE',  ( 0.000000000000000000, -1.000000000000000000, 0.000000000000000000 ) ) ;
#896 = VECTOR ( 'NONE', #503, 1000.000000000000114 ) ;
#897 = DIRECTION ( 'NONE',  ( 0.000000000000000000, -1.000000000000000000, 0.000000000000000000 ) ) ;
#898 = CARTESIAN_POINT ( 'NONE',  ( -60.62177826491092958, -19.99999999999999645, -49.99999999999963762 ) ) ;
#899 = EDGE_LOOP ( 'NONE', ( #1402, #48, #1105, #1027 ) ) ;
#900 = CARTESIAN_POINT ( 'NONE',  ( -33.80677910464599023, -30.00000000000000000, -36.83886109219001526 ) ) ;
#901 = VERTEX_POINT ( 'NONE', #690 ) ;
#902 = CARTESIAN_POINT ( 'NONE',  ( 11.66666666666667140, -15.00000000000000000, 48.61984048604939801 ) ) ;
#903 = CYLINDRICAL_SURFACE ( 'NONE', #1476, 7.500000000000013323 ) ;
#904 = CARTESIAN_POINT ( 'NONE',  ( 43.91742031849798167, 15.00000000000000000, -40.88104930855347163 ) ) ;
#905 = DIRECTION ( 'NONE',  ( 0.000000000000000000, -1.000000000000000000, 0.000000000000000000 ) ) ;
#906 = ORIENTED_EDGE ( 'NONE', *, *, #973, .F. ) ;
#907 =( NAMED_UNIT ( * ) PLANE_ANGLE_UNIT ( ) SI_UNIT ( $, .RADIAN. ) );
#908 = ORIENTED_EDGE ( 'NONE', *, *, #716, .F. ) ;
#909 = DIRECTION ( 'NONE',  ( 0.000000000000000000, -1.000000000000000000, 0.000000000000000000 ) ) ;
#910 = DIRECTION ( 'NONE',  ( -0.000000000000000000, -1.000000000000000000, -0.000000000000000000 ) ) ;
#911 = PLANE ( 'NONE',  #446 ) ;
#912 = VECTOR ( 'NONE', #928, 1000.000000000000000 ) ;
#913 = ORIENTED_EDGE ( 'NONE', *, *, #144, .T. ) ;
#914 = CARTESIAN_POINT ( 'NONE',  ( -53.12177826491100774, -19.99999999999999645, 47.99038105676626031 ) ) ;
#915 = ORIENTED_EDGE ( 'NONE', *, *, #398, .T. ) ;
#916 = CARTESIAN_POINT ( 'NONE',  ( -49.43429983321297527, -2.000000000000001776, -7.500000000000005329 ) ) ;
#917 = AXIS2_PLACEMENT_3D ( 'NONE', #1084, #1356, #1126 ) ;
#918 = DIRECTION ( 'NONE',  ( 0.000000000000000000, 0.000000000000000000, -1.000000000000000000 ) ) ;
#919 = DIRECTION ( 'NONE',  ( 0.000000000000000000, 0.000000000000000000, -1.000000000000000000 ) ) ;
#920 = CIRCLE ( 'NONE', #654, 49.99999999999999289 ) ;
#921 = ORIENTED_EDGE ( 'NONE', *, *, #491, .T. ) ;
#922 = CARTESIAN_POINT ( 'NONE',  ( 165.0019999999999811, -2.000000000000005329, -7.500000000000005329 ) ) ;
#923 = EDGE_CURVE ( 'NONE', #1420, #756, #105, .T. ) ;
#924 = EDGE_CURVE ( 'NONE', #114, #67, #1045, .T. ) ;
#925 = ORIENTED_EDGE ( 'NONE', *, *, #1003, .T. ) ;
#926 = EDGE_CURVE ( 'NONE', #743, #234, #1120, .T. ) ;
#927 = PRODUCT_CONTEXT ( 'NONE', #487, 'mechanical' ) ;
#928 = DIRECTION ( 'NONE',  ( -0.000000000000000000, -1.000000000000000000, -0.000000000000000000 ) ) ;
#929 = CARTESIAN_POINT ( 'NONE',  ( 0.000000000000000000, 15.00000000000000000, 0.000000000000000000 ) ) ;
#930 = DIRECTION ( 'NONE',  ( 0.000000000000000000, -1.000000000000000000, 0.000000000000000000 ) ) ;
#931 = ORIENTED_EDGE ( 'NONE', *, *, #1256, .F. ) ;
#932 = SURFACE_SIDE_STYLE ('',( #1051 ) ) ;
#933 = ORIENTED_EDGE ( 'NONE', *, *, #144, .F. ) ;
#934 = CARTESIAN_POINT ( 'NONE',  ( 153.5000000000000000, 15.00000000000000000, 14.58595214581482580 ) ) ;
#935 = AXIS2_PLACEMENT_3D ( 'NONE', #1175, #126, #592 ) ;
#936 = DIRECTION ( 'NONE',  ( 0.000000000000000000, 1.000000000000000000, 0.000000000000000000 ) ) ;
#937 = CARTESIAN_POINT ( 'NONE',  ( -70.00000000000000000, 13.99999999999999467, -50.00100000000000477 ) ) ;
#938 = EDGE_LOOP ( 'NONE', ( #1207, #49 ) ) ;
#939 = DIRECTION ( 'NONE',  ( -0.000000000000000000, -1.000000000000000000, -0.000000000000000000 ) ) ;
#940 = CIRCLE ( 'NONE', #1234, 50.00000000000000000 ) ;
#941 = ORIENTED_EDGE ( 'NONE', *, *, #1238, .T. ) ;
#942 = EDGE_CURVE ( 'NONE', #743, #1436, #1017, .T. ) ;
#943 = DIRECTION ( 'NONE',  ( -0.000000000000000000, -1.000000000000000000, -0.000000000000000000 ) ) ;
#944 = AXIS2_PLACEMENT_3D ( 'NONE', #857, #849, #962 ) ;
#945 = DIRECTION ( 'NONE',  ( 0.000000000000000000, 0.000000000000000000, -1.000000000000000000 ) ) ;
#946 = CARTESIAN_POINT ( 'NONE',  ( 0.000000000000000000, 15.00000000000000000, 0.000000000000000000 ) ) ;
#947 = CIRCLE ( 'NONE', #286, 50.00000000000000000 ) ;
#948 = EDGE_LOOP ( 'NONE', ( #639, #460, #456, #594 ) ) ;
#949 = DIRECTION ( 'NONE',  ( 0.000000000000000000, 1.000000000000000000, 0.000000000000000000 ) ) ;
#950 = EDGE_LOOP ( 'NONE', ( #556, #1277 ) ) ;
#951 = EDGE_CURVE ( 'NONE', #901, #376, #528, .T. ) ;
#952 = DIRECTION ( 'NONE',  ( -0.2333333333333333093, 0.000000000000000000, -0.9723968097209881867 ) ) ;
#953 = CYLINDRICAL_SURFACE ( 'NONE', #893, 7.500000000000013323 ) ;
#954 = CARTESIAN_POINT ( 'NONE',  ( 70.83310749732699207, -7.500000000000000000, -24.13857664138708259 ) ) ;
#955 = ORIENTED_EDGE ( 'NONE', *, *, #411, .F. ) ;
#956 = CARTESIAN_POINT ( 'NONE',  ( -57.99999999999999289, 13.99999999999999467, 7.500000000000005329 ) ) ;
#957 = ADVANCED_FACE ( 'NONE', ( #458 ), #233, .F. ) ;
#958 = ORIENTED_EDGE ( 'NONE', *, *, #1512, .T. ) ;
#959 = DIRECTION ( 'NONE',  ( 1.000000000000000000, 0.000000000000000000, 0.000000000000000000 ) ) ;
#960 = MANIFOLD_SOLID_BREP ( 'Cut-Extrude1', #254 ) ;
#961 = FACE_OUTER_BOUND ( 'NONE', #1458, .T. ) ;
#962 = DIRECTION ( 'NONE',  ( 0.000000000000000000, 0.000000000000000000, -1.000000000000000000 ) ) ;
#963 = ORIENTED_EDGE ( 'NONE', *, *, #334, .F. ) ;
#964 = CARTESIAN_POINT ( 'NONE',  ( -68.12177826491084431, -30.00000000000000000, -22.00961894323300783 ) ) ;
#965 = ORIENTED_EDGE ( 'NONE', *, *, #651, .F. ) ;
#966 = CARTESIAN_POINT ( 'NONE',  ( 70.83310749732699207, 7.500000000000000000, -24.13857664138708259 ) ) ;
#967 = LINE ( 'NONE', #1071, #339 ) ;
#968 = CARTESIAN_POINT ( 'NONE',  ( -49.43429983321297527, -2.000000000000001776, 7.500000000000005329 ) ) ;
#969 = VECTOR ( 'NONE', #897, 1000.000000000000000 ) ;
#970 = ORIENTED_EDGE ( 'NONE', *, *, #113, .T. ) ;
#971 = AXIS2_PLACEMENT_3D ( 'NONE', #547, #805, #557 ) ;
#972 = ORIENTED_EDGE ( 'NONE', *, *, #553, .F. ) ;
#973 = EDGE_CURVE ( 'NONE', #1212, #717, #750, .T. ) ;
#974 = EDGE_CURVE ( 'NONE', #867, #391, #551, .T. ) ;
#975 = CARTESIAN_POINT ( 'NONE',  ( -57.99999999999999289, 13.99999999999999467, -50.00100000000000477 ) ) ;
#976 = CARTESIAN_POINT ( 'NONE',  ( 150.0000000000000000, 15.00000000000000000, 0.000000000000000000 ) ) ;
#977 = CARTESIAN_POINT ( 'NONE',  ( -60.62177826491092958, -30.00000000000000000, 42.49999999999965183 ) ) ;
#978 = ORIENTED_EDGE ( 'NONE', *, *, #760, .T. ) ;
#979 = ORIENTED_EDGE ( 'NONE', *, *, #942, .F. ) ;
#980 = DIRECTION ( 'NONE',  ( 0.000000000000000000, -1.000000000000000000, 0.000000000000000000 ) ) ;
#981 = PLANE ( 'NONE',  #1452 ) ;
#982 = DIRECTION ( 'NONE',  ( -0.000000000000000000, -1.000000000000000000, -0.000000000000000000 ) ) ;
#983 = ORIENTED_EDGE ( 'NONE', *, *, #840, .F. ) ;
#984 = EDGE_CURVE ( 'NONE', #282, #425, #580, .T. ) ;
#985 = AXIS2_PLACEMENT_3D ( 'NONE', #87, #1015, #1153 ) ;
#986 = ORIENTED_EDGE ( 'NONE', *, *, #1157, .T. ) ;
#987 = ADVANCED_FACE ( 'NONE', ( #375 ), #604, .F. ) ;
#988 = VECTOR ( 'NONE', #1243, 1000.000000000000000 ) ;
#989 = AXIS2_PLACEMENT_3D ( 'NONE', #643, #1100, #51 ) ;
#990 = CARTESIAN_POINT ( 'NONE',  ( 150.0000000000000000, -7.500000000000000000, 0.000000000000000000 ) ) ;
#991 = PLANE ( 'NONE',  #1278 ) ;
#992 = ORIENTED_EDGE ( 'NONE', *, *, #301, .T. ) ;
#993 = ORIENTED_EDGE ( 'NONE', *, *, #187, .T. ) ;
#994 = VECTOR ( 'NONE', #206, 1000.000000000000000 ) ;
#995 = EDGE_CURVE ( 'NONE', #1478, #859, #947, .T. ) ;
#996 = ORIENTED_EDGE ( 'NONE', *, *, #886, .F. ) ;
#997 = AXIS2_PLACEMENT_3D ( 'NONE', #861, #269, #1186 ) ;
#998 = PLANE ( 'NONE',  #989 ) ;
#999 = DIRECTION ( 'NONE',  ( 0.000000000000000000, 0.000000000000000000, 1.000000000000000000 ) ) ;
#1000 = EDGE_CURVE ( 'NONE', #440, #1500, #498, .T. ) ;
#1001 = ORIENTED_EDGE ( 'NONE', *, *, #677, .T. ) ;
#1002 = EDGE_LOOP ( 'NONE', ( #226, #370, #1455, #1471 ) ) ;
#1003 = EDGE_CURVE ( 'NONE', #1091, #327, #674, .T. ) ;
#1004 = ORIENTED_EDGE ( 'NONE', *, *, #879, .T. ) ;
#1005 = CARTESIAN_POINT ( 'NONE',  ( 43.91742031849798167, -15.00000000000000000, -40.88104930855347163 ) ) ;
#1006 = DIRECTION ( 'NONE',  ( 0.000000000000000000, -1.000000000000000000, 0.000000000000000000 ) ) ;
#1007 = CARTESIAN_POINT ( 'NONE',  ( 125.0145732200668647, -15.00000000000000000, 0.8534920178891389764 ) ) ;
#1008 = VERTEX_POINT ( 'NONE', #964 ) ;
#1009 = DIRECTION ( 'NONE',  ( 0.000000000000000000, 0.000000000000000000, 1.000000000000000000 ) ) ;
#1010 = CIRCLE ( 'NONE', #422, 15.00000000000000000 ) ;
#1011 = ORIENTED_EDGE ( 'NONE', *, *, #441, .T. ) ;
#1012 = EDGE_CURVE ( 'NONE', #234, #1299, #240, .T. ) ;
#1013 = CARTESIAN_POINT ( 'NONE',  ( 0.000000000000000000, -30.00000000000000000, 0.000000000000000000 ) ) ;
#1014 = CARTESIAN_POINT ( 'NONE',  ( 165.0019999999999811, -2.000000000000005329, 7.500000000000005329 ) ) ;
#1015 = DIRECTION ( 'NONE',  ( -0.000000000000000000, 1.000000000000000000, -0.000000000000000000 ) ) ;
#1016 = ORIENTED_EDGE ( 'NONE', *, *, #8, .F. ) ;
#1017 = LINE ( 'NONE', #1033, #1213 ) ;
#1018 = AXIS2_PLACEMENT_3D ( 'NONE', #157, #746, #1116 ) ;
#1019 = ORIENTED_EDGE ( 'NONE', *, *, #1364, .F. ) ;
#1020 = VECTOR ( 'NONE', #236, 1000.000000000000000 ) ;
#1021 = DIRECTION ( 'NONE',  ( 0.000000000000000000, -1.000000000000000000, 0.000000000000000000 ) ) ;
#1022 = DIRECTION ( 'NONE',  ( 0.000000000000000000, -1.000000000000000000, -1.445602896647338917E-16 ) ) ;
#1023 = CARTESIAN_POINT ( 'NONE',  ( -60.62177826491092958, -19.99999999999999645, -27.49999999999962341 ) ) ;
#1024 = AXIS2_PLACEMENT_3D ( 'NONE', #1507, #463, #1392 ) ;
#1025 = ORIENTED_EDGE ( 'NONE', *, *, #1101, .F. ) ;
#1026 = CARTESIAN_POINT ( 'NONE',  ( 0.000000000000000000, 30.00000000000000000, 0.000000000000000000 ) ) ;
#1027 = ORIENTED_EDGE ( 'NONE', *, *, #1351, .F. ) ;
#1028 = DIRECTION ( 'NONE',  ( -0.8660254037844418162, -0.000000000000000000, 0.4999999999999945599 ) ) ;
#1029 = CARTESIAN_POINT ( 'NONE',  ( 0.000000000000000000, 30.00000000000000000, 0.000000000000000000 ) ) ;
#1030 = DIRECTION ( 'NONE',  ( 0.000000000000000000, 0.000000000000000000, -1.000000000000000000 ) ) ;
#1031 = ORIENTED_EDGE ( 'NONE', *, *, #12, .T. ) ;
#1032 = EDGE_CURVE ( 'NONE', #689, #1212, #704, .T. ) ;
#1033 = CARTESIAN_POINT ( 'NONE',  ( 3.061616997868383043E-15, 30.00000000000000000, 25.00000000000000000 ) ) ;
#1034 = ORIENTED_EDGE ( 'NONE', *, *, #1332, .F. ) ;
#1035 = CARTESIAN_POINT ( 'NONE',  ( -60.62177826491092958, -19.99999999999999645, 34.99999999999963762 ) ) ;
#1036 = DIRECTION ( 'NONE',  ( 0.9723968097209881867, 0.000000000000000000, -0.2333333333333332815 ) ) ;
#1037 = ADVANCED_FACE ( 'NONE', ( #353 ), #588, .F. ) ;
#1038 = CARTESIAN_POINT ( 'NONE',  ( 68.49977416399364927, 7.500000000000000000, -24.41460854417720583 ) ) ;
#1039 = EDGE_CURVE ( 'NONE', #56, #114, #165, .T. ) ;
#1040 = CIRCLE ( 'NONE', #380, 14.99999999999999822 ) ;
#1041 = ORIENTED_EDGE ( 'NONE', *, *, #1090, .F. ) ;
#1042 = CARTESIAN_POINT ( 'NONE',  ( 150.0000000000000000, -15.00000000000000000, 0.000000000000000000 ) ) ;
#1043 = ORIENTED_EDGE ( 'NONE', *, *, #1196, .T. ) ;
#1044 = DIRECTION ( 'NONE',  ( 0.000000000000000000, -1.000000000000000000, 0.000000000000000000 ) ) ;
#1045 = CIRCLE ( 'NONE', #971, 50.00000000000000000 ) ;
#1046 = CARTESIAN_POINT ( 'NONE',  ( -48.80677910464583391, -19.99999999999999645, 10.85809897865677698 ) ) ;
#1047 = LINE ( 'NONE', #1182, #1328 ) ;
#1048 = EDGE_CURVE ( 'NONE', #97, #717, #138, .T. ) ;
#1049 = VECTOR ( 'NONE', #149, 1000.000000000000000 ) ;
#1050 = ORIENTED_EDGE ( 'NONE', *, *, #12, .F. ) ;
#1051 = SURFACE_STYLE_FILL_AREA ( #466 ) ;
#1052 = ORIENTED_EDGE ( 'NONE', *, *, #540, .F. ) ;
#1053 = CARTESIAN_POINT ( 'NONE',  ( -60.62177826491092958, -19.99999999999999645, -27.49999999999962341 ) ) ;
#1054 = DIRECTION ( 'NONE',  ( -0.000000000000000000, 1.626303258728256651E-16, -1.000000000000000000 ) ) ;
#1055 = DIRECTION ( 'NONE',  ( 0.000000000000000000, 0.000000000000000000, 1.000000000000000000 ) ) ;
#1056 = ORIENTED_EDGE ( 'NONE', *, *, #1319, .T. ) ;
#1057 = DIRECTION ( 'NONE',  ( -0.000000000000000000, -0.000000000000000000, 1.000000000000000000 ) ) ;
#1058 = ORIENTED_EDGE ( 'NONE', *, *, #30, .F. ) ;
#1059 = PLANE ( 'NONE',  #1067 ) ;
#1060 = AXIS2_PLACEMENT_3D ( 'NONE', #1198, #379, #64 ) ;
#1061 = VECTOR ( 'NONE', #511, 1000.000000000000114 ) ;
#1062 = PLANE ( 'NONE',  #1287 ) ;
#1063 = DIRECTION ( 'NONE',  ( 0.000000000000000000, -1.000000000000000000, 0.000000000000000000 ) ) ;
#1064 = ADVANCED_FACE ( 'NONE', ( #1075 ), #1307, .T. ) ;
#1065 = ORIENTED_EDGE ( 'NONE', *, *, #566, .F. ) ;
#1066 = DIRECTION ( 'NONE',  ( 0.000000000000000000, 1.000000000000000000, 0.000000000000000000 ) ) ;
#1067 = AXIS2_PLACEMENT_3D ( 'NONE', #242, #829, #836 ) ;
#1068 = AXIS2_PLACEMENT_3D ( 'NONE', #990, #302, #637 ) ;
#1069 = ORIENTED_EDGE ( 'NONE', *, *, #728, .F. ) ;
#1070 = FACE_OUTER_BOUND ( 'NONE', #575, .T. ) ;
#1071 = CARTESIAN_POINT ( 'NONE',  ( -33.80677910464599023, -19.99999999999999645, 36.83886109219001526 ) ) ;
#1072 = CARTESIAN_POINT ( 'NONE',  ( 150.0000000000000000, 15.00000000000000000, 0.000000000000000000 ) ) ;
#1073 = STYLED_ITEM ( 'NONE', ( #1493 ), #960 ) ;
#1074 = VERTEX_POINT ( 'NONE', #956 ) ;
#1075 = FACE_OUTER_BOUND ( 'NONE', #1222, .T. ) ;
#1076 = ORIENTED_EDGE ( 'NONE', *, *, #837, .T. ) ;
#1077 = CIRCLE ( 'NONE', #93, 16.00000000000000000 ) ;
#1078 = CARTESIAN_POINT ( 'NONE',  ( 150.0000000000000000, 15.00000000000000000, 0.000000000000000000 ) ) ;
#1079 = CARTESIAN_POINT ( 'NONE',  ( 150.0000000000000000, -15.00000000000000000, 0.000000000000000000 ) ) ;
#1080 = DIRECTION ( 'NONE',  ( 0.000000000000000000, 0.000000000000000000, -1.000000000000000000 ) ) ;
#1081 = ORIENTED_EDGE ( 'NONE', *, *, #1431, .F. ) ;
#1082 = DIRECTION ( 'NONE',  ( -0.000000000000000000, -1.000000000000000000, -0.000000000000000000 ) ) ;
#1083 = VERTEX_POINT ( 'NONE', #595 ) ;
#1084 = CARTESIAN_POINT ( 'NONE',  ( 150.0000000000000000, 15.00000000000000000, 0.000000000000000000 ) ) ;
#1085 = FACE_OUTER_BOUND ( 'NONE', #374, .T. ) ;
#1086 = LINE ( 'NONE', #1107, #896 ) ;
#1087 = PRODUCT_RELATED_PRODUCT_CATEGORY ( 'part', '', ( #520 ) ) ;
#1088 = EDGE_CURVE ( 'NONE', #489, #261, #634, .T. ) ;
#1089 = ORIENTED_EDGE ( 'NONE', *, *, #136, .F. ) ;
#1090 = EDGE_CURVE ( 'NONE', #619, #1275, #1261, .T. ) ;
#1091 = VERTEX_POINT ( 'NONE', #666 ) ;
#1092 =( GEOMETRIC_REPRESENTATION_CONTEXT ( 3 ) GLOBAL_UNCERTAINTY_ASSIGNED_CONTEXT ( ( #664 ) ) GLOBAL_UNIT_ASSIGNED_CONTEXT ( ( #218, #1262, #780 ) ) REPRESENTATION_CONTEXT ( 'NONE', 'WORKASPACE' ) );
#1093 = CARTESIAN_POINT ( 'NONE',  ( 0.000000000000000000, -7.500000000000000000, 0.000000000000000000 ) ) ;
#1094 = LINE ( 'NONE', #624, #482 ) ;
#1095 = CARTESIAN_POINT ( 'NONE',  ( -68.12177826491084431, -19.99999999999999645, 22.00961894323300783 ) ) ;
#1096 = VECTOR ( 'NONE', #1028, 1000.000000000000000 ) ;
#1097 = EDGE_LOOP ( 'NONE', ( #1034, #1041 ) ) ;
#1098 = ORIENTED_EDGE ( 'NONE', *, *, #924, .T. ) ;
#1099 = CARTESIAN_POINT ( 'NONE',  ( 68.49977416399364927, -7.500000000000000000, -14.41460854417721116 ) ) ;
#1100 = DIRECTION ( 'NONE',  ( 0.000000000000000000, 1.000000000000000000, 0.000000000000000000 ) ) ;
#1101 = EDGE_CURVE ( 'NONE', #1299, #1436, #875, .T. ) ;
#1102 = FACE_BOUND ( 'NONE', #850, .T. ) ;
#1103 = DIRECTION ( 'NONE',  ( 0.000000000000000000, 0.000000000000000000, 1.000000000000000000 ) ) ;
#1104 = ADVANCED_FACE ( 'NONE', ( #332 ), #1138, .F. ) ;
#1105 = ORIENTED_EDGE ( 'NONE', *, *, #441, .F. ) ;
#1106 = DIRECTION ( 'NONE',  ( 0.8660254037844418162, 0.000000000000000000, 0.4999999999999946154 ) ) ;
#1107 = CARTESIAN_POINT ( 'NONE',  ( 43.91742031849798167, -7.500000000000000000, -40.88104930855347163 ) ) ;
#1108 = ORIENTED_EDGE ( 'NONE', *, *, #273, .T. ) ;
#1109 = EDGE_CURVE ( 'NONE', #1463, #391, #699, .T. ) ;
#1110 = AXIS2_PLACEMENT_3D ( 'NONE', #747, #167, #1103 ) ;
#1111 = ORIENTED_EDGE ( 'NONE', *, *, #1269, .F. ) ;
#1112 = EDGE_CURVE ( 'NONE', #315, #1463, #453, .T. ) ;
#1113 = AXIS2_PLACEMENT_3D ( 'NONE', #77, #1340, #164 ) ;
#1114 = FACE_BOUND ( 'NONE', #749, .T. ) ;
#1115 = CIRCLE ( 'NONE', #646, 9.999999999999992895 ) ;
#1116 = DIRECTION ( 'NONE',  ( 0.000000000000000000, 0.000000000000000000, -1.000000000000000000 ) ) ;
#1117 = EDGE_CURVE ( 'NONE', #321, #689, #1400, .T. ) ;
#1118 = ORIENTED_EDGE ( 'NONE', *, *, #24, .F. ) ;
#1119 = ORIENTED_EDGE ( 'NONE', *, *, #1199, .T. ) ;
#1120 = CIRCLE ( 'NONE', #605, 25.00000000000000000 ) ;
#1121 = CIRCLE ( 'NONE', #854, 9.999999999999992895 ) ;
#1122 = FACE_OUTER_BOUND ( 'NONE', #899, .T. ) ;
#1123 = FACE_OUTER_BOUND ( 'NONE', #1125, .T. ) ;
#1124 = FACE_OUTER_BOUND ( 'NONE', #1502, .T. ) ;
#1125 = EDGE_LOOP ( 'NONE', ( #579, #573, #1220, #798 ) ) ;
#1126 = DIRECTION ( 'NONE',  ( 0.000000000000000000, 0.000000000000000000, -1.000000000000000000 ) ) ;
#1127 = EDGE_CURVE ( 'NONE', #530, #1257, #606, .T. ) ;
#1128 = CYLINDRICAL_SURFACE ( 'NONE', #1113, 9.999999999999992895 ) ;
#1129 = LINE ( 'NONE', #1474, #1451 ) ;
#1130 = DIRECTION ( 'NONE',  ( -0.000000000000000000, -1.000000000000000000, 0.000000000000000000 ) ) ;
#1131 = EDGE_LOOP ( 'NONE', ( #635, #532, #906, #1016, #1069, #217, #516, #908, #504 ) ) ;
#1132 = DIRECTION ( 'NONE',  ( 0.8660254037844418162, 0.000000000000000000, -0.4999999999999945599 ) ) ;
#1133 = AXIS2_PLACEMENT_3D ( 'NONE', #644, #34, #151 ) ;
#1134 = AXIS2_PLACEMENT_3D ( 'NONE', #17, #27, #1055 ) ;
#1135 = ORIENTED_EDGE ( 'NONE', *, *, #451, .F. ) ;
#1136 = DIRECTION ( 'NONE',  ( 0.000000000000000000, -1.000000000000000000, 0.000000000000000000 ) ) ;
#1137 = CIRCLE ( 'NONE', #869, 50.00000000000000000 ) ;
#1138 = CYLINDRICAL_SURFACE ( 'NONE', #559, 25.00000000000000000 ) ;
#1139 = DIRECTION ( 'NONE',  ( 0.000000000000000000, -1.000000000000000000, 0.000000000000000000 ) ) ;
#1140 = ORIENTED_EDGE ( 'NONE', *, *, #923, .F. ) ;
#1141 = EDGE_LOOP ( 'NONE', ( #259, #1183, #1004, #783 ) ) ;
#1142 = AXIS2_PLACEMENT_3D ( 'NONE', #922, #696, #581 ) ;
#1143 = VECTOR ( 'NONE', #1036, 1000.000000000000114 ) ;
#1144 = CARTESIAN_POINT ( 'NONE',  ( -64.00000000000000000, 13.99999999999999467, 7.500000000000003553 ) ) ;
#1145 = EDGE_CURVE ( 'NONE', #474, #1156, #1498, .T. ) ;
#1146 = CARTESIAN_POINT ( 'NONE',  ( 11.66666666666666963, -15.00000000000000000, -48.61984048604939801 ) ) ;
#1147 = DIRECTION ( 'NONE',  ( -0.000000000000000000, -1.000000000000000000, -0.000000000000000000 ) ) ;
#1148 = EDGE_LOOP ( 'NONE', ( #1248, #1140, #695, #1380 ) ) ;
#1149 = EDGE_CURVE ( 'NONE', #607, #321, #18, .T. ) ;
#1150 = ORIENTED_EDGE ( 'NONE', *, *, #1195, .T. ) ;
#1151 = CARTESIAN_POINT ( 'NONE',  ( -60.62177826491092958, -19.99999999999999645, -34.99999999999963762 ) ) ;
#1152 = LINE ( 'NONE', #1146, #1408 ) ;
#1153 = DIRECTION ( 'NONE',  ( 0.000000000000000000, 0.000000000000000000, 1.000000000000000000 ) ) ;
#1154 = ORIENTED_EDGE ( 'NONE', *, *, #826, .T. ) ;
#1155 = CARTESIAN_POINT ( 'NONE',  ( 0.000000000000000000, -2.000000000000001776, 0.000000000000000000 ) ) ;
#1156 = VERTEX_POINT ( 'NONE', #1385 ) ;
#1157 = EDGE_CURVE ( 'NONE', #292, #104, #362, .T. ) ;
#1158 = CARTESIAN_POINT ( 'NONE',  ( 125.0145732200668647, 7.500000000000000000, -0.8534920178891389764 ) ) ;
#1159 = CYLINDRICAL_SURFACE ( 'NONE', #168, 7.500000000000013323 ) ;
#1160 = CARTESIAN_POINT ( 'NONE',  ( 11.66666666666666963, 15.00000000000000000, -48.61984048604939801 ) ) ;
#1161 = EDGE_CURVE ( 'NONE', #1509, #859, #813, .T. ) ;
#1162 = ORIENTED_EDGE ( 'NONE', *, *, #184, .F. ) ;
#1163 = DIRECTION ( 'NONE',  ( 0.000000000000000000, 1.000000000000000000, 0.000000000000000000 ) ) ;
#1164 = EDGE_LOOP ( 'NONE', ( #1150, #1111, #525, #703, #1052, #1389, #915, #853 ) ) ;
#1165 = VECTOR ( 'NONE', #515, 1000.000000000000000 ) ;
#1166 = CARTESIAN_POINT ( 'NONE',  ( 127.3479065534001933, 15.00000000000000000, 10.57746011509901862 ) ) ;
#1167 = CIRCLE ( 'NONE', #1233, 9.999999999999996447 ) ;
#1168 = DIRECTION ( 'NONE',  ( -0.000000000000000000, 1.000000000000000000, -0.000000000000000000 ) ) ;
#1169 = DIRECTION ( 'NONE',  ( 1.000000000000000000, 0.000000000000000000, 0.000000000000000000 ) ) ;
#1170 = ORIENTED_EDGE ( 'NONE', *, *, #22, .F. ) ;
#1171 = DIRECTION ( 'NONE',  ( 0.000000000000000000, 1.000000000000000000, 0.000000000000000000 ) ) ;
#1172 = ORIENTED_EDGE ( 'NONE', *, *, #158, .T. ) ;
#1173 = CARTESIAN_POINT ( 'NONE',  ( -53.12177826491100774, -30.00000000000000000, -47.99038105676626031 ) ) ;
#1174 = DIRECTION ( 'NONE',  ( -0.000000000000000000, -1.000000000000000000, -0.000000000000000000 ) ) ;
#1175 = CARTESIAN_POINT ( 'NONE',  ( -60.62177826491092958, -19.99999999999999645, -34.99999999999963762 ) ) ;
#1176 = EDGE_LOOP ( 'NONE', ( #1284, #1404, #1221, #319, #986, #492, #1154, #500 ) ) ;
#1177 = CARTESIAN_POINT ( 'NONE',  ( 0.000000000000000000, 30.00000000000000000, 0.000000000000000000 ) ) ;
#1178 = ORIENTED_EDGE ( 'NONE', *, *, #668, .T. ) ;
#1179 = DIRECTION ( 'NONE',  ( -0.9723968097209880757, 0.000000000000000000, -0.2333333333333333925 ) ) ;
#1180 = AXIS2_PLACEMENT_3D ( 'NONE', #333, #1484, #103 ) ;
#1181 = CARTESIAN_POINT ( 'NONE',  ( 0.000000000000000000, 30.00000000000000000, 0.000000000000000000 ) ) ;
#1182 = CARTESIAN_POINT ( 'NONE',  ( -48.80677910464583391, -30.00000000000000000, -10.85809897865676454 ) ) ;
#1183 = ORIENTED_EDGE ( 'NONE', *, *, #71, .T. ) ;
#1184 = CARTESIAN_POINT ( 'NONE',  ( 43.91742031849798167, 15.00000000000000000, -40.88104930855347163 ) ) ;
#1185 = ORIENTED_EDGE ( 'NONE', *, *, #330, .T. ) ;
#1186 = DIRECTION ( 'NONE',  ( 0.000000000000000000, 0.000000000000000000, -1.000000000000000000 ) ) ;
#1187 = DIRECTION ( 'NONE',  ( 0.000000000000000000, 1.000000000000000000, 0.000000000000000000 ) ) ;
#1188 = DIRECTION ( 'NONE',  ( 0.000000000000000000, 0.000000000000000000, -1.000000000000000000 ) ) ;
#1189 = CIRCLE ( 'NONE', #1381, 9.999999999999996447 ) ;
#1190 = ORIENTED_EDGE ( 'NONE', *, *, #289, .F. ) ;
#1191 = DIRECTION ( 'NONE',  ( 0.000000000000000000, 0.000000000000000000, 1.000000000000000000 ) ) ;
#1192 = AXIS2_PLACEMENT_3D ( 'NONE', #1398, #1391, #468 ) ;
#1193 = ORIENTED_EDGE ( 'NONE', *, *, #951, .T. ) ;
#1194 = CARTESIAN_POINT ( 'NONE',  ( -33.80677910464599023, -30.00000000000000000, 36.83886109219001526 ) ) ;
#1195 = EDGE_CURVE ( 'NONE', #1500, #697, #1152, .T. ) ;
#1196 = EDGE_CURVE ( 'NONE', #474, #607, #1273, .T. ) ;
#1197 = DIRECTION ( 'NONE',  ( 0.000000000000000000, 0.000000000000000000, 1.000000000000000000 ) ) ;
#1198 = CARTESIAN_POINT ( 'NONE',  ( -64.00000000000000000, 13.99999999999999467, 7.500000000000005329 ) ) ;
#1199 = EDGE_CURVE ( 'NONE', #67, #1478, #102, .T. ) ;
#1200 = AXIS2_PLACEMENT_3D ( 'NONE', #445, #1499, #919 ) ;
#1201 = ORIENTED_EDGE ( 'NONE', *, *, #1223, .T. ) ;
#1202 = ORIENTED_EDGE ( 'NONE', *, *, #1238, .F. ) ;
#1203 = CARTESIAN_POINT ( 'NONE',  ( -53.12177826491100774, -19.99999999999999645, 47.99038105676626031 ) ) ;
#1204 = PLANE ( 'NONE',  #7 ) ;
#1205 = LINE ( 'NONE', #395, #1165 ) ;
#1206 = ORIENTED_EDGE ( 'NONE', *, *, #1145, .F. ) ;
#1207 = ORIENTED_EDGE ( 'NONE', *, *, #113, .F. ) ;
#1208 = DIRECTION ( 'NONE',  ( 0.000000000000000000, 0.000000000000000000, 1.000000000000000000 ) ) ;
#1209 = DIRECTION ( 'NONE',  ( 0.000000000000000000, -1.626303258728256651E-16, 1.000000000000000000 ) ) ;
#1210 = FACE_OUTER_BOUND ( 'NONE', #9, .T. ) ;
#1211 = VECTOR ( 'NONE', #618, 1000.000000000000114 ) ;
#1212 = VERTEX_POINT ( 'NONE', #562 ) ;
#1213 = VECTOR ( 'NONE', #574, 1000.000000000000000 ) ;
#1214 = CIRCLE ( 'NONE', #880, 25.00000000000000000 ) ;
#1215 = EDGE_LOOP ( 'NONE', ( #965, #931, #983, #92 ) ) ;
#1216 = CIRCLE ( 'NONE', #215, 7.500000000000013323 ) ;
#1217 = CARTESIAN_POINT ( 'NONE',  ( 0.000000000000000000, -30.00000000000000000, -50.00000000000000000 ) ) ;
#1218 = LINE ( 'NONE', #733, #1397 ) ;
#1219 = EDGE_CURVE ( 'NONE', #234, #743, #1214, .T. ) ;
#1220 = ORIENTED_EDGE ( 'NONE', *, *, #428, .T. ) ;
#1221 = ORIENTED_EDGE ( 'NONE', *, *, #540, .T. ) ;
#1222 = EDGE_LOOP ( 'NONE', ( #1465, #727, #1370, #346, #887, #1050, #1119, #1226, #274, #58, #21, #524, #65, #253, #1056, #152 ) ) ;
#1223 = EDGE_CURVE ( 'NONE', #292, #564, #693, .T. ) ;
#1224 = DIRECTION ( 'NONE',  ( 0.000000000000000000, 1.000000000000000000, 0.000000000000000000 ) ) ;
#1225 = DIRECTION ( 'NONE',  ( 0.8660254037844418162, 0.000000000000000000, 0.4999999999999945599 ) ) ;
#1226 = ORIENTED_EDGE ( 'NONE', *, *, #995, .T. ) ;
#1227 = ORIENTED_EDGE ( 'NONE', *, *, #889, .F. ) ;
#1228 = DIRECTION ( 'NONE',  ( 0.000000000000000000, 1.000000000000000000, -1.626303258728256651E-16 ) ) ;
#1229 = DIRECTION ( 'NONE',  ( 0.000000000000000000, 1.000000000000000000, 0.000000000000000000 ) ) ;
#1230 = DIRECTION ( 'NONE',  ( 0.000000000000000000, 0.000000000000000000, -1.000000000000000000 ) ) ;
#1231 = ORIENTED_EDGE ( 'NONE', *, *, #1012, .F. ) ;
#1232 = FACE_OUTER_BOUND ( 'NONE', #1002, .T. ) ;
#1233 = AXIS2_PLACEMENT_3D ( 'NONE', #1099, #1445, #609 ) ;
#1234 = AXIS2_PLACEMENT_3D ( 'NONE', #132, #599, #706 ) ;
#1235 = FACE_BOUND ( 'NONE', #28, .T. ) ;
#1236 = CARTESIAN_POINT ( 'NONE',  ( -60.62177826491092958, -19.99999999999999645, 42.49999999999965183 ) ) ;
#1237 = ADVANCED_FACE ( 'NONE', ( #796 ), #1159, .F. ) ;
#1238 = EDGE_CURVE ( 'NONE', #1347, #183, #409, .T. ) ;
#1239 = FACE_OUTER_BOUND ( 'NONE', #770, .T. ) ;
#1240 = ORIENTED_EDGE ( 'NONE', *, *, #270, .F. ) ;
#1241 = CARTESIAN_POINT ( 'NONE',  ( 0.000000000000000000, -30.00000000000000000, 0.000000000000000000 ) ) ;
#1242 = ORIENTED_EDGE ( 'NONE', *, *, #1161, .T. ) ;
#1243 = DIRECTION ( 'NONE',  ( -0.8660254037844418162, -0.000000000000000000, 0.4999999999999945599 ) ) ;
#1244 = DIRECTION ( 'NONE',  ( 0.000000000000000000, 1.000000000000000000, 0.000000000000000000 ) ) ;
#1245 = ORIENTED_EDGE ( 'NONE', *, *, #840, .T. ) ;
#1246 = AXIS2_PLACEMENT_3D ( 'NONE', #1393, #495, #1386 ) ;
#1247 = CIRCLE ( 'NONE', #985, 15.00000000000000000 ) ;
#1248 = ORIENTED_EDGE ( 'NONE', *, *, #716, .T. ) ;
#1249 = EDGE_CURVE ( 'NONE', #518, #1316, #1216, .T. ) ;
#1250 = CARTESIAN_POINT ( 'NONE',  ( 0.000000000000000000, 0.000000000000000000, 0.000000000000000000 ) ) ;
#1251 = LINE ( 'NONE', #658, #307 ) ;
#1252 = VECTOR ( 'NONE', #768, 1000.000000000000000 ) ;
#1253 = VECTOR ( 'NONE', #143, 1000.000000000000000 ) ;
#1254 = DIRECTION ( 'NONE',  ( -0.9723968097209880757, -0.000000000000000000, -0.2333333333333333925 ) ) ;
#1255 = LINE ( 'NONE', #898, #50 ) ;
#1256 = EDGE_CURVE ( 'NONE', #791, #777, #1077, .T. ) ;
#1257 = VERTEX_POINT ( 'NONE', #610 ) ;
#1258 =( NAMED_UNIT ( * ) SI_UNIT ( $, .STERADIAN. ) SOLID_ANGLE_UNIT ( ) );
#1259 = VERTEX_POINT ( 'NONE', #378 ) ;
#1260 = AXIS2_PLACEMENT_3D ( 'NONE', #914, #1501, #1132 ) ;
#1261 = CIRCLE ( 'NONE', #1481, 7.500000000000013323 ) ;
#1262 =( NAMED_UNIT ( * ) PLANE_ANGLE_UNIT ( ) SI_UNIT ( $, .RADIAN. ) );
#1263 = LINE ( 'NONE', #1489, #284 ) ;
#1264 = CARTESIAN_POINT ( 'NONE',  ( -60.62177826491092958, -19.99999999999999645, 34.99999999999963762 ) ) ;
#1265 = ADVANCED_FACE ( 'NONE', ( #848 ), #243, .F. ) ;
#1266 = DIRECTION ( 'NONE',  ( -0.000000000000000000, 1.626303258728256651E-16, -1.000000000000000000 ) ) ;
#1267 = ORIENTED_EDGE ( 'NONE', *, *, #1003, .F. ) ;
#1268 = FACE_OUTER_BOUND ( 'NONE', #627, .T. ) ;
#1269 = EDGE_CURVE ( 'NONE', #607, #697, #1094, .T. ) ;
#1270 = ORIENTED_EDGE ( 'NONE', *, *, #451, .T. ) ;
#1271 = FACE_OUTER_BOUND ( 'NONE', #1396, .T. ) ;
#1272 = ADVANCED_FACE ( 'NONE', ( #26 ), #494, .F. ) ;
#1273 = LINE ( 'NONE', #788, #751 ) ;
#1274 = DIRECTION ( 'NONE',  ( 0.9723968097209880757, 0.000000000000000000, 0.2333333333333334203 ) ) ;
#1275 = VERTEX_POINT ( 'NONE', #388 ) ;
#1276 = DIRECTION ( 'NONE',  ( -0.000000000000000000, 1.000000000000000000, -0.000000000000000000 ) ) ;
#1277 = ORIENTED_EDGE ( 'NONE', *, *, #926, .F. ) ;
#1278 = AXIS2_PLACEMENT_3D ( 'NONE', #1454, #633, #1225 ) ;
#1279 = DIRECTION ( 'NONE',  ( 0.000000000000000000, -0.000000000000000000, 1.000000000000000000 ) ) ;
#1280 = DIRECTION ( 'NONE',  ( 0.000000000000000000, -1.000000000000000000, 0.000000000000000000 ) ) ;
#1281 = DIRECTION ( 'NONE',  ( -0.000000000000000000, -0.000000000000000000, 1.000000000000000000 ) ) ;
#1282 = ADVANCED_FACE ( 'NONE', ( #1321 ), #1294, .F. ) ;
#1283 = ORIENTED_EDGE ( 'NONE', *, *, #1350, .T. ) ;
#1284 = ORIENTED_EDGE ( 'NONE', *, *, #270, .T. ) ;
#1285 = VECTOR ( 'NONE', #402, 1000.000000000000000 ) ;
#1286 = DIRECTION ( 'NONE',  ( -0.8660254037844418162, 0.000000000000000000, -0.4999999999999945599 ) ) ;
#1287 = AXIS2_PLACEMENT_3D ( 'NONE', #394, #1424, #600 ) ;
#1288 = DIRECTION ( 'NONE',  ( -0.000000000000000000, -1.000000000000000000, -0.000000000000000000 ) ) ;
#1289 = FACE_OUTER_BOUND ( 'NONE', #596, .T. ) ;
#1290 = ORIENTED_EDGE ( 'NONE', *, *, #62, .T. ) ;
#1291 = DIRECTION ( 'NONE',  ( -0.000000000000000000, -1.000000000000000000, -0.000000000000000000 ) ) ;
#1292 = ORIENTED_EDGE ( 'NONE', *, *, #668, .F. ) ;
#1293 = CARTESIAN_POINT ( 'NONE',  ( -64.00000000000000000, 30.00000000000000000, 0.000000000000000000 ) ) ;
#1294 = PLANE ( 'NONE',  #1457 ) ;
#1295 = DIRECTION ( 'NONE',  ( 0.8660254037844418162, 0.000000000000000000, 0.4999999999999946154 ) ) ;
#1296 = ORIENTED_EDGE ( 'NONE', *, *, #1414, .T. ) ;
#1297 = DIRECTION ( 'NONE',  ( -0.000000000000000000, -1.000000000000000000, -0.000000000000000000 ) ) ;
#1298 = VECTOR ( 'NONE', #563, 1000.000000000000000 ) ;
#1299 = VERTEX_POINT ( 'NONE', #591 ) ;
#1300 = CARTESIAN_POINT ( 'NONE',  ( 0.000000000000000000, -19.99999999999999645, 0.000000000000000000 ) ) ;
#1301 = ADVANCED_FACE ( 'NONE', ( #961 ), #264, .F. ) ;
#1302 = AXIS2_PLACEMENT_3D ( 'NONE', #789, #1130, #1030 ) ;
#1303 = CARTESIAN_POINT ( 'NONE',  ( -60.62177826491092958, -19.99999999999999645, 42.49999999999965183 ) ) ;
#1304 = FACE_OUTER_BOUND ( 'NONE', #313, .T. ) ;
#1305 = ADVANCED_FACE ( 'NONE', ( #1409 ), #1062, .F. ) ;
#1306 = ORIENTED_EDGE ( 'NONE', *, *, #879, .F. ) ;
#1307 = CYLINDRICAL_SURFACE ( 'NONE', #675, 50.00000000000000000 ) ;
#1308 = PRODUCT_DEFINITION_FORMATION_WITH_SPECIFIED_SOURCE ( 'ANY', '', #520, .NOT_KNOWN. ) ;
#1309 = AXIS2_PLACEMENT_3D ( 'NONE', #1160, #112, #1274 ) ;
#1310 = EDGE_LOOP ( 'NONE', ( #763, #239, #541, #418 ) ) ;
#1311 = EDGE_CURVE ( 'NONE', #1420, #474, #1337, .T. ) ;
#1312 = ADVANCED_BREP_SHAPE_REPRESENTATION ( 'Exercise 51', ( #960, #108 ), #1092 ) ;
#1313 = CARTESIAN_POINT ( 'NONE',  ( -64.00000000000000000, 29.99999999999999645, -7.500000000000000000 ) ) ;
#1314 = CARTESIAN_POINT ( 'NONE',  ( 68.49977416399364927, 7.500000000000000000, -14.41460854417721116 ) ) ;
#1315 = CARTESIAN_POINT ( 'NONE',  ( 70.83310749732699207, -15.00000000000000000, 24.13857664138708969 ) ) ;
#1316 = VERTEX_POINT ( 'NONE', #41 ) ;
#1317 = AXIS2_PLACEMENT_3D ( 'NONE', #247, #712, #1179 ) ;
#1318 = EDGE_LOOP ( 'NONE', ( #1178, #1430, #1330, #1242 ) ) ;
#1319 = EDGE_CURVE ( 'NONE', #19, #800, #967, .T. ) ;
#1320 = DIRECTION ( 'NONE',  ( 0.000000000000000000, 1.000000000000000000, 0.000000000000000000 ) ) ;
#1321 = FACE_OUTER_BOUND ( 'NONE', #719, .T. ) ;
#1322 = CARTESIAN_POINT ( 'NONE',  ( 150.0000000000000000, 15.00000000000000000, -14.99999999999999822 ) ) ;
#1323 = ORIENTED_EDGE ( 'NONE', *, *, #398, .F. ) ;
#1324 = ORIENTED_EDGE ( 'NONE', *, *, #984, .T. ) ;
#1325 = LINE ( 'NONE', #975, #1437 ) ;
#1326 = DIRECTION ( 'NONE',  ( 0.000000000000000000, -0.000000000000000000, 1.000000000000000000 ) ) ;
#1327 = LINE ( 'NONE', #1447, #1285 ) ;
#1328 = VECTOR ( 'NONE', #1295, 1000.000000000000000 ) ;
#1329 = VERTEX_POINT ( 'NONE', #150 ) ;
#1330 = ORIENTED_EDGE ( 'NONE', *, *, #568, .F. ) ;
#1331 = VECTOR ( 'NONE', #1279, 1000.000000000000000 ) ;
#1332 = EDGE_CURVE ( 'NONE', #1275, #619, #1429, .T. ) ;
#1333 = DIRECTION ( 'NONE',  ( 0.000000000000000000, -0.000000000000000000, 1.000000000000000000 ) ) ;
#1334 = LINE ( 'NONE', #52, #429 ) ;
#1335 = VERTEX_POINT ( 'NONE', #722 ) ;
#1336 = PRESENTATION_LAYER_ASSIGNMENT (  '', '', ( #1073 ) ) ;
#1337 = CIRCLE ( 'NONE', #485, 60.00000000000000000 ) ;
#1338 = ORIENTED_EDGE ( 'NONE', *, *, #1039, .T. ) ;
#1339 = VECTOR ( 'NONE', #1483, 1000.000000000000000 ) ;
#1340 = DIRECTION ( 'NONE',  ( -0.000000000000000000, -1.000000000000000000, -0.000000000000000000 ) ) ;
#1341 = DIRECTION ( 'NONE',  ( -0.000000000000000000, -1.000000000000000000, -0.000000000000000000 ) ) ;
#1342 = ORIENTED_EDGE ( 'NONE', *, *, #583, .F. ) ;
#1343 = EDGE_LOOP ( 'NONE', ( #1363, #1190 ) ) ;
#1344 = FACE_BOUND ( 'NONE', #1343, .T. ) ;
#1345 = DIRECTION ( 'NONE',  ( 0.000000000000000000, 0.000000000000000000, -1.000000000000000000 ) ) ;
#1346 = VERTEX_POINT ( 'NONE', #714 ) ;
#1347 = VERTEX_POINT ( 'NONE', #271 ) ;
#1348 = LINE ( 'NONE', #966, #1049 ) ;
#1349 = PRODUCT_DEFINITION ( 'UNKNOWN', '', #1308, #758 ) ;
#1350 = EDGE_CURVE ( 'NONE', #376, #901, #846, .T. ) ;
#1351 = EDGE_CURVE ( 'NONE', #56, #305, #16, .T. ) ;
#1352 = PLANE ( 'NONE',  #818 ) ;
#1353 = DIRECTION ( 'NONE',  ( 0.000000000000000000, 0.000000000000000000, 1.000000000000000000 ) ) ;
#1354 = DIRECTION ( 'NONE',  ( -1.000000000000000000, -0.000000000000000000, -0.000000000000000000 ) ) ;
#1355 = EDGE_LOOP ( 'NONE', ( #176, #603, #1025, #1231 ) ) ;
#1356 = DIRECTION ( 'NONE',  ( -0.000000000000000000, -1.000000000000000000, -0.000000000000000000 ) ) ;
#1357 = ORIENTED_EDGE ( 'NONE', *, *, #732, .F. ) ;
#1358 = CARTESIAN_POINT ( 'NONE',  ( 150.0000000000000000, 15.00000000000000000, -14.99999999999999822 ) ) ;
#1359 = DIRECTION ( 'NONE',  ( 0.000000000000000000, -1.000000000000000000, 0.000000000000000000 ) ) ;
#1360 = ORIENTED_EDGE ( 'NONE', *, *, #384, .F. ) ;
#1361 = ADVANCED_FACE ( 'NONE', ( #1418 ), #953, .F. ) ;
#1362 = DIRECTION ( 'NONE',  ( 0.000000000000000000, 1.000000000000000000, 0.000000000000000000 ) ) ;
#1363 = ORIENTED_EDGE ( 'NONE', *, *, #345, .F. ) ;
#1364 = EDGE_CURVE ( 'NONE', #489, #405, #838, .T. ) ;
#1365 = DIRECTION ( 'NONE',  ( 0.9723968097209880757, -0.000000000000000000, 0.2333333333333334481 ) ) ;
#1366 = CARTESIAN_POINT ( 'NONE',  ( 68.49977416399364927, 7.500000000000000000, -14.41460854417721116 ) ) ;
#1367 = LINE ( 'NONE', #212, #1298 ) ;
#1368 = ORIENTED_EDGE ( 'NONE', *, *, #830, .T. ) ;
#1369 = CIRCLE ( 'NONE', #593, 14.99999999999999822 ) ;
#1370 = ORIENTED_EDGE ( 'NONE', *, *, #1351, .T. ) ;
#1371 = ADVANCED_FACE ( 'NONE', ( #156, #1085 ), #1204, .F. ) ;
#1372 = LINE ( 'NONE', #529, #669 ) ;
#1373 = VECTOR ( 'NONE', #721, 1000.000000000000000 ) ;
#1374 = DIRECTION ( 'NONE',  ( -0.000000000000000000, -1.000000000000000000, -0.000000000000000000 ) ) ;
#1375 = PLANE ( 'NONE',  #786 ) ;
#1376 = EDGE_CURVE ( 'NONE', #806, #777, #745, .T. ) ;
#1377 = ORIENTED_EDGE ( 'NONE', *, *, #830, .F. ) ;
#1378 = DIRECTION ( 'NONE',  ( -0.000000000000000000, -1.000000000000000000, 0.000000000000000000 ) ) ;
#1379 = EDGE_CURVE ( 'NONE', #261, #489, #258, .T. ) ;
#1380 = ORIENTED_EDGE ( 'NONE', *, *, #455, .T. ) ;
#1381 = AXIS2_PLACEMENT_3D ( 'NONE', #778, #1378, #337 ) ;
#1382 = SHAPE_DEFINITION_REPRESENTATION ( #55, #1312 ) ;
#1383 = DIRECTION ( 'NONE',  ( 0.000000000000000000, -1.000000000000000000, 0.000000000000000000 ) ) ;
#1384 = VECTOR ( 'NONE', #155, 1000.000000000000000 ) ;
#1385 = CARTESIAN_POINT ( 'NONE',  ( 43.91742031849798167, 7.500000000000000000, -40.88104930855347163 ) ) ;
#1386 = DIRECTION ( 'NONE',  ( 0.000000000000000000, 0.000000000000000000, 1.000000000000000000 ) ) ;
#1387 = ORIENTED_EDGE ( 'NONE', *, *, #728, .T. ) ;
#1388 = CARTESIAN_POINT ( 'NONE',  ( 0.000000000000000000, -19.99999999999999645, 0.000000000000000000 ) ) ;
#1389 = ORIENTED_EDGE ( 'NONE', *, *, #732, .T. ) ;
#1390 = CIRCLE ( 'NONE', #25, 6.000000000000001776 ) ;
#1391 = DIRECTION ( 'NONE',  ( 0.000000000000000000, -1.000000000000000000, 0.000000000000000000 ) ) ;
#1392 = DIRECTION ( 'NONE',  ( 0.000000000000000000, 0.000000000000000000, -1.000000000000000000 ) ) ;
#1393 = CARTESIAN_POINT ( 'NONE',  ( -60.62177826491092958, -30.00000000000000000, -34.99999999999963762 ) ) ;
#1394 = ORIENTED_EDGE ( 'NONE', *, *, #1376, .F. ) ;
#1395 = SURFACE_STYLE_USAGE ( .BOTH. , #932 ) ;
#1396 = EDGE_LOOP ( 'NONE', ( #99, #1135, #996, #629 ) ) ;
#1397 = VECTOR ( 'NONE', #178, 1000.000000000000000 ) ;
#1398 = CARTESIAN_POINT ( 'NONE',  ( -60.62177826491092958, -19.99999999999999645, 34.99999999999963762 ) ) ;
#1399 = ADVANCED_FACE ( 'NONE', ( #421, #401, #870, #1114 ), #542, .F. ) ;
#1400 = LINE ( 'NONE', #1514, #1143 ) ;
#1401 = LINE ( 'NONE', #1515, #2 ) ;
#1402 = ORIENTED_EDGE ( 'NONE', *, *, #160, .T. ) ;
#1403 = DIRECTION ( 'NONE',  ( 0.000000000000000000, 1.000000000000000000, 0.000000000000000000 ) ) ;
#1404 = ORIENTED_EDGE ( 'NONE', *, *, #566, .T. ) ;
#1405 = CIRCLE ( 'NONE', #238, 14.99999999999999822 ) ;
#1406 = PLANE ( 'NONE',  #1317 ) ;
#1407 = VECTOR ( 'NONE', #82, 1000.000000000000000 ) ;
#1408 = VECTOR ( 'NONE', #323, 1000.000000000000114 ) ;
#1409 = FACE_OUTER_BOUND ( 'NONE', #735, .T. ) ;
#1410 = CARTESIAN_POINT ( 'NONE',  ( -68.12177826491084431, -19.99999999999999645, 22.00961894323300783 ) ) ;
#1411 = VECTOR ( 'NONE', #1280, 1000.000000000000000 ) ;
#1412 = ORIENTED_EDGE ( 'NONE', *, *, #974, .F. ) ;
#1413 = CARTESIAN_POINT ( 'NONE',  ( 68.49977416399364927, 7.500000000000000000, -14.41460854417721116 ) ) ;
#1414 = EDGE_CURVE ( 'NONE', #691, #282, #759, .T. ) ;
#1415 = ORIENTED_EDGE ( 'NONE', *, *, #1414, .F. ) ;
#1416 = DIRECTION ( 'NONE',  ( -0.9723968097209880757, 0.000000000000000000, 0.2333333333333332815 ) ) ;
#1417 = ADVANCED_FACE ( 'NONE', ( #534 ), #1128, .F. ) ;
#1418 = FACE_OUTER_BOUND ( 'NONE', #1310, .T. ) ;
#1419 = CARTESIAN_POINT ( 'NONE',  ( -60.62177826491092958, -30.00000000000000000, 34.99999999999963762 ) ) ;
#1420 = VERTEX_POINT ( 'NONE', #1459 ) ;
#1421 = DIRECTION ( 'NONE',  ( -0.000000000000000000, 1.000000000000000000, -0.000000000000000000 ) ) ;
#1422 = VERTEX_POINT ( 'NONE', #416 ) ;
#1423 = CARTESIAN_POINT ( 'NONE',  ( 3.061616997868383043E-15, 30.00000000000000000, 25.00000000000000000 ) ) ;
#1424 = DIRECTION ( 'NONE',  ( 0.000000000000000000, 1.000000000000000000, 0.000000000000000000 ) ) ;
#1425 = LINE ( 'NONE', #871, #358 ) ;
#1426 = ADVANCED_FACE ( 'NONE', ( #278, #1235 ), #998, .T. ) ;
#1427 = ORIENTED_EDGE ( 'NONE', *, *, #1088, .T. ) ;
#1428 = CARTESIAN_POINT ( 'NONE',  ( 153.5000000000000000, 15.00000000000000000, 14.58595214581482580 ) ) ;
#1429 = CIRCLE ( 'NONE', #626, 7.500000000000013323 ) ;
#1430 = ORIENTED_EDGE ( 'NONE', *, *, #415, .F. ) ;
#1431 = EDGE_CURVE ( 'NONE', #97, #506, #329, .T. ) ;
#1432 = CARTESIAN_POINT ( 'NONE',  ( 6.123233995736766085E-15, -30.00000000000000000, 50.00000000000000000 ) ) ;
#1433 = DIRECTION ( 'NONE',  ( 0.000000000000000000, -1.000000000000000000, 0.000000000000000000 ) ) ;
#1434 = CYLINDRICAL_SURFACE ( 'NONE', #944, 50.00000000000000000 ) ;
#1435 = AXIS2_PLACEMENT_3D ( 'NONE', #369, #710, #834 ) ;
#1436 = VERTEX_POINT ( 'NONE', #1453 ) ;
#1437 = VECTOR ( 'NONE', #426, 1000.000000000000000 ) ;
#1438 = ORIENTED_EDGE ( 'NONE', *, *, #858, .F. ) ;
#1439 = FACE_OUTER_BOUND ( 'NONE', #1215, .T. ) ;
#1440 = DIRECTION ( 'NONE',  ( -0.000000000000000000, -1.000000000000000000, -0.000000000000000000 ) ) ;
#1441 = FACE_OUTER_BOUND ( 'NONE', #1141, .T. ) ;
#1442 = EDGE_CURVE ( 'NONE', #1436, #1299, #209, .T. ) ;
#1443 = ORIENTED_EDGE ( 'NONE', *, *, #24, .T. ) ;
#1444 = ORIENTED_EDGE ( 'NONE', *, *, #807, .F. ) ;
#1445 = DIRECTION ( 'NONE',  ( -0.000000000000000000, -1.000000000000000000, 0.000000000000000000 ) ) ;
#1446 = DIRECTION ( 'NONE',  ( 0.000000000000000000, -1.000000000000000000, 0.000000000000000000 ) ) ;
#1447 = CARTESIAN_POINT ( 'NONE',  ( -60.62177826491092958, -19.99999999999999645, 27.49999999999962341 ) ) ;
#1448 = CIRCLE ( 'NONE', #1180, 15.00000000000000000 ) ;
#1449 = CARTESIAN_POINT ( 'NONE',  ( -33.80677910464599734, -19.99999999999999645, 36.83886109219001526 ) ) ;
#1450 = ORIENTED_EDGE ( 'NONE', *, *, #1379, .T. ) ;
#1451 = VECTOR ( 'NONE', #317, 1000.000000000000000 ) ;
#1452 = AXIS2_PLACEMENT_3D ( 'NONE', #170, #767, #1228 ) ;
#1453 = CARTESIAN_POINT ( 'NONE',  ( 3.061616997868383043E-15, -30.00000000000000000, 25.00000000000000000 ) ) ;
#1454 = CARTESIAN_POINT ( 'NONE',  ( -53.12177826491100774, -19.99999999999999645, -47.99038105676626031 ) ) ;
#1455 = ORIENTED_EDGE ( 'NONE', *, *, #713, .T. ) ;
#1456 = AXIS2_PLACEMENT_3D ( 'NONE', #480, #949, #1191 ) ;
#1457 = AXIS2_PLACEMENT_3D ( 'NONE', #486, #502, #125 ) ;
#1458 = EDGE_LOOP ( 'NONE', ( #1342, #661, #190, #335 ) ) ;
#1459 = CARTESIAN_POINT ( 'NONE',  ( 58.71409214056599524, 15.00000000000000000, 12.35537875215189629 ) ) ;
#1460 = LINE ( 'NONE', #322, #988 ) ;
#1461 = VERTEX_POINT ( 'NONE', #527 ) ;
#1462 = EDGE_CURVE ( 'NONE', #1495, #672, #883, .T. ) ;
#1463 = VERTEX_POINT ( 'NONE', #177 ) ;
#1464 = ADVANCED_FACE ( 'NONE', ( #862 ), #1352, .T. ) ;
#1465 = ORIENTED_EDGE ( 'NONE', *, *, #71, .F. ) ;
#1466 = CARTESIAN_POINT ( 'NONE',  ( 150.0000000000000000, 15.00000000000000000, 0.000000000000000000 ) ) ;
#1467 = DIRECTION ( 'NONE',  ( -0.9723968097209880757, -0.000000000000000000, -0.2333333333333333093 ) ) ;
#1468 = DIRECTION ( 'NONE',  ( 0.000000000000000000, -0.000000000000000000, 1.000000000000000000 ) ) ;
#1469 = ORIENTED_EDGE ( 'NONE', *, *, #1249, .T. ) ;
#1470 = CARTESIAN_POINT ( 'NONE',  ( -48.80677910464583391, -19.99999999999999645, -10.85809897865677698 ) ) ;
#1471 = ORIENTED_EDGE ( 'NONE', *, *, #345, .T. ) ;
#1472 = AXIS2_PLACEMENT_3D ( 'NONE', #1013, #1224, #1333 ) ;
#1473 = DIRECTION ( 'NONE',  ( 0.000000000000000000, 0.000000000000000000, 1.000000000000000000 ) ) ;
#1474 = CARTESIAN_POINT ( 'NONE',  ( -53.12177826491100774, -19.99999999999999645, -47.99038105676626031 ) ) ;
#1475 = CARTESIAN_POINT ( 'NONE',  ( -64.00000000000000000, 13.99999999999999467, -7.500000000000000000 ) ) ;
#1476 = AXIS2_PLACEMENT_3D ( 'NONE', #70, #435, #673 ) ;
#1477 = APPLICATION_CONTEXT ( 'automotive_design' ) ;
#1478 = VERTEX_POINT ( 'NONE', #1217 ) ;
#1479 = CARTESIAN_POINT ( 'NONE',  ( 150.0000000000000000, -15.00000000000000000, 0.000000000000000000 ) ) ;
#1480 = ORIENTED_EDGE ( 'NONE', *, *, #583, .T. ) ;
#1481 = AXIS2_PLACEMENT_3D ( 'NONE', #613, #1421, #356 ) ;
#1482 = DIRECTION ( 'NONE',  ( 0.000000000000000000, 0.000000000000000000, -1.000000000000000000 ) ) ;
#1483 = DIRECTION ( 'NONE',  ( 0.000000000000000000, -1.000000000000000000, 0.000000000000000000 ) ) ;
#1484 = DIRECTION ( 'NONE',  ( -0.000000000000000000, 1.000000000000000000, -0.000000000000000000 ) ) ;
#1485 = ORIENTED_EDGE ( 'NONE', *, *, #411, .T. ) ;
#1486 = LINE ( 'NONE', #216, #361 ) ;
#1487 = ADVANCED_FACE ( 'NONE', ( #1344, #1122 ), #981, .F. ) ;
#1488 = EDGE_LOOP ( 'NONE', ( #297, #207, #993, #992, #1412, #420, #268, #196, #1292, #882, #1306 ) ) ;
#1489 = CARTESIAN_POINT ( 'NONE',  ( 70.83310749732699207, 15.00000000000000000, 24.13857664138708969 ) ) ;
#1490 = CARTESIAN_POINT ( 'NONE',  ( 58.71409214056599524, 7.500000000000000000, -12.35537875215189274 ) ) ;
#1491 = DIRECTION ( 'NONE',  ( -0.000000000000000000, -1.000000000000000000, -0.000000000000000000 ) ) ;
#1492 = VERTEX_POINT ( 'NONE', #185 ) ;
#1493 = PRESENTATION_STYLE_ASSIGNMENT (( #1395 ) ) ;
#1494 = VECTOR ( 'NONE', #1354, 1000.000000000000000 ) ;
#1495 = VERTEX_POINT ( 'NONE', #877 ) ;
#1496 = CYLINDRICAL_SURFACE ( 'NONE', #59, 10.00000000000000000 ) ;
#1497 = VECTOR ( 'NONE', #1106, 1000.000000000000000 ) ;
#1498 = LINE ( 'NONE', #904, #1020 ) ;
#1499 = DIRECTION ( 'NONE',  ( 0.000000000000000000, -1.000000000000000000, 0.000000000000000000 ) ) ;
#1500 = VERTEX_POINT ( 'NONE', #1005 ) ;
#1501 = DIRECTION ( 'NONE',  ( 0.4999999999999945599, 0.000000000000000000, 0.8660254037844418162 ) ) ;
#1502 = EDGE_LOOP ( 'NONE', ( #933, #1444, #622, #612 ) ) ;
#1503 =( GEOMETRIC_REPRESENTATION_CONTEXT ( 3 ) GLOBAL_UNCERTAINTY_ASSIGNED_CONTEXT ( ( #316 ) ) GLOBAL_UNIT_ASSIGNED_CONTEXT ( ( #671, #907, #1258 ) ) REPRESENTATION_CONTEXT ( 'NONE', 'WORKASPACE' ) );
#1504 = DIRECTION ( 'NONE',  ( 0.000000000000000000, 0.000000000000000000, 1.000000000000000000 ) ) ;
#1505 = LINE ( 'NONE', #107, #1373 ) ;
#1506 = AXIS2_PLACEMENT_3D ( 'NONE', #277, #400, #959 ) ;
#1507 = CARTESIAN_POINT ( 'NONE',  ( 68.49977416399364927, -7.500000000000000000, -14.41460854417721116 ) ) ;
#1508 = DIRECTION ( 'NONE',  ( 0.000000000000000000, 0.000000000000000000, 1.000000000000000000 ) ) ;
#1509 = VERTEX_POINT ( 'NONE', #294 ) ;
#1510 = CARTESIAN_POINT ( 'NONE',  ( -48.80677910464582681, -30.00000000000000000, -10.85809897865676454 ) ) ;
#1511 = EDGE_LOOP ( 'NONE', ( #1019, #636, #325, #970 ) ) ;
#1512 = EDGE_CURVE ( 'NONE', #526, #691, #1040, .T. ) ;
#1513 = LINE ( 'NONE', #1173, #523 ) ;
#1514 = CARTESIAN_POINT ( 'NONE',  ( 11.66666666666666963, 15.00000000000000000, 48.61984048604939801 ) ) ;
#1515 = CARTESIAN_POINT ( 'NONE',  ( 127.3479065534001933, 7.500000000000000000, -10.57746011509901862 ) ) ;
#1516 = VERTEX_POINT ( 'NONE', #902 ) ;
#1517 = DIRECTION ( 'NONE',  ( 0.000000000000000000, 0.000000000000000000, -1.000000000000000000 ) ) ;
ENDSEC;
END-ISO-10303-21;
