ISO-10303-21;
HEADER;
FILE_DESCRIPTION (( 'STEP AP214' ),
    '1' );
FILE_NAME ('Exercise 13.STEP',
    '2024-08-28T18:01:21',
    ( '' ),
    ( '' ),
    'SwSTEP 2.0',
    'SolidWorks 2024',
    '' );
FILE_SCHEMA (( 'AUTOMOTIVE_DESIGN' ));
ENDSEC;

DATA;
#1 = ORIENTED_EDGE ( 'NONE', *, *, #380, .F. ) ;
#2 = MANIFOLD_SOLID_BREP ( 'Fillet3', #408 ) ;
#3 = CARTESIAN_POINT ( 'NONE',  ( 17.50000000000000355, -0.001000000000019070053, 0.000000000000000000 ) ) ;
#4 = EDGE_LOOP ( 'NONE', ( #163, #802, #389, #773 ) ) ;
#5 = CARTESIAN_POINT ( 'NONE',  ( 17.50000000000000000, 29.99999999999996803, 0.000000000000000000 ) ) ;
#6 = DIRECTION ( 'NONE',  ( -1.000000000000000000, 0.000000000000000000, 0.000000000000000000 ) ) ;
#7 = EDGE_LOOP ( 'NONE', ( #890, #1137 ) ) ;
#8 = CIRCLE ( 'NONE', #1323, 12.50000000000001066 ) ;
#9 = CARTESIAN_POINT ( 'NONE',  ( 229.9999999999999716, 29.99999999999999289, -50.00000000000000000 ) ) ;
#10 = ORIENTED_EDGE ( 'NONE', *, *, #1148, .F. ) ;
#11 = DIRECTION ( 'NONE',  ( -0.000000000000000000, -1.000000000000000000, -0.000000000000000000 ) ) ;
#12 = DIRECTION ( 'NONE',  ( 0.000000000000000000, 0.000000000000000000, 1.000000000000000000 ) ) ;
#13 = ORIENTED_EDGE ( 'NONE', *, *, #757, .F. ) ;
#14 = CARTESIAN_POINT ( 'NONE',  ( 90.00000000000000000, 99.99999999999997158, -60.00000000000001421 ) ) ;
#15 = EDGE_CURVE ( 'NONE', #368, #517, #1391, .T. ) ;
#16 = DIRECTION ( 'NONE',  ( -0.000000000000000000, -1.000000000000000000, -0.000000000000000000 ) ) ;
#17 = ORIENTED_EDGE ( 'NONE', *, *, #512, .T. ) ;
#18 = DIRECTION ( 'NONE',  ( -5.782411586589358625E-17, 1.000000000000000000, -0.000000000000000000 ) ) ;
#19 = AXIS2_PLACEMENT_3D ( 'NONE', #394, #947, #1414 ) ;
#20 = CARTESIAN_POINT ( 'NONE',  ( 290.0000000000000000, 0.000000000000000000, 50.00000000000000000 ) ) ;
#21 = VERTEX_POINT ( 'NONE', #710 ) ;
#22 = CARTESIAN_POINT ( 'NONE',  ( 102.5000000000000142, 57.99999999999997868, -50.00000000000000000 ) ) ;
#23 = EDGE_CURVE ( 'NONE', #98, #1042, #808, .T. ) ;
#24 = LINE ( 'NONE', #9, #876 ) ;
#25 = ORIENTED_EDGE ( 'NONE', *, *, #1036, .F. ) ;
#26 = AXIS2_PLACEMENT_3D ( 'NONE', #704, #1331, #767 ) ;
#27 = LINE ( 'NONE', #1367, #761 ) ;
#28 = AXIS2_PLACEMENT_3D ( 'NONE', #1453, #684, #1251 ) ;
#29 = DIRECTION ( 'NONE',  ( 0.000000000000000000, 0.000000000000000000, 1.000000000000000000 ) ) ;
#30 = DIRECTION ( 'NONE',  ( -5.782411586589358625E-17, 1.000000000000000000, -0.000000000000000000 ) ) ;
#31 = VERTEX_POINT ( 'NONE', #831 ) ;
#32 = EDGE_CURVE ( 'NONE', #572, #960, #1175, .T. ) ;
#33 = FACE_OUTER_BOUND ( 'NONE', #273, .T. ) ;
#34 = LINE ( 'NONE', #489, #97 ) ;
#35 = CARTESIAN_POINT ( 'NONE',  ( 59.99999999999999289, 129.9999999999999716, 50.00000000000000000 ) ) ;
#36 = CYLINDRICAL_SURFACE ( 'NONE', #741, 12.49999999999999645 ) ;
#37 = ORIENTED_EDGE ( 'NONE', *, *, #693, .T. ) ;
#38 = EDGE_CURVE ( 'NONE', #460, #1170, #34, .T. ) ;
#39 = ORIENTED_EDGE ( 'NONE', *, *, #766, .F. ) ;
#40 = EDGE_CURVE ( 'NONE', #301, #948, #420, .T. ) ;
#41 = DIRECTION ( 'NONE',  ( -0.000000000000000000, -0.000000000000000000, -1.000000000000000000 ) ) ;
#42 = CARTESIAN_POINT ( 'NONE',  ( 17.50000000000000355, 0.000000000000000000, 0.000000000000000000 ) ) ;
#43 = DIRECTION ( 'NONE',  ( -1.156482317317871725E-16, 1.000000000000000000, -0.000000000000000000 ) ) ;
#44 = EDGE_LOOP ( 'NONE', ( #1281, #608, #403, #576 ) ) ;
#45 = ORIENTED_EDGE ( 'NONE', *, *, #1218, .F. ) ;
#46 = CARTESIAN_POINT ( 'NONE',  ( 59.99999999999999289, 39.99999999999997868, -25.00000000000000000 ) ) ;
#47 = VECTOR ( 'NONE', #1262, 1000.000000000000000 ) ;
#48 = CARTESIAN_POINT ( 'NONE',  ( 130.0000000000000000, 99.99999999999998579, 60.00000000000000711 ) ) ;
#49 = ORIENTED_EDGE ( 'NONE', *, *, #1393, .T. ) ;
#50 = VECTOR ( 'NONE', #444, 1000.000000000000000 ) ;
#51 = ORIENTED_EDGE ( 'NONE', *, *, #1029, .T. ) ;
#52 = ORIENTED_EDGE ( 'NONE', *, *, #592, .F. ) ;
#53 = AXIS2_PLACEMENT_3D ( 'NONE', #1132, #1264, #672 ) ;
#54 = DIRECTION ( 'NONE',  ( -0.000000000000000000, -1.000000000000000000, -0.000000000000000000 ) ) ;
#55 = ADVANCED_FACE ( 'NONE', ( #373 ), #696, .F. ) ;
#56 = FACE_OUTER_BOUND ( 'NONE', #1233, .T. ) ;
#57 = AXIS2_PLACEMENT_3D ( 'NONE', #396, #1408, #621 ) ;
#58 = EDGE_LOOP ( 'NONE', ( #762, #874, #1306, #1354 ) ) ;
#59 = APPLICATION_CONTEXT ( 'automotive_design' ) ;
#60 = DIRECTION ( 'NONE',  ( 1.000000000000000000, 0.000000000000000000, 0.000000000000000000 ) ) ;
#61 = DIRECTION ( 'NONE',  ( 0.000000000000000000, 0.000000000000000000, 1.000000000000000000 ) ) ;
#62 = CIRCLE ( 'NONE', #695, 30.00000000000000000 ) ;
#63 = AXIS2_PLACEMENT_3D ( 'NONE', #35, #477, #932 ) ;
#64 = CARTESIAN_POINT ( 'NONE',  ( 180.0000000000000000, 99.99999999999998579, 60.00000000000000711 ) ) ;
#65 = CIRCLE ( 'NONE', #141, 49.99999999999998579 ) ;
#66 = EDGE_CURVE ( 'NONE', #1308, #671, #1253, .T. ) ;
#67 = ORIENTED_EDGE ( 'NONE', *, *, #388, .T. ) ;
#68 = DIRECTION ( 'NONE',  ( -0.000000000000000000, 0.000000000000000000, -1.000000000000000000 ) ) ;
#69 = ADVANCED_FACE ( 'NONE', ( #1411 ), #736, .F. ) ;
#70 = DIRECTION ( 'NONE',  ( -0.000000000000000000, -0.000000000000000000, 1.000000000000000000 ) ) ;
#71 = CARTESIAN_POINT ( 'NONE',  ( 90.00000000000000000, 99.99999999999997158, 50.00000000000000000 ) ) ;
#72 = ORIENTED_EDGE ( 'NONE', *, *, #404, .T. ) ;
#73 = DIRECTION ( 'NONE',  ( 1.000000000000000000, 0.000000000000000000, 0.000000000000000000 ) ) ;
#74 = ORIENTED_EDGE ( 'NONE', *, *, #322, .F. ) ;
#75 = ADVANCED_FACE ( 'NONE', ( #751 ), #528, .F. ) ;
#76 = AXIS2_PLACEMENT_3D ( 'NONE', #639, #853, #1423 ) ;
#77 = DIRECTION ( 'NONE',  ( 1.000000000000000000, 1.387778780781444443E-16, 0.000000000000000000 ) ) ;
#78 = CYLINDRICAL_SURFACE ( 'NONE', #1105, 10.00000000000000178 ) ;
#79 = FACE_BOUND ( 'NONE', #7, .T. ) ;
#80 = DIRECTION ( 'NONE',  ( 1.000000000000000000, 0.000000000000000000, 0.000000000000000000 ) ) ;
#81 = ORIENTED_EDGE ( 'NONE', *, *, #1115, .F. ) ;
#82 = VERTEX_POINT ( 'NONE', #1303 ) ;
#83 = CARTESIAN_POINT ( 'NONE',  ( 139.9999999999999716, 129.9999999999999716, 50.00000000000000000 ) ) ;
#84 = EDGE_CURVE ( 'NONE', #303, #329, #1129, .T. ) ;
#85 = FACE_OUTER_BOUND ( 'NONE', #754, .T. ) ;
#86 = CARTESIAN_POINT ( 'NONE',  ( 290.0000000000000000, 30.00000000000000000, -50.00000000000000000 ) ) ;
#87 = ADVANCED_FACE ( 'NONE', ( #727 ), #645, .T. ) ;
#88 = CIRCLE ( 'NONE', #907, 25.00000000000000000 ) ;
#89 = VERTEX_POINT ( 'NONE', #1203 ) ;
#90 = CARTESIAN_POINT ( 'NONE',  ( 77.49999999999998579, 57.99999999999997868, -60.00000000000001421 ) ) ;
#91 = ORIENTED_EDGE ( 'NONE', *, *, #104, .T. ) ;
#92 = CARTESIAN_POINT ( 'NONE',  ( 180.0000000000000000, 99.99999999999998579, -60.00000000000000711 ) ) ;
#93 = DIRECTION ( 'NONE',  ( 1.000000000000000000, 0.000000000000000000, -0.000000000000000000 ) ) ;
#94 = EDGE_CURVE ( 'NONE', #1170, #203, #487, .T. ) ;
#95 = ORIENTED_EDGE ( 'NONE', *, *, #299, .F. ) ;
#96 = DIRECTION ( 'NONE',  ( -9.541541524239236780E-18, -1.000000000000000000, 0.000000000000000000 ) ) ;
#97 = VECTOR ( 'NONE', #1039, 1000.000000000000000 ) ;
#98 = VERTEX_POINT ( 'NONE', #1314 ) ;
#99 =( LENGTH_UNIT ( ) NAMED_UNIT ( * ) SI_UNIT ( .MILLI., .METRE. ) );
#100 = LINE ( 'NONE', #551, #1225 ) ;
#101 = LINE ( 'NONE', #784, #50 ) ;
#102 = CIRCLE ( 'NONE', #424, 12.49999999999999645 ) ;
#103 = ORIENTED_EDGE ( 'NONE', *, *, #682, .T. ) ;
#104 = EDGE_CURVE ( 'NONE', #203, #281, #310, .T. ) ;
#105 = VERTEX_POINT ( 'NONE', #316 ) ;
#106 = DIRECTION ( 'NONE',  ( 0.000000000000000000, 0.000000000000000000, 1.000000000000000000 ) ) ;
#107 = AXIS2_PLACEMENT_3D ( 'NONE', #354, #556, #1008 ) ;
#108 = ORIENTED_EDGE ( 'NONE', *, *, #665, .T. ) ;
#109 = FACE_OUTER_BOUND ( 'NONE', #715, .T. ) ;
#110 = CARTESIAN_POINT ( 'NONE',  ( 90.00000000000000000, 129.9999999999999716, -25.00000000000000000 ) ) ;
#111 = DIRECTION ( 'NONE',  ( -1.000000000000000000, 0.000000000000000000, 0.000000000000000000 ) ) ;
#112 = ORIENTED_EDGE ( 'NONE', *, *, #442, .T. ) ;
#113 = CIRCLE ( 'NONE', #1447, 10.00000000000000178 ) ;
#114 = DIRECTION ( 'NONE',  ( 1.000000000000000000, -9.541541524239236780E-18, 0.000000000000000000 ) ) ;
#115 = EDGE_LOOP ( 'NONE', ( #1007, #591 ) ) ;
#116 = VECTOR ( 'NONE', #1199, 1000.000000000000000 ) ;
#117 = DIRECTION ( 'NONE',  ( -0.000000000000000000, -0.000000000000000000, 1.000000000000000000 ) ) ;
#118 = DIRECTION ( 'NONE',  ( 1.000000000000000000, 0.000000000000000000, 0.000000000000000000 ) ) ;
#119 = CARTESIAN_POINT ( 'NONE',  ( 229.9999999999999716, 29.99999999999999289, 50.00000000000000000 ) ) ;
#120 = CARTESIAN_POINT ( 'NONE',  ( 264.9999999999999432, 99.99999999999998579, -50.00000000000000000 ) ) ;
#121 = CARTESIAN_POINT ( 'NONE',  ( 260.0000000000000000, 29.99999999999997868, 0.000000000000000000 ) ) ;
#122 = ORIENTED_EDGE ( 'NONE', *, *, #713, .T. ) ;
#123 = AXIS2_PLACEMENT_3D ( 'NONE', #981, #1422, #175 ) ;
#124 = DIRECTION ( 'NONE',  ( -5.782411586589358625E-17, 1.000000000000000000, -0.000000000000000000 ) ) ;
#125 = EDGE_CURVE ( 'NONE', #1141, #21, #607, .T. ) ;
#126 = DIRECTION ( 'NONE',  ( 0.000000000000000000, 1.000000000000000000, -0.000000000000000000 ) ) ;
#127 = ORIENTED_EDGE ( 'NONE', *, *, #1164, .F. ) ;
#128 = LINE ( 'NONE', #1138, #257 ) ;
#129 = DIRECTION ( 'NONE',  ( -1.000000000000000000, 0.000000000000000000, 0.000000000000000000 ) ) ;
#130 = VERTEX_POINT ( 'NONE', #185 ) ;
#131 = FACE_OUTER_BOUND ( 'NONE', #795, .T. ) ;
#132 = CARTESIAN_POINT ( 'NONE',  ( 59.99999999999999289, 39.99999999999997868, 25.00000000000000000 ) ) ;
#133 = DIRECTION ( 'NONE',  ( 0.000000000000000000, 0.000000000000000000, 1.000000000000000000 ) ) ;
#134 = ADVANCED_FACE ( 'NONE', ( #1321 ), #199, .F. ) ;
#135 = EDGE_CURVE ( 'NONE', #1121, #301, #1090, .T. ) ;
#136 = AXIS2_PLACEMENT_3D ( 'NONE', #669, #1119, #451 ) ;
#137 = EDGE_LOOP ( 'NONE', ( #612, #1256, #873, #377 ) ) ;
#138 = DIRECTION ( 'NONE',  ( -1.000000000000000000, 0.000000000000000000, 0.000000000000000000 ) ) ;
#139 = ORIENTED_EDGE ( 'NONE', *, *, #794, .T. ) ;
#140 = AXIS2_PLACEMENT_3D ( 'NONE', #180, #611, #1388 ) ;
#141 = AXIS2_PLACEMENT_3D ( 'NONE', #1045, #190, #482 ) ;
#142 = DIRECTION ( 'NONE',  ( 1.000000000000000000, -0.000000000000000000, 0.000000000000000000 ) ) ;
#143 = CARTESIAN_POINT ( 'NONE',  ( 290.0000000000000000, 0.000000000000000000, -25.00000000000000711 ) ) ;
#144 = ADVANCED_FACE ( 'NONE', ( #85 ), #759, .F. ) ;
#145 = CARTESIAN_POINT ( 'NONE',  ( 77.49999999999998579, 57.99999999999997868, -25.00000000000000000 ) ) ;
#146 = ORIENTED_EDGE ( 'NONE', *, *, #242, .F. ) ;
#147 = CIRCLE ( 'NONE', #136, 12.50000000000001066 ) ;
#148 = FACE_OUTER_BOUND ( 'NONE', #58, .T. ) ;
#149 = ORIENTED_EDGE ( 'NONE', *, *, #1316, .F. ) ;
#150 = CARTESIAN_POINT ( 'NONE',  ( 130.0000000000000000, 99.99999999999998579, 50.00000000000000000 ) ) ;
#151 = CARTESIAN_POINT ( 'NONE',  ( 60.00000000000000000, 39.99999999999997868, 25.00000000000000000 ) ) ;
#152 = EDGE_CURVE ( 'NONE', #642, #98, #269, .T. ) ;
#153 = ORIENTED_EDGE ( 'NONE', *, *, #1174, .T. ) ;
#154 = DIRECTION ( 'NONE',  ( 0.000000000000000000, 0.000000000000000000, 1.000000000000000000 ) ) ;
#155 = ORIENTED_EDGE ( 'NONE', *, *, #1364, .F. ) ;
#156 = DIRECTION ( 'NONE',  ( 6.938893903907228378E-17, -1.000000000000000000, 0.000000000000000000 ) ) ;
#157 = ORIENTED_EDGE ( 'NONE', *, *, #757, .T. ) ;
#158 = DIRECTION ( 'NONE',  ( -0.000000000000000000, -0.000000000000000000, 1.000000000000000000 ) ) ;
#159 = LINE ( 'NONE', #386, #280 ) ;
#160 = VERTEX_POINT ( 'NONE', #843 ) ;
#161 = EDGE_LOOP ( 'NONE', ( #562, #847, #541, #606, #95, #1389, #918, #327, #146, #112, #217, #1146, #1189 ) ) ;
#162 = LINE ( 'NONE', #601, #1108 ) ;
#163 = ORIENTED_EDGE ( 'NONE', *, *, #214, .T. ) ;
#164 = DIRECTION ( 'NONE',  ( 0.000000000000000000, 1.000000000000000000, 0.000000000000000000 ) ) ;
#165 = CARTESIAN_POINT ( 'NONE',  ( 180.0000000000000000, 99.99999999999998579, 50.00000000000000000 ) ) ;
#166 = ORIENTED_EDGE ( 'NONE', *, *, #778, .T. ) ;
#167 = ORIENTED_EDGE ( 'NONE', *, *, #706, .F. ) ;
#168 = ADVANCED_FACE ( 'NONE', ( #305 ), #1198, .F. ) ;
#169 = ORIENTED_EDGE ( 'NONE', *, *, #421, .T. ) ;
#170 = DIRECTION ( 'NONE',  ( 1.000000000000000000, 0.000000000000000000, 0.000000000000000000 ) ) ;
#171 = AXIS2_PLACEMENT_3D ( 'NONE', #923, #142, #364 ) ;
#172 = CARTESIAN_POINT ( 'NONE',  ( 272.5000000000000000, -0.001000000000007216254, 1.530808498934191916E-15 ) ) ;
#173 = ORIENTED_EDGE ( 'NONE', *, *, #756, .T. ) ;
#174 = CIRCLE ( 'NONE', #1255, 12.50000000000001066 ) ;
#175 = DIRECTION ( 'NONE',  ( 0.000000000000000000, 0.000000000000000000, 1.000000000000000000 ) ) ;
#176 = VECTOR ( 'NONE', #1440, 1000.000000000000000 ) ;
#177 = LINE ( 'NONE', #1054, #307 ) ;
#178 = ADVANCED_FACE ( 'NONE', ( #1084 ), #78, .F. ) ;
#179 = EDGE_CURVE ( 'NONE', #526, #980, #1183, .T. ) ;
#180 = CARTESIAN_POINT ( 'NONE',  ( 240.0000000000000000, 39.99999999999999289, 50.00000000000000000 ) ) ;
#181 = ORIENTED_EDGE ( 'NONE', *, *, #483, .F. ) ;
#182 = DIRECTION ( 'NONE',  ( -1.000000000000000000, 0.000000000000000000, 0.000000000000000000 ) ) ;
#183 = DIRECTION ( 'NONE',  ( -0.000000000000000000, -0.000000000000000000, -1.000000000000000000 ) ) ;
#184 = AXIS2_PLACEMENT_3D ( 'NONE', #1131, #224, #664 ) ;
#185 = CARTESIAN_POINT ( 'NONE',  ( 130.0000000000000000, 99.99999999999964473, 25.00000000000000000 ) ) ;
#186 = DIRECTION ( 'NONE',  ( -1.000000000000000000, 0.000000000000000000, 0.000000000000000000 ) ) ;
#187 = VECTOR ( 'NONE', #158, 1000.000000000000000 ) ;
#188 = ADVANCED_FACE ( 'NONE', ( #961 ), #1309, .T. ) ;
#189 = EDGE_LOOP ( 'NONE', ( #1407, #447, #967, #417 ) ) ;
#190 = DIRECTION ( 'NONE',  ( -0.000000000000000000, -0.000000000000000000, 1.000000000000000000 ) ) ;
#191 = ORIENTED_EDGE ( 'NONE', *, *, #1218, .T. ) ;
#192 = DIRECTION ( 'NONE',  ( -0.000000000000000000, -0.000000000000000000, 1.000000000000000000 ) ) ;
#193 = FACE_OUTER_BOUND ( 'NONE', #1313, .T. ) ;
#194 = ORIENTED_EDGE ( 'NONE', *, *, #1341, .T. ) ;
#195 = DIRECTION ( 'NONE',  ( -9.541541524239236780E-18, -1.000000000000000000, 0.000000000000000000 ) ) ;
#196 = PRESENTATION_LAYER_ASSIGNMENT (  '', '', ( #1043 ) ) ;
#197 = ORIENTED_EDGE ( 'NONE', *, *, #214, .F. ) ;
#198 = CIRCLE ( 'NONE', #753, 49.99999999999998579 ) ;
#199 = CYLINDRICAL_SURFACE ( 'NONE', #1083, 12.50000000000001066 ) ;
#200 = DIRECTION ( 'NONE',  ( 0.000000000000000000, 0.000000000000000000, 1.000000000000000000 ) ) ;
#201 = ORIENTED_EDGE ( 'NONE', *, *, #548, .T. ) ;
#202 = LINE ( 'NONE', #634, #361 ) ;
#203 = VERTEX_POINT ( 'NONE', #797 ) ;
#204 = DIRECTION ( 'NONE',  ( 0.000000000000000000, -0.000000000000000000, -1.000000000000000000 ) ) ;
#205 = DIRECTION ( 'NONE',  ( -5.782411586589358625E-17, 1.000000000000000000, -0.000000000000000000 ) ) ;
#206 = FACE_OUTER_BOUND ( 'NONE', #161, .T. ) ;
#207 = CIRCLE ( 'NONE', #647, 12.50000000000001066 ) ;
#208 = EDGE_LOOP ( 'NONE', ( #588, #1212 ) ) ;
#209 = CARTESIAN_POINT ( 'NONE',  ( 90.00000000000000000, 99.99999999999997158, -60.00000000000001421 ) ) ;
#210 = ORIENTED_EDGE ( 'NONE', *, *, #618, .F. ) ;
#211 = DIRECTION ( 'NONE',  ( 0.000000000000000000, 0.000000000000000000, 1.000000000000000000 ) ) ;
#212 = LINE ( 'NONE', #652, #846 ) ;
#213 = DIRECTION ( 'NONE',  ( 0.000000000000000000, 0.000000000000000000, -1.000000000000000000 ) ) ;
#214 = EDGE_CURVE ( 'NONE', #717, #898, #244, .T. ) ;
#215 = AXIS2_PLACEMENT_3D ( 'NONE', #1245, #906, #6 ) ;
#216 = ORIENTED_EDGE ( 'NONE', *, *, #1364, .T. ) ;
#217 = ORIENTED_EDGE ( 'NONE', *, *, #954, .T. ) ;
#218 = CARTESIAN_POINT ( 'NONE',  ( 130.0000000000000000, 99.99999999999998579, -60.00000000000000711 ) ) ;
#219 = ORIENTED_EDGE ( 'NONE', *, *, #356, .F. ) ;
#220 = CARTESIAN_POINT ( 'NONE',  ( 0.000000000000000000, 0.000000000000000000, 50.00000000000000000 ) ) ;
#221 = CARTESIAN_POINT ( 'NONE',  ( 139.9999999999999716, 129.9999999999999716, -50.00000000000000000 ) ) ;
#222 = VERTEX_POINT ( 'NONE', #676 ) ;
#223 = EDGE_CURVE ( 'NONE', #245, #422, #996, .T. ) ;
#224 = DIRECTION ( 'NONE',  ( 0.000000000000000000, 0.000000000000000000, 1.000000000000000000 ) ) ;
#225 = FACE_OUTER_BOUND ( 'NONE', #1324, .T. ) ;
#226 = ORIENTED_EDGE ( 'NONE', *, *, #152, .F. ) ;
#227 = FACE_BOUND ( 'NONE', #295, .T. ) ;
#228 = COLOUR_RGB ( '',0.7921568627450980005, 0.8196078431372548767, 0.9333333333333333481 ) ;
#229 = CYLINDRICAL_SURFACE ( 'NONE', #290, 30.00000000000000000 ) ;
#230 = CARTESIAN_POINT ( 'NONE',  ( 30.00000000000000355, 29.99999999999996803, 0.000000000000000000 ) ) ;
#231 = DIRECTION ( 'NONE',  ( 0.000000000000000000, 1.000000000000000000, -0.000000000000000000 ) ) ;
#232 = DIRECTION ( 'NONE',  ( -0.000000000000000000, -0.000000000000000000, -1.000000000000000000 ) ) ;
#233 = ADVANCED_FACE ( 'NONE', ( #776 ), #1436, .F. ) ;
#234 = ORIENTED_EDGE ( 'NONE', *, *, #341, .T. ) ;
#235 = FACE_OUTER_BOUND ( 'NONE', #1013, .T. ) ;
#236 = CARTESIAN_POINT ( 'NONE',  ( 264.9999999999999432, 0.000000000000000000, -25.00000000000000711 ) ) ;
#237 = DIRECTION ( 'NONE',  ( -0.000000000000000000, -0.000000000000000000, -1.000000000000000000 ) ) ;
#238 = EDGE_LOOP ( 'NONE', ( #155, #972 ) ) ;
#239 = LINE ( 'NONE', #1021, #545 ) ;
#240 = ORIENTED_EDGE ( 'NONE', *, *, #766, .T. ) ;
#241 = ADVANCED_FACE ( 'NONE', ( #426 ), #229, .T. ) ;
#242 = EDGE_CURVE ( 'NONE', #437, #203, #569, .T. ) ;
#243 = DIRECTION ( 'NONE',  ( -1.000000000000000000, 0.000000000000000000, 0.000000000000000000 ) ) ;
#244 = LINE ( 'NONE', #132, #1035 ) ;
#245 = VERTEX_POINT ( 'NONE', #323 ) ;
#246 = CARTESIAN_POINT ( 'NONE',  ( 130.0000000000000000, 39.99999999999997158, 25.00000000000000000 ) ) ;
#247 = VECTOR ( 'NONE', #1310, 1000.000000000000000 ) ;
#248 = PLANE ( 'NONE',  #1326 ) ;
#249 = VERTEX_POINT ( 'NONE', #1018 ) ;
#250 = CIRCLE ( 'NONE', #1064, 12.49999999999999645 ) ;
#251 = LINE ( 'NONE', #848, #1075 ) ;
#252 = EDGE_CURVE ( 'NONE', #702, #1311, #851, .T. ) ;
#253 = AXIS2_PLACEMENT_3D ( 'NONE', #1383, #855, #1073 ) ;
#254 = DIRECTION ( 'NONE',  ( 1.000000000000000000, 0.000000000000000000, 0.000000000000000000 ) ) ;
#255 = DIRECTION ( 'NONE',  ( -0.000000000000000000, -0.000000000000000000, 1.000000000000000000 ) ) ;
#256 = CARTESIAN_POINT ( 'NONE',  ( 90.00000000000000000, 99.99999999999997158, 25.00000000000000711 ) ) ;
#257 = VECTOR ( 'NONE', #1362, 1000.000000000000000 ) ;
#258 = ORIENTED_EDGE ( 'NONE', *, *, #592, .T. ) ;
#259 = VECTOR ( 'NONE', #1154, 1000.000000000000000 ) ;
#260 = CARTESIAN_POINT ( 'NONE',  ( 59.99999999999999289, 129.9999999999999716, -50.00000000000000000 ) ) ;
#261 = CIRCLE ( 'NONE', #1149, 12.50000000000001066 ) ;
#262 = DIRECTION ( 'NONE',  ( 0.000000000000000000, 0.000000000000000000, 1.000000000000000000 ) ) ;
#263 = CARTESIAN_POINT ( 'NONE',  ( 30.00000000000000711, 0.000000000000000000, 0.000000000000000000 ) ) ;
#264 = EDGE_CURVE ( 'NONE', #531, #1121, #964, .T. ) ;
#265 = CARTESIAN_POINT ( 'NONE',  ( 260.0000000000000000, 0.000000000000000000, 0.000000000000000000 ) ) ;
#266 = ORIENTED_EDGE ( 'NONE', *, *, #968, .T. ) ;
#267 = DIRECTION ( 'NONE',  ( -1.000000000000000000, 0.000000000000000000, 0.000000000000000000 ) ) ;
#268 = DIRECTION ( 'NONE',  ( 0.000000000000000000, 0.000000000000000000, 1.000000000000000000 ) ) ;
#269 = CIRCLE ( 'NONE', #1349, 25.00000000000000000 ) ;
#270 = AXIS2_PLACEMENT_3D ( 'NONE', #885, #1355, #243 ) ;
#271 = CYLINDRICAL_SURFACE ( 'NONE', #721, 12.49999999999999645 ) ;
#272 = VERTEX_POINT ( 'NONE', #560 ) ;
#273 = EDGE_LOOP ( 'NONE', ( #210, #1065, #157, #166, #409, #716, #1265, #1044, #45, #524, #673, #39, #657, #519 ) ) ;
#274 = EDGE_LOOP ( 'NONE', ( #914, #91, #181, #994 ) ) ;
#275 = FACE_BOUND ( 'NONE', #355, .T. ) ;
#276 = CARTESIAN_POINT ( 'NONE',  ( 240.0000000000000000, 39.99999999999999289, 50.00000000000000000 ) ) ;
#277 = ORIENTED_EDGE ( 'NONE', *, *, #264, .F. ) ;
#278 = ADVANCED_FACE ( 'NONE', ( #1356 ), #443, .T. ) ;
#279 = VERTEX_POINT ( 'NONE', #1360 ) ;
#280 = VECTOR ( 'NONE', #838, 1000.000000000000000 ) ;
#281 = VERTEX_POINT ( 'NONE', #110 ) ;
#282 = DIRECTION ( 'NONE',  ( 0.000000000000000000, 0.000000000000000000, 1.000000000000000000 ) ) ;
#283 = DIRECTION ( 'NONE',  ( -0.000000000000000000, -0.000000000000000000, -1.000000000000000000 ) ) ;
#284 = ORIENTED_EDGE ( 'NONE', *, *, #1278, .T. ) ;
#285 = EDGE_CURVE ( 'NONE', #965, #526, #333, .T. ) ;
#286 = ORIENTED_EDGE ( 'NONE', *, *, #1348, .F. ) ;
#287 = EDGE_CURVE ( 'NONE', #1237, #272, #212, .T. ) ;
#288 = DIRECTION ( 'NONE',  ( -1.000000000000000000, 0.000000000000000000, 0.000000000000000000 ) ) ;
#289 = DIRECTION ( 'NONE',  ( -0.000000000000000000, -0.000000000000000000, -1.000000000000000000 ) ) ;
#290 = AXIS2_PLACEMENT_3D ( 'NONE', #1228, #877, #1127 ) ;
#291 = LINE ( 'NONE', #172, #1404 ) ;
#292 = ORIENTED_EDGE ( 'NONE', *, *, #38, .T. ) ;
#293 = DIRECTION ( 'NONE',  ( -0.000000000000000000, -0.000000000000000000, 1.000000000000000000 ) ) ;
#294 = AXIS2_PLACEMENT_3D ( 'NONE', #230, #913, #111 ) ;
#295 = EDGE_LOOP ( 'NONE', ( #1049, #1226 ) ) ;
#296 = DIRECTION ( 'NONE',  ( 1.000000000000000000, 0.000000000000000000, 0.000000000000000000 ) ) ;
#297 = VECTOR ( 'NONE', #30, 1000.000000000000000 ) ;
#298 = CARTESIAN_POINT ( 'NONE',  ( 180.0000000000010516, 99.99999999999964473, -25.00000000000000000 ) ) ;
#299 = EDGE_CURVE ( 'NONE', #1398, #303, #352, .T. ) ;
#300 = UNCERTAINTY_MEASURE_WITH_UNIT (LENGTH_MEASURE( 1.000000000000000082E-05 ), #99, 'distance_accuracy_value', 'NONE');
#301 = VERTEX_POINT ( 'NONE', #783 ) ;
#302 = DIRECTION ( 'NONE',  ( 0.000000000000000000, -1.000000000000000000, 0.000000000000000000 ) ) ;
#303 = VERTEX_POINT ( 'NONE', #1012 ) ;
#304 = AXIS2_PLACEMENT_3D ( 'NONE', #616, #29, #170 ) ;
#305 = FACE_OUTER_BOUND ( 'NONE', #452, .T. ) ;
#306 = FACE_OUTER_BOUND ( 'NONE', #1101, .T. ) ;
#307 = VECTOR ( 'NONE', #844, 1000.000000000000000 ) ;
#308 = DIRECTION ( 'NONE',  ( 1.000000000000000000, 0.000000000000000000, 0.000000000000000000 ) ) ;
#309 = VERTEX_POINT ( 'NONE', #1445 ) ;
#310 = LINE ( 'NONE', #1428, #1056 ) ;
#311 = LINE ( 'NONE', #86, #116 ) ;
#312 = AXIS2_PLACEMENT_3D ( 'NONE', #92, #1191, #296 ) ;
#313 = ORIENTED_EDGE ( 'NONE', *, *, #946, .F. ) ;
#314 = DIRECTION ( 'NONE',  ( -0.000000000000000000, -0.000000000000000000, 1.000000000000000000 ) ) ;
#315 = ORIENTED_EDGE ( 'NONE', *, *, #1171, .F. ) ;
#316 = CARTESIAN_POINT ( 'NONE',  ( 59.99999999999999289, 39.99999999999997868, -25.00000000000000000 ) ) ;
#317 = FACE_BOUND ( 'NONE', #1109, .T. ) ;
#318 = ORIENTED_EDGE ( 'NONE', *, *, #1209, .F. ) ;
#319 = CARTESIAN_POINT ( 'NONE',  ( 139.9999999999999716, 129.9999999999999716, -25.00000000000000000 ) ) ;
#320 = AXIS2_PLACEMENT_3D ( 'NONE', #357, #511, #1152 ) ;
#321 = ORIENTED_EDGE ( 'NONE', *, *, #584, .T. ) ;
#322 = EDGE_CURVE ( 'NONE', #89, #279, #100, .T. ) ;
#323 = CARTESIAN_POINT ( 'NONE',  ( 264.9999999999999432, 0.000000000000000000, 50.00000000000000000 ) ) ;
#324 = CARTESIAN_POINT ( 'NONE',  ( 102.5000000000000000, 99.99999999999997158, -25.00000000000000000 ) ) ;
#325 = VECTOR ( 'NONE', #1394, 1000.000000000000000 ) ;
#326 = VECTOR ( 'NONE', #514, 1000.000000000000000 ) ;
#327 = ORIENTED_EDGE ( 'NONE', *, *, #94, .T. ) ;
#328 = VECTOR ( 'NONE', #922, 1000.000000000000000 ) ;
#329 = VERTEX_POINT ( 'NONE', #338 ) ;
#330 = CARTESIAN_POINT ( 'NONE',  ( 30.00000000000000711, 0.000000000000000000, 0.000000000000000000 ) ) ;
#331 = EDGE_CURVE ( 'NONE', #272, #309, #1412, .T. ) ;
#332 = DIRECTION ( 'NONE',  ( 0.000000000000000000, 0.000000000000000000, -1.000000000000000000 ) ) ;
#333 = CIRCLE ( 'NONE', #583, 30.00000000000000000 ) ;
#334 = VERTEX_POINT ( 'NONE', #1346 ) ;
#335 = DIRECTION ( 'NONE',  ( -0.000000000000000000, -1.000000000000000000, 0.000000000000000000 ) ) ;
#336 = ORIENTED_EDGE ( 'NONE', *, *, #390, .T. ) ;
#337 = CIRCLE ( 'NONE', #1158, 25.00000000000000000 ) ;
#338 = CARTESIAN_POINT ( 'NONE',  ( 2.862462457271767182E-16, 29.99999999999996447, -25.00000000000000711 ) ) ;
#339 = ORIENTED_EDGE ( 'NONE', *, *, #1185, .F. ) ;
#340 = DIRECTION ( 'NONE',  ( -0.000000000000000000, -0.000000000000000000, -1.000000000000000000 ) ) ;
#341 = EDGE_CURVE ( 'NONE', #883, #942, #147, .T. ) ;
#342 = DIRECTION ( 'NONE',  ( 1.000000000000000000, 1.156482317317871725E-16, 0.000000000000000000 ) ) ;
#343 = ORIENTED_EDGE ( 'NONE', *, *, #1376, .T. ) ;
#344 = FACE_BOUND ( 'NONE', #115, .T. ) ;
#345 = FACE_BOUND ( 'NONE', #238, .T. ) ;
#346 = ORIENTED_EDGE ( 'NONE', *, *, #675, .T. ) ;
#347 = ADVANCED_FACE ( 'NONE', ( #900, #345, #1188 ), #467, .T. ) ;
#348 = CARTESIAN_POINT ( 'NONE',  ( 264.9999999999999432, 0.000000000000000000, 25.00000000000000000 ) ) ;
#349 = ADVANCED_FACE ( 'NONE', ( #33 ), #703, .T. ) ;
#350 = ORIENTED_EDGE ( 'NONE', *, *, #404, .F. ) ;
#351 = DIRECTION ( 'NONE',  ( -0.000000000000000000, 0.000000000000000000, -1.000000000000000000 ) ) ;
#352 = LINE ( 'NONE', #1103, #1033 ) ;
#353 = LINE ( 'NONE', #799, #1116 ) ;
#354 = CARTESIAN_POINT ( 'NONE',  ( 180.0000000000000000, 99.99999999999998579, 50.00000000000000000 ) ) ;
#355 = EDGE_LOOP ( 'NONE', ( #1246, #654 ) ) ;
#356 = EDGE_CURVE ( 'NONE', #965, #717, #27, .T. ) ;
#357 = CARTESIAN_POINT ( 'NONE',  ( 90.00000000000000000, 99.99999999999997158, -50.00000000000000000 ) ) ;
#358 = ORIENTED_EDGE ( 'NONE', *, *, #40, .T. ) ;
#359 = CARTESIAN_POINT ( 'NONE',  ( 60.00000000000000000, 29.99999999999996803, 50.00000000000000000 ) ) ;
#360 = ORIENTED_EDGE ( 'NONE', *, *, #285, .F. ) ;
#361 = VECTOR ( 'NONE', #1088, 1000.000000000000000 ) ;
#362 = EDGE_CURVE ( 'NONE', #949, #1358, #879, .T. ) ;
#363 = LINE ( 'NONE', #475, #1139 ) ;
#364 = DIRECTION ( 'NONE',  ( 0.000000000000000000, 0.000000000000000000, -1.000000000000000000 ) ) ;
#365 = CARTESIAN_POINT ( 'NONE',  ( 102.5000000000000000, 99.99999999999997158, -60.00000000000001421 ) ) ;
#366 = LINE ( 'NONE', #1140, #662 ) ;
#367 = VECTOR ( 'NONE', #335, 1000.000000000000000 ) ;
#368 = VERTEX_POINT ( 'NONE', #1275 ) ;
#369 = AXIS2_PLACEMENT_3D ( 'NONE', #1091, #760, #93 ) ;
#370 = DIRECTION ( 'NONE',  ( -1.000000000000000000, 0.000000000000000000, 0.000000000000000000 ) ) ;
#371 = CIRCLE ( 'NONE', #1028, 12.49999999999999645 ) ;
#372 = AXIS2_PLACEMENT_3D ( 'NONE', #580, #154, #919 ) ;
#373 = FACE_OUTER_BOUND ( 'NONE', #189, .T. ) ;
#374 = DIRECTION ( 'NONE',  ( 0.000000000000000000, 0.000000000000000000, -1.000000000000000000 ) ) ;
#375 = DIRECTION ( 'NONE',  ( 0.000000000000000000, 0.000000000000000000, 1.000000000000000000 ) ) ;
#376 = ORIENTED_EDGE ( 'NONE', *, *, #807, .F. ) ;
#377 = ORIENTED_EDGE ( 'NONE', *, *, #223, .F. ) ;
#378 = EDGE_LOOP ( 'NONE', ( #277, #1317, #889, #1081 ) ) ;
#379 = CARTESIAN_POINT ( 'NONE',  ( 0.000000000000000000, 0.000000000000000000, -25.00000000000000711 ) ) ;
#380 = EDGE_CURVE ( 'NONE', #671, #1308, #950, .T. ) ;
#381 = VECTOR ( 'NONE', #1343, 1000.000000000000000 ) ;
#382 = DIRECTION ( 'NONE',  ( -0.000000000000000000, -0.000000000000000000, 1.000000000000000000 ) ) ;
#383 = ORIENTED_EDGE ( 'NONE', *, *, #1173, .F. ) ;
#384 = ORIENTED_EDGE ( 'NONE', *, *, #849, .F. ) ;
#385 = CYLINDRICAL_SURFACE ( 'NONE', #1005, 25.00000000000000000 ) ;
#386 = CARTESIAN_POINT ( 'NONE',  ( 229.9999999999999716, 99.99999999999998579, 50.00000000000000000 ) ) ;
#387 = EDGE_CURVE ( 'NONE', #717, #1269, #363, .T. ) ;
#388 = EDGE_CURVE ( 'NONE', #1311, #702, #691, .T. ) ;
#389 = ORIENTED_EDGE ( 'NONE', *, *, #602, .F. ) ;
#390 = EDGE_CURVE ( 'NONE', #667, #1157, #261, .T. ) ;
#391 = CIRCLE ( 'NONE', #770, 12.50000000000001066 ) ;
#392 = DIRECTION ( 'NONE',  ( -5.782411586589358625E-17, 1.000000000000000000, -0.000000000000000000 ) ) ;
#393 = DIRECTION ( 'NONE',  ( -1.000000000000000000, 0.000000000000000000, 0.000000000000000000 ) ) ;
#394 = CARTESIAN_POINT ( 'NONE',  ( 59.99999999999999289, 129.9999999999999716, 50.00000000000000000 ) ) ;
#395 = EDGE_LOOP ( 'NONE', ( #566, #725 ) ) ;
#396 = CARTESIAN_POINT ( 'NONE',  ( 90.00000000000000000, 57.99999999999997868, 50.00000000000000000 ) ) ;
#397 = ADVANCED_FACE ( 'NONE', ( #148 ), #461, .F. ) ;
#398 = CARTESIAN_POINT ( 'NONE',  ( 90.00000000000000000, 99.99999999999997158, -50.00000000000000000 ) ) ;
#399 = LINE ( 'NONE', #632, #805 ) ;
#400 = VECTOR ( 'NONE', #886, 1000.000000000000000 ) ;
#401 = DIRECTION ( 'NONE',  ( -0.000000000000000000, -0.000000000000000000, -1.000000000000000000 ) ) ;
#402 = EDGE_LOOP ( 'NONE', ( #992, #52, #788, #1449 ) ) ;
#403 = ORIENTED_EDGE ( 'NONE', *, *, #464, .F. ) ;
#404 = EDGE_CURVE ( 'NONE', #98, #779, #709, .T. ) ;
#405 = ADVANCED_FACE ( 'NONE', ( #1307 ), #929, .F. ) ;
#406 = CARTESIAN_POINT ( 'NONE',  ( 49.99999999999999289, 39.99999999999996447, 50.00000000000000000 ) ) ;
#407 = DIRECTION ( 'NONE',  ( -0.000000000000000000, -1.000000000000000000, -0.000000000000000000 ) ) ;
#408 = CLOSED_SHELL ( 'NONE', ( #233, #144, #841, #1231, #521, #1442, #474, #349, #600, #738, #1372, #694, #1430, #397, #655, #69, #1424, #405, #1079, #644, #804, #1098, #1125, #1000, #75, #55, #1107, #1432, #347, #278, #241, #168, #746, #134, #902, #1373, #1451, #188, #87, #492, #1052, #178, #813 ) ) ;
#409 = ORIENTED_EDGE ( 'NONE', *, *, #726, .T. ) ;
#410 = LINE ( 'NONE', #748, #809 ) ;
#411 = EDGE_LOOP ( 'NONE', ( #564, #1301 ) ) ;
#412 = CARTESIAN_POINT ( 'NONE',  ( 290.0000000000000000, 30.00000000000000000, 25.00000000000000000 ) ) ;
#413 = DIRECTION ( 'NONE',  ( 1.000000000000000000, 0.000000000000000000, 0.000000000000000000 ) ) ;
#414 = DIRECTION ( 'NONE',  ( -0.000000000000000000, -0.000000000000000000, -1.000000000000000000 ) ) ;
#415 = EDGE_LOOP ( 'NONE', ( #861, #927, #597, #240 ) ) ;
#416 = CARTESIAN_POINT ( 'NONE',  ( 77.50000000000000000, 99.99999999999997158, -60.00000000000001421 ) ) ;
#417 = ORIENTED_EDGE ( 'NONE', *, *, #1019, .T. ) ;
#418 = DIRECTION ( 'NONE',  ( 0.000000000000000000, -1.000000000000000000, 0.000000000000000000 ) ) ;
#419 = LINE ( 'NONE', #535, #958 ) ;
#420 = CIRCLE ( 'NONE', #986, 30.00000000000000000 ) ;
#421 = EDGE_CURVE ( 'NONE', #1170, #160, #1032, .T. ) ;
#422 = VERTEX_POINT ( 'NONE', #740 ) ;
#423 = VERTEX_POINT ( 'NONE', #593 ) ;
#424 = AXIS2_PLACEMENT_3D ( 'NONE', #1236, #561, #462 ) ;
#425 = CARTESIAN_POINT ( 'NONE',  ( 290.0000000000000000, 30.00000000000000000, -25.00000000000000711 ) ) ;
#426 = FACE_OUTER_BOUND ( 'NONE', #686, .T. ) ;
#427 = FACE_OUTER_BOUND ( 'NONE', #4, .T. ) ;
#428 = CIRCLE ( 'NONE', #733, 49.99999999999998579 ) ;
#429 = ORIENTED_EDGE ( 'NONE', *, *, #756, .F. ) ;
#430 = DIRECTION ( 'NONE',  ( 1.000000000000000000, 0.000000000000000000, 0.000000000000000000 ) ) ;
#431 = EDGE_CURVE ( 'NONE', #1334, #980, #821, .T. ) ;
#432 = EDGE_LOOP ( 'NONE', ( #985, #495, #1172, #284 ) ) ;
#433 = CARTESIAN_POINT ( 'NONE',  ( 240.0000000000000000, 39.99999999999999289, -50.00000000000000000 ) ) ;
#434 = CARTESIAN_POINT ( 'NONE',  ( 77.49999999999998579, 57.99999999999997868, 50.00000000000000000 ) ) ;
#435 = VECTOR ( 'NONE', #952, 1000.000000000000000 ) ;
#436 = APPLICATION_CONTEXT ( 'automotive_design' ) ;
#437 = VERTEX_POINT ( 'NONE', #1196 ) ;
#438 = VECTOR ( 'NONE', #604, 1000.000000000000000 ) ;
#439 = CARTESIAN_POINT ( 'NONE',  ( 150.0000000000000000, 99.99999999999998579, -60.00000000000000711 ) ) ;
#440 = VECTOR ( 'NONE', #1201, 1000.000000000000000 ) ;
#441 = EDGE_LOOP ( 'NONE', ( #936, #1009, #650, #771, #856, #828 ) ) ;
#442 = EDGE_CURVE ( 'NONE', #437, #368, #65, .T. ) ;
#443 = CYLINDRICAL_SURFACE ( 'NONE', #215, 30.00000000000000000 ) ;
#444 = DIRECTION ( 'NONE',  ( -0.000000000000000000, -0.000000000000000000, -1.000000000000000000 ) ) ;
#445 = VERTEX_POINT ( 'NONE', #912 ) ;
#446 = DIRECTION ( 'NONE',  ( 1.000000000000000000, -9.912705577010325549E-17, 0.000000000000000000 ) ) ;
#447 = ORIENTED_EDGE ( 'NONE', *, *, #577, .F. ) ;
#448 = CARTESIAN_POINT ( 'NONE',  ( 30.00000000000000711, -0.001000000000018347324, 0.000000000000000000 ) ) ;
#449 = AXIS2_PLACEMENT_3D ( 'NONE', #987, #392, #513 ) ;
#450 = CIRCLE ( 'NONE', #493, 50.00000000000104450 ) ;
#451 = DIRECTION ( 'NONE',  ( 1.000000000000000000, 0.000000000000000000, 0.000000000000000000 ) ) ;
#452 = EDGE_LOOP ( 'NONE', ( #901, #690, #108, #1016 ) ) ;
#453 = FACE_OUTER_BOUND ( 'NONE', #579, .T. ) ;
#454 = ORIENTED_EDGE ( 'NONE', *, *, #152, .T. ) ;
#455 = CYLINDRICAL_SURFACE ( 'NONE', #270, 49.99999999999998579 ) ;
#456 = CARTESIAN_POINT ( 'NONE',  ( 90.00000000000000000, 57.99999999999997868, 50.00000000000000000 ) ) ;
#457 = ORIENTED_EDGE ( 'NONE', *, *, #32, .F. ) ;
#458 = CARTESIAN_POINT ( 'NONE',  ( 180.0000000000010516, 99.99999999999964473, 25.00000000000000000 ) ) ;
#459 = AXIS2_PLACEMENT_3D ( 'NONE', #910, #114, #1363 ) ;
#460 = VERTEX_POINT ( 'NONE', #1259 ) ;
#461 = PLANE ( 'NONE',  #1452 ) ;
#462 = DIRECTION ( 'NONE',  ( 1.000000000000000000, 0.000000000000000000, 0.000000000000000000 ) ) ;
#463 = DIRECTION ( 'NONE',  ( 0.000000000000000000, 1.000000000000000000, 0.000000000000000000 ) ) ;
#464 = EDGE_CURVE ( 'NONE', #445, #1269, #251, .T. ) ;
#465 = EDGE_LOOP ( 'NONE', ( #1163, #1208, #904, #10, #839, #978 ) ) ;
#466 = VECTOR ( 'NONE', #507, 1000.000000000000000 ) ;
#467 = PLANE ( 'NONE',  #1330 ) ;
#468 = DIRECTION ( 'NONE',  ( -0.000000000000000000, -0.000000000000000000, -1.000000000000000000 ) ) ;
#469 = CARTESIAN_POINT ( 'NONE',  ( 24.99999999999999289, 0.000000000000000000, 50.00000000000000000 ) ) ;
#470 = CIRCLE ( 'NONE', #1438, 25.00000000000002132 ) ;
#471 = FACE_BOUND ( 'NONE', #1222, .T. ) ;
#472 = ORIENTED_EDGE ( 'NONE', *, *, #602, .T. ) ;
#473 = AXIS2_PLACEMENT_3D ( 'NONE', #348, #16, #578 ) ;
#474 = ADVANCED_FACE ( 'NONE', ( #692 ), #1143, .F. ) ;
#475 = CARTESIAN_POINT ( 'NONE',  ( 60.00000000000000000, 39.99999999999996447, 50.00000000000000000 ) ) ;
#476 = SURFACE_STYLE_FILL_AREA ( #1059 ) ;
#477 = DIRECTION ( 'NONE',  ( 1.000000000000000000, 6.938893903907228378E-17, -0.000000000000000000 ) ) ;
#478 = DIRECTION ( 'NONE',  ( 1.000000000000000000, 0.000000000000000000, 0.000000000000000000 ) ) ;
#479 = AXIS2_PLACEMENT_3D ( 'NONE', #1161, #490, #823 ) ;
#480 = ORIENTED_EDGE ( 'NONE', *, *, #1258, .F. ) ;
#481 = ORIENTED_EDGE ( 'NONE', *, *, #618, .T. ) ;
#482 = DIRECTION ( 'NONE',  ( 1.000000000000000000, 0.000000000000000000, 0.000000000000000000 ) ) ;
#483 = EDGE_CURVE ( 'NONE', #503, #281, #1433, .T. ) ;
#484 = CARTESIAN_POINT ( 'NONE',  ( 150.0000000000000000, 99.99999999999998579, 60.00000000000000711 ) ) ;
#485 = CARTESIAN_POINT ( 'NONE',  ( 77.50000000000000000, 99.99999999999997158, 50.00000000000000000 ) ) ;
#486 = EDGE_LOOP ( 'NONE', ( #1092, #315, #1130, #1293 ) ) ;
#487 = CIRCLE ( 'NONE', #869, 30.00000000000000000 ) ;
#488 = ORIENTED_EDGE ( 'NONE', *, *, #548, .F. ) ;
#489 = CARTESIAN_POINT ( 'NONE',  ( 59.99999999999999289, 99.99999999999997158, 50.00000000000000000 ) ) ;
#490 = DIRECTION ( 'NONE',  ( -0.000000000000000000, -0.000000000000000000, 1.000000000000000000 ) ) ;
#491 = EDGE_CURVE ( 'NONE', #935, #747, #1335, .T. ) ;
#492 = ADVANCED_FACE ( 'NONE', ( #999 ), #1207, .T. ) ;
#493 = AXIS2_PLACEMENT_3D ( 'NONE', #298, #1192, #186 ) ;
#494 = DIRECTION ( 'NONE',  ( -0.000000000000000000, -0.000000000000000000, 1.000000000000000000 ) ) ;
#495 = ORIENTED_EDGE ( 'NONE', *, *, #954, .F. ) ;
#496 =( NAMED_UNIT ( * ) SI_UNIT ( $, .STERADIAN. ) SOLID_ANGLE_UNIT ( ) );
#497 = LINE ( 'NONE', #939, #1333 ) ;
#498 = AXIS2_PLACEMENT_3D ( 'NONE', #1038, #581, #182 ) ;
#499 = CARTESIAN_POINT ( 'NONE',  ( 90.00000000000000000, 99.99999999999997158, -60.00000000000001421 ) ) ;
#500 = EDGE_CURVE ( 'NONE', #779, #279, #625, .T. ) ;
#501 = ORIENTED_EDGE ( 'NONE', *, *, #920, .F. ) ;
#502 = CIRCLE ( 'NONE', #304, 30.00000000000000000 ) ;
#503 = VERTEX_POINT ( 'NONE', #319 ) ;
#504 = CIRCLE ( 'NONE', #840, 10.00000000000000888 ) ;
#505 = VECTOR ( 'NONE', #705, 1000.000000000000000 ) ;
#506 = AXIS2_PLACEMENT_3D ( 'NONE', #881, #1224, #781 ) ;
#507 = DIRECTION ( 'NONE',  ( -0.000000000000000000, -0.000000000000000000, 1.000000000000000000 ) ) ;
#508 = DIRECTION ( 'NONE',  ( -1.000000000000000000, 0.000000000000000000, 0.000000000000000000 ) ) ;
#509 = DIRECTION ( 'NONE',  ( 0.000000000000000000, 0.000000000000000000, 1.000000000000000000 ) ) ;
#510 = ORIENTED_EDGE ( 'NONE', *, *, #285, .T. ) ;
#511 = DIRECTION ( 'NONE',  ( 0.000000000000000000, 0.000000000000000000, 1.000000000000000000 ) ) ;
#512 = EDGE_CURVE ( 'NONE', #747, #546, #371, .T. ) ;
#513 = DIRECTION ( 'NONE',  ( -1.000000000000000000, -5.781846897957854114E-17, 0.000000000000000000 ) ) ;
#514 = DIRECTION ( 'NONE',  ( -0.000000000000000000, -0.000000000000000000, 1.000000000000000000 ) ) ;
#515 = AXIS2_PLACEMENT_3D ( 'NONE', #631, #870, #288 ) ;
#516 = VECTOR ( 'NONE', #1282, 1000.000000000000000 ) ;
#517 = VERTEX_POINT ( 'NONE', #218 ) ;
#518 = DIRECTION ( 'NONE',  ( -1.000000000000000000, -1.156482317317871478E-16, 0.000000000000000000 ) ) ;
#519 = ORIENTED_EDGE ( 'NONE', *, *, #1285, .F. ) ;
#520 = CARTESIAN_POINT ( 'NONE',  ( 42.50000000000000000, 29.99999999999996803, 1.530808498934191521E-15 ) ) ;
#521 = ADVANCED_FACE ( 'NONE', ( #658 ), #867, .F. ) ;
#522 = DIRECTION ( 'NONE',  ( 1.000000000000000000, 0.000000000000000000, 0.000000000000000000 ) ) ;
#523 = LINE ( 'NONE', #1097, #683 ) ;
#524 = ORIENTED_EDGE ( 'NONE', *, *, #577, .T. ) ;
#525 = DIRECTION ( 'NONE',  ( -0.000000000000000000, -0.000000000000000000, 1.000000000000000000 ) ) ;
#526 = VERTEX_POINT ( 'NONE', #1110 ) ;
#527 = DIRECTION ( 'NONE',  ( 0.000000000000000000, -1.000000000000000000, 0.000000000000000000 ) ) ;
#528 = CYLINDRICAL_SURFACE ( 'NONE', #312, 30.00000000000000000 ) ;
#529 = CARTESIAN_POINT ( 'NONE',  ( 180.0000000000000000, 99.99999999999998579, 60.00000000000000711 ) ) ;
#530 = EDGE_CURVE ( 'NONE', #942, #883, #391, .T. ) ;
#531 = VERTEX_POINT ( 'NONE', #439 ) ;
#532 = CARTESIAN_POINT ( 'NONE',  ( 180.0000000000000000, 99.99999999999998579, 60.00000000000000711 ) ) ;
#533 = VERTEX_POINT ( 'NONE', #1232 ) ;
#534 = CARTESIAN_POINT ( 'NONE',  ( 210.0000000000000000, 99.99999999999998579, -60.00000000000000711 ) ) ;
#535 = CARTESIAN_POINT ( 'NONE',  ( 49.99999999999999289, 29.99999999999996803, -50.00000000000000000 ) ) ;
#536 =( GEOMETRIC_REPRESENTATION_CONTEXT ( 3 ) GLOBAL_UNCERTAINTY_ASSIGNED_CONTEXT ( ( #1069 ) ) GLOBAL_UNIT_ASSIGNED_CONTEXT ( ( #1276, #582, #496 ) ) REPRESENTATION_CONTEXT ( 'NONE', 'WORKASPACE' ) );
#537 = EDGE_CURVE ( 'NONE', #422, #249, #1100, .T. ) ;
#538 = EDGE_LOOP ( 'NONE', ( #880, #1415, #956, #599 ) ) ;
#539 = DIRECTION ( 'NONE',  ( 0.000000000000000000, 0.000000000000000000, 1.000000000000000000 ) ) ;
#540 = ADVANCED_BREP_SHAPE_REPRESENTATION ( 'Exercise 13', ( #2, #372 ), #1291 ) ;
#541 = ORIENTED_EDGE ( 'NONE', *, *, #1329, .F. ) ;
#542 = AXIS2_PLACEMENT_3D ( 'NONE', #798, #1252, #1128 ) ;
#543 = DIRECTION ( 'NONE',  ( -1.000000000000000000, -5.782411586589357392E-17, 0.000000000000000000 ) ) ;
#544 = DIRECTION ( 'NONE',  ( 0.000000000000000000, 1.000000000000000000, 0.000000000000000000 ) ) ;
#545 = VECTOR ( 'NONE', #446, 1000.000000000000000 ) ;
#546 = VERTEX_POINT ( 'NONE', #755 ) ;
#547 = VERTEX_POINT ( 'NONE', #1419 ) ;
#548 = EDGE_CURVE ( 'NONE', #329, #1042, #410, .T. ) ;
#549 = ORIENTED_EDGE ( 'NONE', *, *, #431, .T. ) ;
#550 = FACE_OUTER_BOUND ( 'NONE', #811, .T. ) ;
#551 = CARTESIAN_POINT ( 'NONE',  ( 60.00000000000000000, 29.99999999999996803, 50.00000000000000000 ) ) ;
#552 = CARTESIAN_POINT ( 'NONE',  ( 90.00000000000000000, 57.99999999999997868, -25.00000000000000000 ) ) ;
#553 = VECTOR ( 'NONE', #231, 1000.000000000000000 ) ;
#554 = PRODUCT ( 'Exercise 13', 'Exercise 13', '', ( #1374 ) ) ;
#555 = VECTOR ( 'NONE', #816, 1000.000000000000000 ) ;
#556 = DIRECTION ( 'NONE',  ( -0.000000000000000000, -0.000000000000000000, -1.000000000000000000 ) ) ;
#557 = ORIENTED_EDGE ( 'NONE', *, *, #125, .F. ) ;
#558 = EDGE_CURVE ( 'NONE', #671, #1402, #202, .T. ) ;
#559 = DIRECTION ( 'NONE',  ( 0.000000000000000000, 0.000000000000000000, 1.000000000000000000 ) ) ;
#560 = CARTESIAN_POINT ( 'NONE',  ( 229.9999999999999716, 39.99999999999999289, -50.00000000000000000 ) ) ;
#561 = DIRECTION ( 'NONE',  ( 0.000000000000000000, 0.000000000000000000, 1.000000000000000000 ) ) ;
#562 = ORIENTED_EDGE ( 'NONE', *, *, #1124, .F. ) ;
#563 = DIRECTION ( 'NONE',  ( -0.000000000000000000, -0.000000000000000000, 1.000000000000000000 ) ) ;
#564 = ORIENTED_EDGE ( 'NONE', *, *, #1029, .F. ) ;
#565 = DIRECTION ( 'NONE',  ( -5.782411586589358625E-17, 1.000000000000000000, 0.000000000000000000 ) ) ;
#566 = ORIENTED_EDGE ( 'NONE', *, *, #1241, .F. ) ;
#567 = DIRECTION ( 'NONE',  ( 0.000000000000000000, 1.000000000000000000, 0.000000000000000000 ) ) ;
#568 = AXIS2_PLACEMENT_3D ( 'NONE', #330, #11, #899 ) ;
#569 = LINE ( 'NONE', #221, #400 ) ;
#570 = ORIENTED_EDGE ( 'NONE', *, *, #537, .T. ) ;
#571 = CARTESIAN_POINT ( 'NONE',  ( 24.99999999999999645, 0.000000000000000000, -50.00000000000000000 ) ) ;
#572 = VERTEX_POINT ( 'NONE', #993 ) ;
#573 = CARTESIAN_POINT ( 'NONE',  ( 260.0000000000000000, -0.001000000000007938983, 0.000000000000000000 ) ) ;
#574 = DIRECTION ( 'NONE',  ( 0.000000000000000000, 1.000000000000000000, -0.000000000000000000 ) ) ;
#575 = DIRECTION ( 'NONE',  ( 1.000000000000000000, 0.000000000000000000, 0.000000000000000000 ) ) ;
#576 = ORIENTED_EDGE ( 'NONE', *, *, #928, .T. ) ;
#577 = EDGE_CURVE ( 'NONE', #222, #130, #641, .T. ) ;
#578 = DIRECTION ( 'NONE',  ( 0.000000000000000000, 0.000000000000000000, 1.000000000000000000 ) ) ;
#579 = EDGE_LOOP ( 'NONE', ( #677, #201, #1223, #72 ) ) ;
#580 = CARTESIAN_POINT ( 'NONE',  ( 0.000000000000000000, 0.000000000000000000, 0.000000000000000000 ) ) ;
#581 = DIRECTION ( 'NONE',  ( -0.000000000000000000, -0.000000000000000000, -1.000000000000000000 ) ) ;
#582 =( NAMED_UNIT ( * ) PLANE_ANGLE_UNIT ( ) SI_UNIT ( $, .RADIAN. ) );
#583 = AXIS2_PLACEMENT_3D ( 'NONE', #1113, #1220, #1342 ) ;
#584 = EDGE_CURVE ( 'NONE', #949, #1311, #1093, .T. ) ;
#585 = DIRECTION ( 'NONE',  ( -1.000000000000000000, 0.000000000000000000, 0.000000000000000000 ) ) ;
#586 = ORIENTED_EDGE ( 'NONE', *, *, #1409, .F. ) ;
#587 = DIRECTION ( 'NONE',  ( -1.000000000000000000, 0.000000000000000000, 0.000000000000000000 ) ) ;
#588 = ORIENTED_EDGE ( 'NONE', *, *, #40, .F. ) ;
#589 = FACE_OUTER_BOUND ( 'NONE', #44, .T. ) ;
#590 = FACE_OUTER_BOUND ( 'NONE', #1320, .T. ) ;
#591 = ORIENTED_EDGE ( 'NONE', *, *, #1062, .T. ) ;
#592 = EDGE_CURVE ( 'NONE', #720, #82, #428, .T. ) ;
#593 = CARTESIAN_POINT ( 'NONE',  ( 42.50000000000000711, 0.000000000000000000, 1.530808498934191127E-15 ) ) ;
#594 = PRESENTATION_STYLE_ASSIGNMENT (( #1167 ) ) ;
#595 = CARTESIAN_POINT ( 'NONE',  ( 77.49999999999998579, 57.99999999999997868, 25.00000000000000711 ) ) ;
#596 = DIRECTION ( 'NONE',  ( -0.000000000000000000, -1.000000000000000000, -0.000000000000000000 ) ) ;
#597 = ORIENTED_EDGE ( 'NONE', *, *, #431, .F. ) ;
#598 = EDGE_CURVE ( 'NONE', #731, #1141, #926, .T. ) ;
#599 = ORIENTED_EDGE ( 'NONE', *, *, #1062, .F. ) ;
#600 = ADVANCED_FACE ( 'NONE', ( #1030 ), #810, .T. ) ;
#601 = CARTESIAN_POINT ( 'NONE',  ( 60.00000000000000000, 39.99999999999996447, 50.00000000000000000 ) ) ;
#602 = EDGE_CURVE ( 'NONE', #105, #31, #239, .T. ) ;
#603 = DIRECTION ( 'NONE',  ( -0.000000000000000000, -0.000000000000000000, -1.000000000000000000 ) ) ;
#604 = DIRECTION ( 'NONE',  ( -0.000000000000000000, -0.000000000000000000, 1.000000000000000000 ) ) ;
#605 = FACE_BOUND ( 'NONE', #1249, .T. ) ;
#606 = ORIENTED_EDGE ( 'NONE', *, *, #1071, .T. ) ;
#607 = CIRCLE ( 'NONE', #515, 12.50000000000001066 ) ;
#608 = ORIENTED_EDGE ( 'NONE', *, *, #387, .T. ) ;
#609 = CARTESIAN_POINT ( 'NONE',  ( 59.99999999999999289, 99.99999999999997158, 25.00000000000000000 ) ) ;
#610 = AXIS2_PLACEMENT_3D ( 'NONE', #448, #124, #1359 ) ;
#611 = DIRECTION ( 'NONE',  ( 0.000000000000000000, 0.000000000000000000, 1.000000000000000000 ) ) ;
#612 = ORIENTED_EDGE ( 'NONE', *, *, #643, .F. ) ;
#613 = CIRCLE ( 'NONE', #995, 49.99999999999998579 ) ;
#614 = ORIENTED_EDGE ( 'NONE', *, *, #1384, .F. ) ;
#615 = CARTESIAN_POINT ( 'NONE',  ( 264.9999999999999432, 99.99999999999998579, 25.00000000000000000 ) ) ;
#616 = CARTESIAN_POINT ( 'NONE',  ( 180.0000000000000000, 99.99999999999998579, -60.00000000000000711 ) ) ;
#617 = EDGE_CURVE ( 'NONE', #974, #1410, #1034, .T. ) ;
#618 = EDGE_CURVE ( 'NONE', #82, #720, #613, .T. ) ;
#619 = DIRECTION ( 'NONE',  ( 1.000000000000000000, 0.000000000000000000, 0.000000000000000000 ) ) ;
#620 = ORIENTED_EDGE ( 'NONE', *, *, #135, .T. ) ;
#621 = DIRECTION ( 'NONE',  ( 1.000000000000000000, 0.000000000000000000, 0.000000000000000000 ) ) ;
#622 = AXIS2_PLACEMENT_3D ( 'NONE', #1379, #374, #945 ) ;
#623 = ORIENTED_EDGE ( 'NONE', *, *, #104, .F. ) ;
#624 = CIRCLE ( 'NONE', #742, 12.49999999999999645 ) ;
#625 = CIRCLE ( 'NONE', #506, 25.00000000000000000 ) ;
#626 = DIRECTION ( 'NONE',  ( -0.000000000000000000, -0.000000000000000000, 1.000000000000000000 ) ) ;
#627 = CARTESIAN_POINT ( 'NONE',  ( 59.99999999999999289, 129.9999999999999716, -25.00000000000000000 ) ) ;
#628 = ORIENTED_EDGE ( 'NONE', *, *, #928, .F. ) ;
#629 = CARTESIAN_POINT ( 'NONE',  ( 290.0000000000000000, 30.00000000000000000, 50.00000000000000000 ) ) ;
#630 = ORIENTED_EDGE ( 'NONE', *, *, #491, .T. ) ;
#631 = CARTESIAN_POINT ( 'NONE',  ( 260.0000000000000000, 29.99999999999997868, 0.000000000000000000 ) ) ;
#632 = CARTESIAN_POINT ( 'NONE',  ( 102.5000000000000000, 99.99999999999997158, -60.00000000000001421 ) ) ;
#633 = ORIENTED_EDGE ( 'NONE', *, *, #299, .T. ) ;
#634 = CARTESIAN_POINT ( 'NONE',  ( 77.50000000000000000, 99.99999999999997158, -60.00000000000001421 ) ) ;
#635 = ORIENTED_EDGE ( 'NONE', *, *, #500, .F. ) ;
#636 = EDGE_CURVE ( 'NONE', #130, #1151, #1441, .T. ) ;
#637 = CARTESIAN_POINT ( 'NONE',  ( 264.9999999999999432, 0.000000000000000000, -50.00000000000000000 ) ) ;
#638 = DIRECTION ( 'NONE',  ( 0.000000000000000000, 0.000000000000000000, -1.000000000000000000 ) ) ;
#639 = CARTESIAN_POINT ( 'NONE',  ( 90.00000000000000000, 99.99999999999997158, 25.00000000000000711 ) ) ;
#640 = EDGE_LOOP ( 'NONE', ( #1274, #1337 ) ) ;
#641 = LINE ( 'NONE', #763, #176 ) ;
#642 = VERTEX_POINT ( 'NONE', #1369 ) ;
#643 = EDGE_CURVE ( 'NONE', #572, #245, #1112, .T. ) ;
#644 = ADVANCED_FACE ( 'NONE', ( #1380, #225 ), #248, .F. ) ;
#645 = CYLINDRICAL_SURFACE ( 'NONE', #678, 25.00000000000000000 ) ;
#646 = LINE ( 'NONE', #768, #921 ) ;
#647 = AXIS2_PLACEMENT_3D ( 'NONE', #121, #565, #129 ) ;
#648 = ORIENTED_EDGE ( 'NONE', *, *, #84, .T. ) ;
#649 = DIRECTION ( 'NONE',  ( -0.000000000000000000, -0.000000000000000000, 1.000000000000000000 ) ) ;
#650 = ORIENTED_EDGE ( 'NONE', *, *, #537, .F. ) ;
#651 = PLANE ( 'NONE',  #1205 ) ;
#652 = CARTESIAN_POINT ( 'NONE',  ( 229.9999999999999716, 39.99999999999999289, -50.00000000000000000 ) ) ;
#653 = CARTESIAN_POINT ( 'NONE',  ( 130.0000000000000000, 99.99999999999998579, 50.00000000000000000 ) ) ;
#654 = ORIENTED_EDGE ( 'NONE', *, *, #264, .T. ) ;
#655 = ADVANCED_FACE ( 'NONE', ( #471, #895 ), #1353, .F. ) ;
#656 = AXIS2_PLACEMENT_3D ( 'NONE', #236, #126, #1136 ) ;
#657 = ORIENTED_EDGE ( 'NONE', *, *, #909, .T. ) ;
#658 = FACE_OUTER_BOUND ( 'NONE', #1345, .T. ) ;
#659 = ORIENTED_EDGE ( 'NONE', *, *, #713, .F. ) ;
#660 = DIRECTION ( 'NONE',  ( 0.000000000000000000, -0.000000000000000000, 1.000000000000000000 ) ) ;
#661 = CARTESIAN_POINT ( 'NONE',  ( 264.9999999999999432, 30.00000000000000000, 50.00000000000000000 ) ) ;
#662 = VECTOR ( 'NONE', #1015, 1000.000000000000000 ) ;
#663 = ORIENTED_EDGE ( 'NONE', *, *, #558, .T. ) ;
#664 = DIRECTION ( 'NONE',  ( 1.000000000000000000, 0.000000000000000000, 0.000000000000000000 ) ) ;
#665 = EDGE_CURVE ( 'NONE', #1358, #702, #366, .T. ) ;
#666 = CARTESIAN_POINT ( 'NONE',  ( 290.0000000000000000, 30.00000000000000000, 50.00000000000000000 ) ) ;
#667 = VERTEX_POINT ( 'NONE', #145 ) ;
#668 = LINE ( 'NONE', #796, #1352 ) ;
#669 = CARTESIAN_POINT ( 'NONE',  ( 90.00000000000000000, 57.99999999999997868, -50.00000000000000000 ) ) ;
#670 = LINE ( 'NONE', #119, #1370 ) ;
#671 = VERTEX_POINT ( 'NONE', #1150 ) ;
#672 = DIRECTION ( 'NONE',  ( -1.000000000000000000, 0.000000000000000000, 0.000000000000000000 ) ) ;
#673 = ORIENTED_EDGE ( 'NONE', *, *, #636, .T. ) ;
#674 = DIRECTION ( 'NONE',  ( -0.000000000000000000, -0.000000000000000000, 1.000000000000000000 ) ) ;
#675 = EDGE_CURVE ( 'NONE', #1410, #1371, #688, .T. ) ;
#676 = CARTESIAN_POINT ( 'NONE',  ( 130.0000000000000000, 99.99999999999964473, -25.00000000000000000 ) ) ;
#677 = ORIENTED_EDGE ( 'NONE', *, *, #803, .T. ) ;
#678 = AXIS2_PLACEMENT_3D ( 'NONE', #615, #418, #638 ) ;
#679 = DIRECTION ( 'NONE',  ( -5.782411586589358625E-17, 1.000000000000000000, -0.000000000000000000 ) ) ;
#680 = ORIENTED_EDGE ( 'NONE', *, *, #803, .F. ) ;
#681 = DIRECTION ( 'NONE',  ( -1.000000000000000000, 0.000000000000000000, 0.000000000000000000 ) ) ;
#682 = EDGE_CURVE ( 'NONE', #272, #334, #24, .T. ) ;
#683 = VECTOR ( 'NONE', #407, 1000.000000000000000 ) ;
#684 = DIRECTION ( 'NONE',  ( -5.782411586589358625E-17, 1.000000000000000000, -0.000000000000000000 ) ) ;
#685 = CARTESIAN_POINT ( 'NONE',  ( 49.99999999999999289, 39.99999999999996447, -50.00000000000000000 ) ) ;
#686 = EDGE_LOOP ( 'NONE', ( #383, #1111, #360, #628 ) ) ;
#687 = DIRECTION ( 'NONE',  ( 0.000000000000000000, 0.000000000000000000, -1.000000000000000000 ) ) ;
#688 = CIRCLE ( 'NONE', #53, 12.50000000000000000 ) ;
#689 = DIRECTION ( 'NONE',  ( 1.156482317317871725E-16, -1.000000000000000000, 0.000000000000000000 ) ) ;
#690 = ORIENTED_EDGE ( 'NONE', *, *, #362, .T. ) ;
#691 = CIRCLE ( 'NONE', #57, 12.50000000000001066 ) ;
#692 = FACE_OUTER_BOUND ( 'NONE', #378, .T. ) ;
#693 = EDGE_CURVE ( 'NONE', #547, #935, #250, .T. ) ;
#694 = ADVANCED_FACE ( 'NONE', ( #453 ), #903, .F. ) ;
#695 = AXIS2_PLACEMENT_3D ( 'NONE', #64, #509, #963 ) ;
#696 = PLANE ( 'NONE',  #171 ) ;
#697 = FACE_OUTER_BOUND ( 'NONE', #538, .T. ) ;
#698 = DIRECTION ( 'NONE',  ( -1.000000000000000000, 0.000000000000000000, 0.000000000000000000 ) ) ;
#699 = VECTOR ( 'NONE', #283, 1000.000000000000000 ) ;
#700 = CIRCLE ( 'NONE', #888, 30.00000000000000000 ) ;
#701 = VECTOR ( 'NONE', #156, 1000.000000000000000 ) ;
#702 = VERTEX_POINT ( 'NONE', #793 ) ;
#703 = CYLINDRICAL_SURFACE ( 'NONE', #253, 49.99999999999998579 ) ;
#704 = CARTESIAN_POINT ( 'NONE',  ( 180.0000000000000000, 99.99999999999998579, -60.00000000000000711 ) ) ;
#705 = DIRECTION ( 'NONE',  ( -0.000000000000000000, -0.000000000000000000, -1.000000000000000000 ) ) ;
#706 = EDGE_CURVE ( 'NONE', #281, #460, #1214, .T. ) ;
#707 = DIRECTION ( 'NONE',  ( -0.000000000000000000, -1.000000000000000000, -0.000000000000000000 ) ) ;
#708 = VERTEX_POINT ( 'NONE', #571 ) ;
#709 = LINE ( 'NONE', #1159, #328 ) ;
#710 = CARTESIAN_POINT ( 'NONE',  ( 272.5000000000000000, 29.99999999999997868, 1.530808498934191127E-15 ) ) ;
#711 = PLANE ( 'NONE',  #622 ) ;
#712 = DIRECTION ( 'NONE',  ( 1.000000000000000000, 0.000000000000000000, -0.000000000000000000 ) ) ;
#713 = EDGE_CURVE ( 'NONE', #21, #1141, #207, .T. ) ;
#714 = EDGE_CURVE ( 'NONE', #422, #1350, #1336, .T. ) ;
#715 = EDGE_LOOP ( 'NONE', ( #501, #343, #1022, #346 ) ) ;
#716 = ORIENTED_EDGE ( 'NONE', *, *, #15, .F. ) ;
#717 = VERTEX_POINT ( 'NONE', #151 ) ;
#718 = LINE ( 'NONE', #469, #435 ) ;
#719 = LINE ( 'NONE', #1162, #699 ) ;
#720 = VERTEX_POINT ( 'NONE', #48 ) ;
#721 = AXIS2_PLACEMENT_3D ( 'NONE', #499, #382, #478 ) ;
#722 = CARTESIAN_POINT ( 'NONE',  ( 0.000000000000000000, 0.000000000000000000, 50.00000000000000000 ) ) ;
#723 = DIRECTION ( 'NONE',  ( 9.541541524239236780E-18, 1.000000000000000000, -0.000000000000000000 ) ) ;
#724 = FACE_BOUND ( 'NONE', #395, .T. ) ;
#725 = ORIENTED_EDGE ( 'NONE', *, *, #512, .F. ) ;
#726 = EDGE_CURVE ( 'NONE', #533, #517, #1145, .T. ) ;
#727 = FACE_OUTER_BOUND ( 'NONE', #137, .T. ) ;
#728 = DIRECTION ( 'NONE',  ( -1.000000000000000000, 0.000000000000000000, 0.000000000000000000 ) ) ;
#729 = CIRCLE ( 'NONE', #294, 12.50000000000000000 ) ;
#730 = CARTESIAN_POINT ( 'NONE',  ( 229.9999999999999716, 99.99999999999998579, 50.00000000000000000 ) ) ;
#731 = VERTEX_POINT ( 'NONE', #1405 ) ;
#732 = CARTESIAN_POINT ( 'NONE',  ( 139.9999999999999716, 129.9999999999999716, 50.00000000000000000 ) ) ;
#733 = AXIS2_PLACEMENT_3D ( 'NONE', #532, #984, #430 ) ;
#734 = VERTEX_POINT ( 'NONE', #730 ) ;
#735 = DIRECTION ( 'NONE',  ( -1.156482317317871725E-16, 1.000000000000000000, -0.000000000000000000 ) ) ;
#736 = PLANE ( 'NONE',  #123 ) ;
#737 = PLANE ( 'NONE',  #369 ) ;
#738 = ADVANCED_FACE ( 'NONE', ( #590 ), #953, .F. ) ;
#739 = ORIENTED_EDGE ( 'NONE', *, *, #706, .T. ) ;
#740 = CARTESIAN_POINT ( 'NONE',  ( 264.9999999999999432, 29.99999999999999645, 50.00000000000000000 ) ) ;
#741 = AXIS2_PLACEMENT_3D ( 'NONE', #826, #745, #80 ) ;
#742 = AXIS2_PLACEMENT_3D ( 'NONE', #988, #414, #1304 ) ;
#743 = CARTESIAN_POINT ( 'NONE',  ( 90.00000000000000000, 57.99999999999997868, -60.00000000000001421 ) ) ;
#744 = PLANE ( 'NONE',  #1386 ) ;
#745 = DIRECTION ( 'NONE',  ( -0.000000000000000000, -0.000000000000000000, 1.000000000000000000 ) ) ;
#746 = ADVANCED_FACE ( 'NONE', ( #940 ), #271, .F. ) ;
#747 = VERTEX_POINT ( 'NONE', #485 ) ;
#748 = CARTESIAN_POINT ( 'NONE',  ( 2.862462457271767182E-16, 29.99999999999996447, -25.00000000000000711 ) ) ;
#749 = ORIENTED_EDGE ( 'NONE', *, *, #287, .T. ) ;
#750 = AXIS2_PLACEMENT_3D ( 'NONE', #815, #262, #822 ) ;
#751 = FACE_OUTER_BOUND ( 'NONE', #758, .T. ) ;
#752 = CARTESIAN_POINT ( 'NONE',  ( 247.5000000000000000, 29.99999999999997868, 0.000000000000000000 ) ) ;
#753 = AXIS2_PLACEMENT_3D ( 'NONE', #1017, #559, #1023 ) ;
#754 = EDGE_LOOP ( 'NONE', ( #51, #1095, #1123, #1287 ) ) ;
#755 = CARTESIAN_POINT ( 'NONE',  ( 102.5000000000000000, 99.99999999999997158, 50.00000000000000000 ) ) ;
#756 = EDGE_CURVE ( 'NONE', #1365, #960, #88, .T. ) ;
#757 = EDGE_CURVE ( 'NONE', #734, #334, #159, .T. ) ;
#758 = EDGE_LOOP ( 'NONE', ( #1215, #313, #620, #358 ) ) ;
#759 = CYLINDRICAL_SURFACE ( 'NONE', #449, 12.50000000000000000 ) ;
#760 = DIRECTION ( 'NONE',  ( 0.000000000000000000, 0.000000000000000000, 1.000000000000000000 ) ) ;
#761 = VECTOR ( 'NONE', #937, 1000.000000000000000 ) ;
#762 = ORIENTED_EDGE ( 'NONE', *, *, #32, .T. ) ;
#763 = CARTESIAN_POINT ( 'NONE',  ( 130.0000000000000000, 99.99999999999964473, -25.00000000000000000 ) ) ;
#764 = ORIENTED_EDGE ( 'NONE', *, *, #500, .T. ) ;
#765 = FACE_OUTER_BOUND ( 'NONE', #432, .T. ) ;
#766 = EDGE_CURVE ( 'NONE', #1334, #1151, #1169, .T. ) ;
#767 = DIRECTION ( 'NONE',  ( 1.000000000000000000, 0.000000000000000000, 0.000000000000000000 ) ) ;
#768 = CARTESIAN_POINT ( 'NONE',  ( 139.9999999999999716, 129.9999999999999716, 25.00000000000000000 ) ) ;
#769 = AXIS2_PLACEMENT_3D ( 'NONE', #1279, #494, #619 ) ;
#770 = AXIS2_PLACEMENT_3D ( 'NONE', #973, #106, #1213 ) ;
#771 = ORIENTED_EDGE ( 'NONE', *, *, #714, .T. ) ;
#772 = CARTESIAN_POINT ( 'NONE',  ( 139.9999999999999716, 129.9999999999999716, -25.00000000000000000 ) ) ;
#773 = ORIENTED_EDGE ( 'NONE', *, *, #1020, .T. ) ;
#774 = CARTESIAN_POINT ( 'NONE',  ( 180.0000000000010516, 99.99999999999964473, -25.00000000000000000 ) ) ;
#775 = AXIS2_PLACEMENT_3D ( 'NONE', #433, #1003, #892 ) ;
#776 = FACE_OUTER_BOUND ( 'NONE', #1435, .T. ) ;
#777 = PRODUCT_RELATED_PRODUCT_CATEGORY ( 'part', '', ( #554 ) ) ;
#778 = EDGE_CURVE ( 'NONE', #334, #533, #1055, .T. ) ;
#779 = VERTEX_POINT ( 'NONE', #833 ) ;
#780 = CARTESIAN_POINT ( 'NONE',  ( 77.49999999999998579, 57.99999999999997868, -50.00000000000000000 ) ) ;
#781 = DIRECTION ( 'NONE',  ( 1.000000000000000000, 0.000000000000000000, 0.000000000000000000 ) ) ;
#782 = ORIENTED_EDGE ( 'NONE', *, *, #1219, .F. ) ;
#783 = CARTESIAN_POINT ( 'NONE',  ( 210.0000000000000000, 99.99999999999998579, 60.00000000000000711 ) ) ;
#784 = CARTESIAN_POINT ( 'NONE',  ( 290.0000000000000000, 30.00000000000000000, 50.00000000000000000 ) ) ;
#785 = ORIENTED_EDGE ( 'NONE', *, *, #665, .F. ) ;
#786 = LINE ( 'NONE', #1247, #1193 ) ;
#787 = DIRECTION ( 'NONE',  ( 0.000000000000000000, 0.000000000000000000, 1.000000000000000000 ) ) ;
#788 = ORIENTED_EDGE ( 'NONE', *, *, #1285, .T. ) ;
#789 = FACE_OUTER_BOUND ( 'NONE', #1397, .T. ) ;
#790 = DIRECTION ( 'NONE',  ( 1.000000000000000000, -9.912705577010325549E-17, 0.000000000000000000 ) ) ;
#791 = CARTESIAN_POINT ( 'NONE',  ( 60.00000000000000000, 39.99999999999996447, 50.00000000000000000 ) ) ;
#792 = ORIENTED_EDGE ( 'NONE', *, *, #884, .F. ) ;
#793 = CARTESIAN_POINT ( 'NONE',  ( 102.5000000000000142, 57.99999999999997868, 50.00000000000000000 ) ) ;
#794 = EDGE_CURVE ( 'NONE', #249, #1237, #504, .T. ) ;
#795 = EDGE_LOOP ( 'NONE', ( #376, #868, #1401, #854 ) ) ;
#796 = CARTESIAN_POINT ( 'NONE',  ( 102.5000000000000142, 57.99999999999997868, -60.00000000000001421 ) ) ;
#797 = CARTESIAN_POINT ( 'NONE',  ( 90.00000000000000000, 129.9999999999999716, -50.00000000000000000 ) ) ;
#798 = CARTESIAN_POINT ( 'NONE',  ( 90.00000000000000000, 57.99999999999997868, -60.00000000000001421 ) ) ;
#799 = CARTESIAN_POINT ( 'NONE',  ( 59.99999999999999289, 99.99999999999997158, 50.00000000000000000 ) ) ;
#800 = VECTOR ( 'NONE', #603, 1000.000000000000000 ) ;
#801 = CARTESIAN_POINT ( 'NONE',  ( 264.9999999999999432, 30.00000000000000000, 25.00000000000000000 ) ) ;
#802 = ORIENTED_EDGE ( 'NONE', *, *, #1019, .F. ) ;
#803 = EDGE_CURVE ( 'NONE', #779, #329, #719, .T. ) ;
#804 = ADVANCED_FACE ( 'NONE', ( #724, #605, #56 ), #1177, .T. ) ;
#805 = VECTOR ( 'NONE', #1221, 1000.000000000000000 ) ;
#806 = CARTESIAN_POINT ( 'NONE',  ( 90.00000000000000000, 57.99999999999997868, -25.00000000000000000 ) ) ;
#807 = EDGE_CURVE ( 'NONE', #1187, #21, #291, .T. ) ;
#808 = LINE ( 'NONE', #722, #800 ) ;
#809 = VECTOR ( 'NONE', #195, 1000.000000000000000 ) ;
#810 = CYLINDRICAL_SURFACE ( 'NONE', #107, 49.99999999999998579 ) ;
#811 = EDGE_LOOP ( 'NONE', ( #1072, #173, #457, #1050, #127, #454, #1390, #1195 ) ) ;
#812 = DIRECTION ( 'NONE',  ( -1.000000000000000000, 0.000000000000000000, 0.000000000000000000 ) ) ;
#813 = ADVANCED_FACE ( 'NONE', ( #1273 ), #1186, .F. ) ;
#814 = CIRCLE ( 'NONE', #184, 49.99999999999998579 ) ;
#815 = CARTESIAN_POINT ( 'NONE',  ( 90.00000000000000000, 99.99999999999997158, -50.00000000000000000 ) ) ;
#816 = DIRECTION ( 'NONE',  ( -0.000000000000000000, -0.000000000000000000, 1.000000000000000000 ) ) ;
#817 = CARTESIAN_POINT ( 'NONE',  ( 180.0000000000000000, 99.99999999999998579, 60.00000000000000711 ) ) ;
#818 = AXIS2_PLACEMENT_3D ( 'NONE', #263, #54, #282 ) ;
#819 = VECTOR ( 'NONE', #370, 1000.000000000000000 ) ;
#820 = VERTEX_POINT ( 'NONE', #1063 ) ;
#821 = LINE ( 'NONE', #732, #819 ) ;
#822 = DIRECTION ( 'NONE',  ( 1.000000000000000000, 0.000000000000000000, 0.000000000000000000 ) ) ;
#823 = DIRECTION ( 'NONE',  ( 1.000000000000000000, 0.000000000000000000, 0.000000000000000000 ) ) ;
#824 = EDGE_CURVE ( 'NONE', #948, #301, #62, .T. ) ;
#825 = EDGE_CURVE ( 'NONE', #1187, #731, #930, .T. ) ;
#826 = CARTESIAN_POINT ( 'NONE',  ( 90.00000000000000000, 99.99999999999997158, -60.00000000000001421 ) ) ;
#827 = ORIENTED_EDGE ( 'NONE', *, *, #483, .T. ) ;
#828 = ORIENTED_EDGE ( 'NONE', *, *, #1348, .T. ) ;
#829 = CARTESIAN_POINT ( 'NONE',  ( 0.000000000000000000, 0.000000000000000000, -50.00000000000000000 ) ) ;
#830 = AXIS2_PLACEMENT_3D ( 'NONE', #1454, #1260, #1347 ) ;
#831 = CARTESIAN_POINT ( 'NONE',  ( 130.0000000000000000, 39.99999999999997158, -25.00000000000000000 ) ) ;
#832 = FACE_OUTER_BOUND ( 'NONE', #640, .T. ) ;
#833 = CARTESIAN_POINT ( 'NONE',  ( 2.862462457271767182E-16, 29.99999999999996447, 25.00000000000000000 ) ) ;
#834 = ORIENTED_EDGE ( 'NONE', *, *, #636, .F. ) ;
#835 = ORIENTED_EDGE ( 'NONE', *, *, #1241, .T. ) ;
#836 = EDGE_LOOP ( 'NONE', ( #1031, #1420, #153, #835 ) ) ;
#837 = CARTESIAN_POINT ( 'NONE',  ( 24.99999999999999289, 99.99999999999998579, 25.00000000000000000 ) ) ;
#838 = DIRECTION ( 'NONE',  ( -0.000000000000000000, -0.000000000000000000, -1.000000000000000000 ) ) ;
#839 = ORIENTED_EDGE ( 'NONE', *, *, #865, .F. ) ;
#840 = AXIS2_PLACEMENT_3D ( 'NONE', #276, #401, #1298 ) ;
#841 = ADVANCED_FACE ( 'NONE', ( #1041 ), #36, .F. ) ;
#842 = ORIENTED_EDGE ( 'NONE', *, *, #38, .F. ) ;
#843 = CARTESIAN_POINT ( 'NONE',  ( 60.00000000000000000, 39.99999999999996447, -50.00000000000000000 ) ) ;
#844 = DIRECTION ( 'NONE',  ( -0.000000000000000000, -0.000000000000000000, -1.000000000000000000 ) ) ;
#845 = CARTESIAN_POINT ( 'NONE',  ( 139.9999999999999716, 129.9999999999999716, 50.00000000000000000 ) ) ;
#846 = VECTOR ( 'NONE', #332, 1000.000000000000000 ) ;
#847 = ORIENTED_EDGE ( 'NONE', *, *, #849, .T. ) ;
#848 = CARTESIAN_POINT ( 'NONE',  ( 59.99999999999999289, 129.9999999999999716, 50.00000000000000000 ) ) ;
#849 = EDGE_CURVE ( 'NONE', #820, #1365, #1263, .T. ) ;
#850 = ORIENTED_EDGE ( 'NONE', *, *, #859, .T. ) ;
#851 = CIRCLE ( 'NONE', #896, 12.50000000000001066 ) ;
#852 = DIRECTION ( 'NONE',  ( -0.000000000000000000, -0.000000000000000000, -1.000000000000000000 ) ) ;
#853 = DIRECTION ( 'NONE',  ( -0.000000000000000000, -0.000000000000000000, -1.000000000000000000 ) ) ;
#854 = ORIENTED_EDGE ( 'NONE', *, *, #125, .T. ) ;
#855 = DIRECTION ( 'NONE',  ( -0.000000000000000000, -0.000000000000000000, -1.000000000000000000 ) ) ;
#856 = ORIENTED_EDGE ( 'NONE', *, *, #1294, .T. ) ;
#857 = CARTESIAN_POINT ( 'NONE',  ( 24.99999999999999289, 0.000000000000000000, 25.00000000000000000 ) ) ;
#858 = LINE ( 'NONE', #627, #247 ) ;
#859 = EDGE_CURVE ( 'NONE', #883, #667, #786, .T. ) ;
#860 = ORIENTED_EDGE ( 'NONE', *, *, #341, .F. ) ;
#861 = ORIENTED_EDGE ( 'NONE', *, *, #1185, .T. ) ;
#862 = PRODUCT_DEFINITION_FORMATION_WITH_SPECIFIED_SOURCE ( 'ANY', '', #554, .NOT_KNOWN. ) ;
#863 = CARTESIAN_POINT ( 'NONE',  ( 90.00000000000000000, 129.9999999999999716, 50.00000000000000000 ) ) ;
#864 = CARTESIAN_POINT ( 'NONE',  ( 59.99999999999999289, 39.99999999999997868, -25.00000000000000000 ) ) ;
#865 = EDGE_CURVE ( 'NONE', #1269, #89, #113, .T. ) ;
#866 = EDGE_LOOP ( 'NONE', ( #938, #336 ) ) ;
#867 = CYLINDRICAL_SURFACE ( 'NONE', #1406, 12.49999999999999645 ) ;
#868 = ORIENTED_EDGE ( 'NONE', *, *, #825, .T. ) ;
#869 = AXIS2_PLACEMENT_3D ( 'NONE', #398, #852, #1096 ) ;
#870 = DIRECTION ( 'NONE',  ( -5.782411586589358625E-17, 1.000000000000000000, 0.000000000000000000 ) ) ;
#871 = CARTESIAN_POINT ( 'NONE',  ( 139.9999999999999716, 129.9999999999999716, 25.00000000000000000 ) ) ;
#872 = CIRCLE ( 'NONE', #76, 12.49999999999999645 ) ;
#873 = ORIENTED_EDGE ( 'NONE', *, *, #714, .F. ) ;
#874 = ORIENTED_EDGE ( 'NONE', *, *, #884, .T. ) ;
#875 = DIRECTION ( 'NONE',  ( -1.000000000000000000, -5.781846897957849184E-17, 0.000000000000000000 ) ) ;
#876 = VECTOR ( 'NONE', #463, 1000.000000000000000 ) ;
#877 = DIRECTION ( 'NONE',  ( 0.000000000000000000, 0.000000000000000000, -1.000000000000000000 ) ) ;
#878 = DIRECTION ( 'NONE',  ( -0.000000000000000000, -0.000000000000000000, 1.000000000000000000 ) ) ;
#879 = CIRCLE ( 'NONE', #498, 12.50000000000001066 ) ;
#880 = ORIENTED_EDGE ( 'NONE', *, *, #558, .F. ) ;
#881 = CARTESIAN_POINT ( 'NONE',  ( 24.99999999999999289, 29.99999999999997158, 25.00000000000000000 ) ) ;
#882 = CIRCLE ( 'NONE', #1266, 12.50000000000000355 ) ;
#883 = VERTEX_POINT ( 'NONE', #780 ) ;
#884 = EDGE_CURVE ( 'NONE', #960, #1368, #1239, .T. ) ;
#885 = CARTESIAN_POINT ( 'NONE',  ( 180.0000000000000000, 99.99999999999998579, 50.00000000000000000 ) ) ;
#886 = DIRECTION ( 'NONE',  ( -1.000000000000000000, 0.000000000000000000, 0.000000000000000000 ) ) ;
#887 = CARTESIAN_POINT ( 'NONE',  ( 130.0000000000000000, 39.99999999999997158, 25.00000000000000000 ) ) ;
#888 = AXIS2_PLACEMENT_3D ( 'NONE', #71, #200, #1322 ) ;
#889 = ORIENTED_EDGE ( 'NONE', *, *, #824, .T. ) ;
#890 = ORIENTED_EDGE ( 'NONE', *, *, #66, .T. ) ;
#891 = CYLINDRICAL_SURFACE ( 'NONE', #1396, 12.50000000000001066 ) ;
#892 = DIRECTION ( 'NONE',  ( 1.000000000000000000, 0.000000000000000000, 0.000000000000000000 ) ) ;
#893 = CARTESIAN_POINT ( 'NONE',  ( 102.5000000000000000, 99.99999999999997158, -50.00000000000000000 ) ) ;
#894 = ORIENTED_EDGE ( 'NONE', *, *, #1174, .F. ) ;
#895 = FACE_OUTER_BOUND ( 'NONE', #441, .T. ) ;
#896 = AXIS2_PLACEMENT_3D ( 'NONE', #456, #12, #118 ) ;
#897 = AXIS2_PLACEMENT_3D ( 'NONE', #774, #351, #681 ) ;
#898 = VERTEX_POINT ( 'NONE', #246 ) ;
#899 = DIRECTION ( 'NONE',  ( 0.000000000000000000, 0.000000000000000000, 1.000000000000000000 ) ) ;
#900 = FACE_BOUND ( 'NONE', #1427, .T. ) ;
#901 = ORIENTED_EDGE ( 'NONE', *, *, #584, .F. ) ;
#902 = ADVANCED_FACE ( 'NONE', ( #697 ), #908, .F. ) ;
#903 = PLANE ( 'NONE',  #459 ) ;
#904 = ORIENTED_EDGE ( 'NONE', *, *, #1240, .F. ) ;
#905 = FACE_BOUND ( 'NONE', #866, .T. ) ;
#906 = DIRECTION ( 'NONE',  ( 0.000000000000000000, 0.000000000000000000, -1.000000000000000000 ) ) ;
#907 = AXIS2_PLACEMENT_3D ( 'NONE', #1400, #596, #933 ) ;
#908 = CYLINDRICAL_SURFACE ( 'NONE', #1382, 12.49999999999999645 ) ;
#909 = EDGE_CURVE ( 'NONE', #1334, #1076, #814, .T. ) ;
#910 = CARTESIAN_POINT ( 'NONE',  ( 2.862462457271767182E-16, 29.99999999999996447, 50.00000000000000000 ) ) ;
#911 = ORIENTED_EDGE ( 'NONE', *, *, #968, .F. ) ;
#912 = CARTESIAN_POINT ( 'NONE',  ( 59.99999999999999289, 99.99999999999997158, 50.00000000000000000 ) ) ;
#913 = DIRECTION ( 'NONE',  ( -5.782411586589358625E-17, 1.000000000000000000, 0.000000000000000000 ) ) ;
#914 = ORIENTED_EDGE ( 'NONE', *, *, #242, .T. ) ;
#915 = CARTESIAN_POINT ( 'NONE',  ( 49.99999999999999289, 39.99999999999996447, 50.00000000000000000 ) ) ;
#916 = DIRECTION ( 'NONE',  ( 0.000000000000000000, 0.000000000000000000, 1.000000000000000000 ) ) ;
#917 = VECTOR ( 'NONE', #574, 1000.000000000000000 ) ;
#918 = ORIENTED_EDGE ( 'NONE', *, *, #421, .F. ) ;
#919 = DIRECTION ( 'NONE',  ( 1.000000000000000000, 0.000000000000000000, 0.000000000000000000 ) ) ;
#920 = EDGE_CURVE ( 'NONE', #423, #1371, #128, .T. ) ;
#921 = VECTOR ( 'NONE', #508, 1000.000000000000000 ) ;
#922 = DIRECTION ( 'NONE',  ( 9.541541524239236780E-18, 1.000000000000000000, -0.000000000000000000 ) ) ;
#923 = CARTESIAN_POINT ( 'NONE',  ( 130.0000000000000000, 39.99999999999997158, -25.00000000000000000 ) ) ;
#924 = CARTESIAN_POINT ( 'NONE',  ( 260.0000000000000000, 0.000000000000000000, 0.000000000000000000 ) ) ;
#925 = AXIS2_PLACEMENT_3D ( 'NONE', #458, #1357, #138 ) ;
#926 = LINE ( 'NONE', #1254, #1261 ) ;
#927 = ORIENTED_EDGE ( 'NONE', *, *, #179, .T. ) ;
#928 = EDGE_CURVE ( 'NONE', #445, #965, #353, .T. ) ;
#929 = PLANE ( 'NONE',  #1272 ) ;
#930 = CIRCLE ( 'NONE', #1142, 12.50000000000000355 ) ;
#931 = ORIENTED_EDGE ( 'NONE', *, *, #1219, .T. ) ;
#932 = DIRECTION ( 'NONE',  ( -6.938893903907228378E-17, 1.000000000000000000, 0.000000000000000000 ) ) ;
#933 = DIRECTION ( 'NONE',  ( 0.000000000000000000, 0.000000000000000000, 1.000000000000000000 ) ) ;
#934 = AXIS2_PLACEMENT_3D ( 'NONE', #529, #61, #1429 ) ;
#935 = VERTEX_POINT ( 'NONE', #1027 ) ;
#936 = ORIENTED_EDGE ( 'NONE', *, *, #1124, .T. ) ;
#937 = DIRECTION ( 'NONE',  ( 0.000000000000000000, -1.000000000000000000, 0.000000000000000000 ) ) ;
#938 = ORIENTED_EDGE ( 'NONE', *, *, #1258, .T. ) ;
#939 = CARTESIAN_POINT ( 'NONE',  ( 130.0000000000000000, 39.99999999999997158, -25.00000000000000000 ) ) ;
#940 = FACE_OUTER_BOUND ( 'NONE', #836, .T. ) ;
#941 = ORIENTED_EDGE ( 'NONE', *, *, #1148, .T. ) ;
#942 = VERTEX_POINT ( 'NONE', #22 ) ;
#943 = AXIS2_PLACEMENT_3D ( 'NONE', #573, #18, #875 ) ;
#944 = CARTESIAN_POINT ( 'NONE',  ( 180.0000000000000000, 99.99999999999998579, 60.00000000000000711 ) ) ;
#945 = DIRECTION ( 'NONE',  ( 1.000000000000000000, 0.000000000000000000, 0.000000000000000000 ) ) ;
#946 = EDGE_CURVE ( 'NONE', #1121, #531, #502, .T. ) ;
#947 = DIRECTION ( 'NONE',  ( 1.000000000000000000, 6.938893903907228378E-17, -0.000000000000000000 ) ) ;
#948 = VERTEX_POINT ( 'NONE', #484 ) ;
#949 = VERTEX_POINT ( 'NONE', #595 ) ;
#950 = CIRCLE ( 'NONE', #320, 12.49999999999999645 ) ;
#951 = CARTESIAN_POINT ( 'NONE',  ( 290.0000000000000000, 0.000000000000000000, 50.00000000000000000 ) ) ;
#952 = DIRECTION ( 'NONE',  ( -9.541541524239236780E-18, -1.000000000000000000, 0.000000000000000000 ) ) ;
#953 = PLANE ( 'NONE',  #19 ) ;
#954 = EDGE_CURVE ( 'NONE', #368, #334, #1068, .T. ) ;
#955 = EDGE_CURVE ( 'NONE', #31, #222, #497, .T. ) ;
#956 = ORIENTED_EDGE ( 'NONE', *, *, #1036, .T. ) ;
#957 = AXIS2_PLACEMENT_3D ( 'NONE', #801, #43, #1284 ) ;
#958 = VECTOR ( 'NONE', #213, 1000.000000000000000 ) ;
#959 = VECTOR ( 'NONE', #525, 1000.000000000000000 ) ;
#960 = VERTEX_POINT ( 'NONE', #1392 ) ;
#961 = FACE_OUTER_BOUND ( 'NONE', #1089, .T. ) ;
#962 = CARTESIAN_POINT ( 'NONE',  ( 0.000000000000000000, 0.000000000000000000, 50.00000000000000000 ) ) ;
#963 = DIRECTION ( 'NONE',  ( 1.000000000000000000, 0.000000000000000000, 0.000000000000000000 ) ) ;
#964 = CIRCLE ( 'NONE', #26, 30.00000000000000000 ) ;
#965 = VERTEX_POINT ( 'NONE', #609 ) ;
#966 = CARTESIAN_POINT ( 'NONE',  ( 180.0000000000010516, 99.99999999999964473, 25.00000000000000000 ) ) ;
#967 = ORIENTED_EDGE ( 'NONE', *, *, #955, .F. ) ;
#968 = EDGE_CURVE ( 'NONE', #279, #642, #718, .T. ) ;
#969 = DIRECTION ( 'NONE',  ( 1.000000000000000000, 0.000000000000000000, 0.000000000000000000 ) ) ;
#970 = CARTESIAN_POINT ( 'NONE',  ( 210.0000000000000000, 99.99999999999998579, -60.00000000000000711 ) ) ;
#971 = CIRCLE ( 'NONE', #568, 12.50000000000000000 ) ;
#972 = ORIENTED_EDGE ( 'NONE', *, *, #362, .F. ) ;
#973 = CARTESIAN_POINT ( 'NONE',  ( 90.00000000000000000, 57.99999999999997868, -50.00000000000000000 ) ) ;
#974 = VERTEX_POINT ( 'NONE', #42 ) ;
#975 = FACE_OUTER_BOUND ( 'NONE', #415, .T. ) ;
#976 = DIRECTION ( 'NONE',  ( -0.000000000000000000, -1.000000000000000000, -0.000000000000000000 ) ) ;
#977 = CARTESIAN_POINT ( 'NONE',  ( 272.5000000000000000, 0.000000000000000000, 1.530808498934191127E-15 ) ) ;
#978 = ORIENTED_EDGE ( 'NONE', *, *, #387, .F. ) ;
#979 = CARTESIAN_POINT ( 'NONE',  ( 90.00000000000000000, 99.99999999999997158, 50.00000000000000000 ) ) ;
#980 = VERTEX_POINT ( 'NONE', #1047 ) ;
#981 = CARTESIAN_POINT ( 'NONE',  ( 229.9999999999999716, 29.99999999999999289, 50.00000000000000000 ) ) ;
#982 = DIRECTION ( 'NONE',  ( -9.912705577010326782E-17, -1.000000000000000000, 0.000000000000000000 ) ) ;
#983 = EDGE_LOOP ( 'NONE', ( #149, #749, #103, #13 ) ) ;
#984 = DIRECTION ( 'NONE',  ( 0.000000000000000000, 0.000000000000000000, 1.000000000000000000 ) ) ;
#985 = ORIENTED_EDGE ( 'NONE', *, *, #778, .F. ) ;
#986 = AXIS2_PLACEMENT_3D ( 'NONE', #944, #1378, #254 ) ;
#987 = CARTESIAN_POINT ( 'NONE',  ( 30.00000000000000711, -0.001000000000018347324, 0.000000000000000000 ) ) ;
#988 = CARTESIAN_POINT ( 'NONE',  ( 90.00000000000000000, 99.99999999999997158, -25.00000000000000000 ) ) ;
#989 = PRODUCT_DEFINITION_SHAPE ( 'NONE', 'NONE',  #1302 ) ;
#990 = EDGE_CURVE ( 'NONE', #731, #1187, #882, .T. ) ;
#991 = AXIS2_PLACEMENT_3D ( 'NONE', #83, #527, #204 ) ;
#992 = ORIENTED_EDGE ( 'NONE', *, *, #1011, .F. ) ;
#993 = CARTESIAN_POINT ( 'NONE',  ( 290.0000000000000000, 0.000000000000000000, 25.00000000000000000 ) ) ;
#994 = ORIENTED_EDGE ( 'NONE', *, *, #1061, .T. ) ;
#995 = AXIS2_PLACEMENT_3D ( 'NONE', #817, #916, #1114 ) ;
#996 = LINE ( 'NONE', #661, #917 ) ;
#997 = CARTESIAN_POINT ( 'NONE',  ( 229.9999999999999716, 39.99999999999999289, 50.00000000000000000 ) ) ;
#998 = ORIENTED_EDGE ( 'NONE', *, *, #1164, .T. ) ;
#999 = FACE_OUTER_BOUND ( 'NONE', #1197, .T. ) ;
#1000 = ADVANCED_FACE ( 'NONE', ( #275, #832 ), #711, .T. ) ;
#1001 = EDGE_LOOP ( 'NONE', ( #1344, #1200, #49, #1099 ) ) ;
#1002 =( NAMED_UNIT ( * ) SI_UNIT ( $, .STERADIAN. ) SOLID_ANGLE_UNIT ( ) );
#1003 = DIRECTION ( 'NONE',  ( 0.000000000000000000, 0.000000000000000000, 1.000000000000000000 ) ) ;
#1004 = DIRECTION ( 'NONE',  ( -1.000000000000000000, 0.000000000000000000, 0.000000000000000000 ) ) ;
#1005 = AXIS2_PLACEMENT_3D ( 'NONE', #837, #723, #393 ) ;
#1006 = AXIS2_PLACEMENT_3D ( 'NONE', #1325, #1426, #308 ) ;
#1007 = ORIENTED_EDGE ( 'NONE', *, *, #1115, .T. ) ;
#1008 = DIRECTION ( 'NONE',  ( -1.000000000000000000, 0.000000000000000000, 0.000000000000000000 ) ) ;
#1009 = ORIENTED_EDGE ( 'NONE', *, *, #1171, .T. ) ;
#1010 = CARTESIAN_POINT ( 'NONE',  ( 24.99999999999999645, 0.000000000000000000, -25.00000000000000711 ) ) ;
#1011 = EDGE_CURVE ( 'NONE', #82, #734, #177, .T. ) ;
#1012 = CARTESIAN_POINT ( 'NONE',  ( 24.99999999999999289, 29.99999999999996447, -50.00000000000000000 ) ) ;
#1013 = EDGE_LOOP ( 'NONE', ( #216, #321, #67, #785 ) ) ;
#1014 = DIRECTION ( 'NONE',  ( 1.000000000000000000, 0.000000000000000000, 0.000000000000000000 ) ) ;
#1015 = DIRECTION ( 'NONE',  ( -0.000000000000000000, -0.000000000000000000, 1.000000000000000000 ) ) ;
#1016 = ORIENTED_EDGE ( 'NONE', *, *, #252, .T. ) ;
#1017 = CARTESIAN_POINT ( 'NONE',  ( 180.0000000000000000, 99.99999999999998579, 50.00000000000000000 ) ) ;
#1018 = CARTESIAN_POINT ( 'NONE',  ( 240.0000000000000000, 29.99999999999999289, 50.00000000000000000 ) ) ;
#1019 = EDGE_CURVE ( 'NONE', #31, #898, #1168, .T. ) ;
#1020 = EDGE_CURVE ( 'NONE', #105, #717, #1283, .T. ) ;
#1021 = CARTESIAN_POINT ( 'NONE',  ( 59.99999999999999289, 39.99999999999997868, -25.00000000000000000 ) ) ;
#1022 = ORIENTED_EDGE ( 'NONE', *, *, #617, .T. ) ;
#1023 = DIRECTION ( 'NONE',  ( 1.000000000000000000, 0.000000000000000000, 0.000000000000000000 ) ) ;
#1024 = CARTESIAN_POINT ( 'NONE',  ( 139.9999999999999716, 129.9999999999999716, 50.00000000000000000 ) ) ;
#1025 = AXIS2_PLACEMENT_3D ( 'NONE', #165, #375, #712 ) ;
#1026 = EDGE_LOOP ( 'NONE', ( #219, #510, #339, #834, #1160, #197 ) ) ;
#1027 = CARTESIAN_POINT ( 'NONE',  ( 77.50000000000000000, 99.99999999999997158, 25.00000000000000711 ) ) ;
#1028 = AXIS2_PLACEMENT_3D ( 'NONE', #979, #539, #73 ) ;
#1029 = EDGE_CURVE ( 'NONE', #974, #423, #1450, .T. ) ;
#1030 = FACE_OUTER_BOUND ( 'NONE', #402, .T. ) ;
#1031 = ORIENTED_EDGE ( 'NONE', *, *, #491, .F. ) ;
#1032 = LINE ( 'NONE', #260, #701 ) ;
#1033 = VECTOR ( 'NONE', #1235, 1000.000000000000000 ) ;
#1034 = LINE ( 'NONE', #3, #297 ) ;
#1035 = VECTOR ( 'NONE', #790, 1000.000000000000000 ) ;
#1036 = EDGE_CURVE ( 'NONE', #1308, #1087, #1176, .T. ) ;
#1037 = EDGE_LOOP ( 'NONE', ( #635, #350, #226, #911 ) ) ;
#1038 = CARTESIAN_POINT ( 'NONE',  ( 90.00000000000000000, 57.99999999999997868, 25.00000000000000711 ) ) ;
#1039 = DIRECTION ( 'NONE',  ( 0.000000000000000000, 0.000000000000000000, -1.000000000000000000 ) ) ;
#1040 = PLANE ( 'NONE',  #63 ) ;
#1041 = FACE_OUTER_BOUND ( 'NONE', #1202, .T. ) ;
#1042 = VERTEX_POINT ( 'NONE', #379 ) ;
#1043 = STYLED_ITEM ( 'NONE', ( #594 ), #2 ) ;
#1044 = ORIENTED_EDGE ( 'NONE', *, *, #1061, .F. ) ;
#1045 = CARTESIAN_POINT ( 'NONE',  ( 180.0000000000000000, 99.99999999999998579, -50.00000000000000000 ) ) ;
#1046 = FILL_AREA_STYLE_COLOUR ( '', #228 ) ;
#1047 = CARTESIAN_POINT ( 'NONE',  ( 90.00000000000000000, 129.9999999999999716, 50.00000000000000000 ) ) ;
#1048 = CARTESIAN_POINT ( 'NONE',  ( 229.9999999999999716, 99.99999999999998579, 50.00000000000000000 ) ) ;
#1049 = ORIENTED_EDGE ( 'NONE', *, *, #990, .F. ) ;
#1050 = ORIENTED_EDGE ( 'NONE', *, *, #643, .T. ) ;
#1051 = DIRECTION ( 'NONE',  ( -0.000000000000000000, -0.000000000000000000, 1.000000000000000000 ) ) ;
#1052 = ADVANCED_FACE ( 'NONE', ( #1399 ), #385, .T. ) ;
#1053 = SURFACE_SIDE_STYLE ('',( #476 ) ) ;
#1054 = CARTESIAN_POINT ( 'NONE',  ( 229.9999999999999716, 99.99999999999998579, 50.00000000000000000 ) ) ;
#1055 = LINE ( 'NONE', #1048, #1094 ) ;
#1056 = VECTOR ( 'NONE', #70, 1000.000000000000000 ) ;
#1057 = ORIENTED_EDGE ( 'NONE', *, *, #1071, .F. ) ;
#1058 = CIRCLE ( 'NONE', #1133, 10.00000000000000178 ) ;
#1059 = FILL_AREA_STYLE ('',( #1046 ) ) ;
#1060 = CARTESIAN_POINT ( 'NONE',  ( 139.9999999999999716, 129.9999999999999716, 50.00000000000000000 ) ) ;
#1061 = EDGE_CURVE ( 'NONE', #503, #437, #1288, .T. ) ;
#1062 = EDGE_CURVE ( 'NONE', #1402, #1087, #1074, .T. ) ;
#1063 = CARTESIAN_POINT ( 'NONE',  ( 264.9999999999999432, 29.99999999999999645, -50.00000000000000000 ) ) ;
#1064 = AXIS2_PLACEMENT_3D ( 'NONE', #256, #232, #698 ) ;
#1065 = ORIENTED_EDGE ( 'NONE', *, *, #1011, .T. ) ;
#1066 = CARTESIAN_POINT ( 'NONE',  ( 90.00000000000000000, 57.99999999999997868, -60.00000000000001421 ) ) ;
#1067 = CARTESIAN_POINT ( 'NONE',  ( 102.5000000000000142, 57.99999999999997868, -25.00000000000000000 ) ) ;
#1068 = CIRCLE ( 'NONE', #479, 49.99999999999998579 ) ;
#1069 = UNCERTAINTY_MEASURE_WITH_UNIT (LENGTH_MEASURE( 1.000000000000000082E-05 ), #1276, 'distance_accuracy_value', 'NONE');
#1070 = DIRECTION ( 'NONE',  ( -5.782411586589358625E-17, 1.000000000000000000, -0.000000000000000000 ) ) ;
#1071 = EDGE_CURVE ( 'NONE', #708, #303, #1184, .T. ) ;
#1072 = ORIENTED_EDGE ( 'NONE', *, *, #1329, .T. ) ;
#1073 = DIRECTION ( 'NONE',  ( -1.000000000000000000, 0.000000000000000000, 0.000000000000000000 ) ) ;
#1074 = CIRCLE ( 'NONE', #1270, 12.49999999999999645 ) ;
#1075 = VECTOR ( 'NONE', #1300, 1000.000000000000000 ) ;
#1076 = VERTEX_POINT ( 'NONE', #150 ) ;
#1077 = DIRECTION ( 'NONE',  ( -0.000000000000000000, -0.000000000000000000, 1.000000000000000000 ) ) ;
#1078 = CARTESIAN_POINT ( 'NONE',  ( 59.99999999999999289, 99.99999999999997158, -50.00000000000000000 ) ) ;
#1079 = ADVANCED_FACE ( 'NONE', ( #589 ), #1040, .F. ) ;
#1080 = EDGE_CURVE ( 'NONE', #531, #948, #1387, .T. ) ;
#1081 = ORIENTED_EDGE ( 'NONE', *, *, #135, .F. ) ;
#1082 = DIRECTION ( 'NONE',  ( -1.000000000000000000, 0.000000000000000000, 0.000000000000000000 ) ) ;
#1083 = AXIS2_PLACEMENT_3D ( 'NONE', #1066, #626, #413 ) ;
#1084 = FACE_OUTER_BOUND ( 'NONE', #465, .T. ) ;
#1085 = FACE_BOUND ( 'NONE', #208, .T. ) ;
#1086 = CIRCLE ( 'NONE', #830, 49.99999999999998579 ) ;
#1087 = VERTEX_POINT ( 'NONE', #324 ) ;
#1088 = DIRECTION ( 'NONE',  ( -0.000000000000000000, -0.000000000000000000, 1.000000000000000000 ) ) ;
#1089 = EDGE_LOOP ( 'NONE', ( #429, #384, #286, #792 ) ) ;
#1090 = LINE ( 'NONE', #534, #1280 ) ;
#1091 = CARTESIAN_POINT ( 'NONE',  ( 180.0000000000000000, 99.99999999999998579, -50.00000000000000000 ) ) ;
#1092 = ORIENTED_EDGE ( 'NONE', *, *, #794, .F. ) ;
#1093 = LINE ( 'NONE', #90, #1377 ) ;
#1094 = VECTOR ( 'NONE', #1290, 1000.000000000000000 ) ;
#1095 = ORIENTED_EDGE ( 'NONE', *, *, #920, .T. ) ;
#1096 = DIRECTION ( 'NONE',  ( 1.000000000000000000, 0.000000000000000000, 0.000000000000000000 ) ) ;
#1097 = CARTESIAN_POINT ( 'NONE',  ( 290.0000000000000000, 0.000000000000000000, 25.00000000000000000 ) ) ;
#1098 = ADVANCED_FACE ( 'NONE', ( #79, #317, #206 ), #737, .F. ) ;
#1099 = ORIENTED_EDGE ( 'NONE', *, *, #390, .F. ) ;
#1100 = LINE ( 'NONE', #629, #1340 ) ;
#1101 = EDGE_LOOP ( 'NONE', ( #860, #850, #480, #1286 ) ) ;
#1102 = CARTESIAN_POINT ( 'NONE',  ( 90.00000000000000000, 57.99999999999997868, -60.00000000000001421 ) ) ;
#1103 = CARTESIAN_POINT ( 'NONE',  ( 60.00000000000000000, 29.99999999999996803, -50.00000000000000000 ) ) ;
#1104 = DIRECTION ( 'NONE',  ( -0.000000000000000000, -0.000000000000000000, -1.000000000000000000 ) ) ;
#1105 = AXIS2_PLACEMENT_3D ( 'NONE', #406, #1296, #522 ) ;
#1106 = ORIENTED_EDGE ( 'NONE', *, *, #223, .T. ) ;
#1107 = ADVANCED_FACE ( 'NONE', ( #427 ), #744, .F. ) ;
#1108 = VECTOR ( 'NONE', #1051, 1000.000000000000000 ) ;
#1109 = EDGE_LOOP ( 'NONE', ( #1395, #234 ) ) ;
#1110 = CARTESIAN_POINT ( 'NONE',  ( 90.00000000000000000, 129.9999999999999716, 25.00000000000000000 ) ) ;
#1111 = ORIENTED_EDGE ( 'NONE', *, *, #179, .F. ) ;
#1112 = CIRCLE ( 'NONE', #473, 25.00000000000000000 ) ;
#1113 = CARTESIAN_POINT ( 'NONE',  ( 90.00000000000000000, 99.99999999999997158, 25.00000000000000000 ) ) ;
#1114 = DIRECTION ( 'NONE',  ( 1.000000000000000000, 0.000000000000000000, 0.000000000000000000 ) ) ;
#1115 = EDGE_CURVE ( 'NONE', #1087, #1402, #624, .T. ) ;
#1116 = VECTOR ( 'NONE', #687, 1000.000000000000000 ) ;
#1117 = EDGE_LOOP ( 'NONE', ( #167, #623, #1443, #842 ) ) ;
#1118 = CYLINDRICAL_SURFACE ( 'NONE', #610, 12.50000000000000000 ) ;
#1119 = DIRECTION ( 'NONE',  ( 0.000000000000000000, 0.000000000000000000, 1.000000000000000000 ) ) ;
#1120 = CYLINDRICAL_SURFACE ( 'NONE', #542, 12.50000000000001066 ) ;
#1121 = VERTEX_POINT ( 'NONE', #970 ) ;
#1122 = DIRECTION ( 'NONE',  ( 1.000000000000000000, 5.782411586589358625E-17, 0.000000000000000000 ) ) ;
#1123 = ORIENTED_EDGE ( 'NONE', *, *, #1268, .T. ) ;
#1124 = EDGE_CURVE ( 'NONE', #820, #309, #311, .T. ) ;
#1125 = ADVANCED_FACE ( 'NONE', ( #1085, #193 ), #1417, .T. ) ;
#1126 = CARTESIAN_POINT ( 'NONE',  ( 77.50000000000000000, 99.99999999999997158, -25.00000000000000000 ) ) ;
#1127 = DIRECTION ( 'NONE',  ( -1.000000000000000000, 0.000000000000000000, 0.000000000000000000 ) ) ;
#1128 = DIRECTION ( 'NONE',  ( 1.000000000000000000, 0.000000000000000000, 0.000000000000000000 ) ) ;
#1129 = CIRCLE ( 'NONE', #1178, 25.00000000000000355 ) ;
#1130 = ORIENTED_EDGE ( 'NONE', *, *, #331, .F. ) ;
#1131 = CARTESIAN_POINT ( 'NONE',  ( 180.0000000000000000, 99.99999999999998579, 50.00000000000000000 ) ) ;
#1132 = CARTESIAN_POINT ( 'NONE',  ( 30.00000000000000355, 29.99999999999996803, 0.000000000000000000 ) ) ;
#1133 = AXIS2_PLACEMENT_3D ( 'NONE', #685, #133, #575 ) ;
#1134 = ORIENTED_EDGE ( 'NONE', *, *, #1268, .F. ) ;
#1135 = DIRECTION ( 'NONE',  ( 1.000000000000000000, 0.000000000000000000, 0.000000000000000000 ) ) ;
#1136 = DIRECTION ( 'NONE',  ( 0.000000000000000000, 0.000000000000000000, 1.000000000000000000 ) ) ;
#1137 = ORIENTED_EDGE ( 'NONE', *, *, #380, .T. ) ;
#1138 = CARTESIAN_POINT ( 'NONE',  ( 42.50000000000000711, -0.001000000000017624594, 1.530808498934191521E-15 ) ) ;
#1139 = VECTOR ( 'NONE', #293, 1000.000000000000000 ) ;
#1140 = CARTESIAN_POINT ( 'NONE',  ( 102.5000000000000142, 57.99999999999997868, -60.00000000000001421 ) ) ;
#1141 = VERTEX_POINT ( 'NONE', #752 ) ;
#1142 = AXIS2_PLACEMENT_3D ( 'NONE', #265, #707, #1155 ) ;
#1143 = CYLINDRICAL_SURFACE ( 'NONE', #1006, 30.00000000000000000 ) ;
#1144 = LINE ( 'NONE', #829, #516 ) ;
#1145 = CIRCLE ( 'NONE', #769, 49.99999999999998579 ) ;
#1146 = ORIENTED_EDGE ( 'NONE', *, *, #682, .F. ) ;
#1147 = VECTOR ( 'NONE', #1437, 1000.000000000000000 ) ;
#1148 = EDGE_CURVE ( 'NONE', #89, #1398, #419, .T. ) ;
#1149 = AXIS2_PLACEMENT_3D ( 'NONE', #806, #41, #812 ) ;
#1150 = CARTESIAN_POINT ( 'NONE',  ( 77.50000000000000000, 99.99999999999997158, -50.00000000000000000 ) ) ;
#1151 = VERTEX_POINT ( 'NONE', #871 ) ;
#1152 = DIRECTION ( 'NONE',  ( 1.000000000000000000, 0.000000000000000000, 0.000000000000000000 ) ) ;
#1153 = CARTESIAN_POINT ( 'NONE',  ( 130.0000000000000000, 99.99999999999998579, 50.00000000000000000 ) ) ;
#1154 = DIRECTION ( 'NONE',  ( 9.541541524239236780E-18, 1.000000000000000000, -0.000000000000000000 ) ) ;
#1155 = DIRECTION ( 'NONE',  ( 0.000000000000000000, 0.000000000000000000, 1.000000000000000000 ) ) ;
#1156 = AXIS2_PLACEMENT_3D ( 'NONE', #743, #192, #60 ) ;
#1157 = VERTEX_POINT ( 'NONE', #1067 ) ;
#1158 = AXIS2_PLACEMENT_3D ( 'NONE', #1010, #1216, #211 ) ;
#1159 = CARTESIAN_POINT ( 'NONE',  ( 2.862462457271767182E-16, 29.99999999999995737, 25.00000000000000000 ) ) ;
#1160 = ORIENTED_EDGE ( 'NONE', *, *, #1327, .F. ) ;
#1161 = CARTESIAN_POINT ( 'NONE',  ( 180.0000000000000000, 99.99999999999998579, -50.00000000000000000 ) ) ;
#1162 = CARTESIAN_POINT ( 'NONE',  ( 2.862462457271767182E-16, 29.99999999999996447, 50.00000000000000000 ) ) ;
#1163 = ORIENTED_EDGE ( 'NONE', *, *, #1020, .F. ) ;
#1164 = EDGE_CURVE ( 'NONE', #642, #245, #1211, .T. ) ;
#1165 = EDGE_LOOP ( 'NONE', ( #1328, #1134 ) ) ;
#1166 = CARTESIAN_POINT ( 'NONE',  ( 139.9999999999999716, 129.9999999999999716, 50.00000000000000000 ) ) ;
#1167 = SURFACE_STYLE_USAGE ( .BOTH. , #1053 ) ;
#1168 = LINE ( 'NONE', #1403, #438 ) ;
#1169 = LINE ( 'NONE', #845, #325 ) ;
#1170 = VERTEX_POINT ( 'NONE', #1078 ) ;
#1171 = EDGE_CURVE ( 'NONE', #309, #249, #1204, .T. ) ;
#1172 = ORIENTED_EDGE ( 'NONE', *, *, #15, .T. ) ;
#1173 = EDGE_CURVE ( 'NONE', #980, #445, #700, .T. ) ;
#1174 = EDGE_CURVE ( 'NONE', #547, #546, #399, .T. ) ;
#1175 = LINE ( 'NONE', #951, #47 ) ;
#1176 = LINE ( 'NONE', #365, #555 ) ;
#1177 = PLANE ( 'NONE',  #1025 ) ;
#1178 = AXIS2_PLACEMENT_3D ( 'NONE', #1210, #205, #969 ) ;
#1179 = ORIENTED_EDGE ( 'NONE', *, *, #388, .F. ) ;
#1180 = ORIENTED_EDGE ( 'NONE', *, *, #865, .T. ) ;
#1181 = CARTESIAN_POINT ( 'NONE',  ( 102.5000000000000142, 57.99999999999997868, 25.00000000000000711 ) ) ;
#1182 = VECTOR ( 'NONE', #1104, 1000.000000000000000 ) ;
#1183 = LINE ( 'NONE', #863, #466 ) ;
#1184 = LINE ( 'NONE', #1271, #259 ) ;
#1185 = EDGE_CURVE ( 'NONE', #1151, #526, #646, .T. ) ;
#1186 = CYLINDRICAL_SURFACE ( 'NONE', #140, 10.00000000000000888 ) ;
#1187 = VERTEX_POINT ( 'NONE', #977 ) ;
#1188 = FACE_OUTER_BOUND ( 'NONE', #1026, .T. ) ;
#1189 = ORIENTED_EDGE ( 'NONE', *, *, #331, .T. ) ;
#1190 = CARTESIAN_POINT ( 'NONE',  ( 264.9999999999999432, 29.99999999999999645, -25.00000000000000711 ) ) ;
#1191 = DIRECTION ( 'NONE',  ( -0.000000000000000000, -0.000000000000000000, 1.000000000000000000 ) ) ;
#1192 = DIRECTION ( 'NONE',  ( -0.000000000000000000, -0.000000000000000000, -1.000000000000000000 ) ) ;
#1193 = VECTOR ( 'NONE', #255, 1000.000000000000000 ) ;
#1194 = EDGE_CURVE ( 'NONE', #1350, #572, #523, .T. ) ;
#1195 = ORIENTED_EDGE ( 'NONE', *, *, #1384, .T. ) ;
#1196 = CARTESIAN_POINT ( 'NONE',  ( 140.0000000000000000, 129.9999999999999716, -50.00000000000000000 ) ) ;
#1197 = EDGE_LOOP ( 'NONE', ( #1381, #1057, #614, #488 ) ) ;
#1198 = CYLINDRICAL_SURFACE ( 'NONE', #1156, 12.50000000000001066 ) ;
#1199 = DIRECTION ( 'NONE',  ( -1.000000000000000000, -1.156482317317871478E-16, 0.000000000000000000 ) ) ;
#1200 = ORIENTED_EDGE ( 'NONE', *, *, #530, .F. ) ;
#1201 = DIRECTION ( 'NONE',  ( -1.000000000000000000, 0.000000000000000000, 0.000000000000000000 ) ) ;
#1202 = EDGE_LOOP ( 'NONE', ( #1, #663, #81, #25 ) ) ;
#1203 = CARTESIAN_POINT ( 'NONE',  ( 49.99999999999999289, 29.99999999999996803, 50.00000000000000000 ) ) ;
#1204 = LINE ( 'NONE', #1332, #1338 ) ;
#1205 = AXIS2_PLACEMENT_3D ( 'NONE', #220, #567, #660 ) ;
#1206 = ORIENTED_EDGE ( 'NONE', *, *, #464, .T. ) ;
#1207 = CYLINDRICAL_SURFACE ( 'NONE', #1217, 25.00000000000000355 ) ;
#1208 = ORIENTED_EDGE ( 'NONE', *, *, #1341, .F. ) ;
#1209 = EDGE_CURVE ( 'NONE', #935, #547, #872, .T. ) ;
#1210 = CARTESIAN_POINT ( 'NONE',  ( 24.99999999999999645, 29.99999999999996447, -25.00000000000000711 ) ) ;
#1211 = LINE ( 'NONE', #962, #1147 ) ;
#1212 = ORIENTED_EDGE ( 'NONE', *, *, #824, .F. ) ;
#1213 = DIRECTION ( 'NONE',  ( 1.000000000000000000, 0.000000000000000000, 0.000000000000000000 ) ) ;
#1214 = CIRCLE ( 'NONE', #1289, 30.00000000000000000 ) ;
#1215 = ORIENTED_EDGE ( 'NONE', *, *, #1080, .F. ) ;
#1216 = DIRECTION ( 'NONE',  ( -0.000000000000000000, -1.000000000000000000, -0.000000000000000000 ) ) ;
#1217 = AXIS2_PLACEMENT_3D ( 'NONE', #1312, #96, #1318 ) ;
#1218 = EDGE_CURVE ( 'NONE', #222, #503, #450, .T. ) ;
#1219 = EDGE_CURVE ( 'NONE', #460, #105, #858, .T. ) ;
#1220 = DIRECTION ( 'NONE',  ( -0.000000000000000000, -0.000000000000000000, -1.000000000000000000 ) ) ;
#1221 = DIRECTION ( 'NONE',  ( -0.000000000000000000, -0.000000000000000000, 1.000000000000000000 ) ) ;
#1222 = EDGE_LOOP ( 'NONE', ( #557, #659 ) ) ;
#1223 = ORIENTED_EDGE ( 'NONE', *, *, #23, .F. ) ;
#1224 = DIRECTION ( 'NONE',  ( -5.782411586589358625E-17, 1.000000000000000000, -0.000000000000000000 ) ) ;
#1225 = VECTOR ( 'NONE', #543, 1000.000000000000000 ) ;
#1226 = ORIENTED_EDGE ( 'NONE', *, *, #825, .F. ) ;
#1227 = FACE_BOUND ( 'NONE', #411, .T. ) ;
#1228 = CARTESIAN_POINT ( 'NONE',  ( 90.00000000000000000, 99.99999999999997158, 50.00000000000000000 ) ) ;
#1229 = LINE ( 'NONE', #653, #1182 ) ;
#1230 = ORIENTED_EDGE ( 'NONE', *, *, #693, .F. ) ;
#1231 = ADVANCED_FACE ( 'NONE', ( #306 ), #1120, .F. ) ;
#1232 = CARTESIAN_POINT ( 'NONE',  ( 229.9999999999999716, 99.99999999999998579, -60.00000000000000711 ) ) ;
#1233 = EDGE_LOOP ( 'NONE', ( #998, #1106, #570, #139, #1292, #586, #1243, #549, #1425, #1206, #1180, #1385, #266 ) ) ;
#1234 = APPLICATION_PROTOCOL_DEFINITION ( 'draft international standard', 'automotive_design', 1998, #59 ) ;
#1235 = DIRECTION ( 'NONE',  ( -1.000000000000000000, -5.782411586589357392E-17, 0.000000000000000000 ) ) ;
#1236 = CARTESIAN_POINT ( 'NONE',  ( 90.00000000000000000, 99.99999999999997158, 50.00000000000000000 ) ) ;
#1237 = VERTEX_POINT ( 'NONE', #997 ) ;
#1238 = PRODUCT_DEFINITION_CONTEXT ( 'detailed design', #436, 'design' ) ;
#1239 = LINE ( 'NONE', #143, #553 ) ;
#1240 = EDGE_CURVE ( 'NONE', #1398, #160, #1058, .T. ) ;
#1241 = EDGE_CURVE ( 'NONE', #546, #747, #102, .T. ) ;
#1242 = DIRECTION ( 'NONE',  ( 5.782411586589358625E-17, -1.000000000000000000, 0.000000000000000000 ) ) ;
#1243 = ORIENTED_EDGE ( 'NONE', *, *, #909, .F. ) ;
#1244 = PLANE ( 'NONE',  #897 ) ;
#1245 = CARTESIAN_POINT ( 'NONE',  ( 90.00000000000000000, 99.99999999999997158, 50.00000000000000000 ) ) ;
#1246 = ORIENTED_EDGE ( 'NONE', *, *, #946, .T. ) ;
#1247 = CARTESIAN_POINT ( 'NONE',  ( 77.49999999999998579, 57.99999999999997868, -60.00000000000001421 ) ) ;
#1248 = CARTESIAN_POINT ( 'NONE',  ( 90.00000000000000000, 99.99999999999997158, -25.00000000000000711 ) ) ;
#1249 = EDGE_LOOP ( 'NONE', ( #1431, #1179 ) ) ;
#1250 = CARTESIAN_POINT ( 'NONE',  ( 49.99999999999999289, 29.99999999999996803, -50.00000000000000000 ) ) ;
#1251 = DIRECTION ( 'NONE',  ( -1.000000000000000000, -5.781846897957849184E-17, 0.000000000000000000 ) ) ;
#1252 = DIRECTION ( 'NONE',  ( -0.000000000000000000, -0.000000000000000000, 1.000000000000000000 ) ) ;
#1253 = CIRCLE ( 'NONE', #750, 12.49999999999999645 ) ;
#1254 = CARTESIAN_POINT ( 'NONE',  ( 247.5000000000000000, -0.001000000000008661712, 0.000000000000000000 ) ) ;
#1255 = AXIS2_PLACEMENT_3D ( 'NONE', #1295, #183, #1082 ) ;
#1256 = ORIENTED_EDGE ( 'NONE', *, *, #1194, .F. ) ;
#1257 = SHAPE_DEFINITION_REPRESENTATION ( #989, #540 ) ;
#1258 = EDGE_CURVE ( 'NONE', #1157, #667, #8, .T. ) ;
#1259 = CARTESIAN_POINT ( 'NONE',  ( 59.99999999999999289, 99.99999999999997158, -25.00000000000000000 ) ) ;
#1260 = DIRECTION ( 'NONE',  ( -0.000000000000000000, -0.000000000000000000, 1.000000000000000000 ) ) ;
#1261 = VECTOR ( 'NONE', #679, 1000.000000000000000 ) ;
#1262 = DIRECTION ( 'NONE',  ( -0.000000000000000000, -0.000000000000000000, -1.000000000000000000 ) ) ;
#1263 = LINE ( 'NONE', #120, #367 ) ;
#1264 = DIRECTION ( 'NONE',  ( -5.782411586589358625E-17, 1.000000000000000000, 0.000000000000000000 ) ) ;
#1265 = ORIENTED_EDGE ( 'NONE', *, *, #442, .F. ) ;
#1266 = AXIS2_PLACEMENT_3D ( 'NONE', #924, #1277, #268 ) ;
#1267 = DIRECTION ( 'NONE',  ( 0.000000000000000000, 0.000000000000000000, 1.000000000000000000 ) ) ;
#1268 = EDGE_CURVE ( 'NONE', #1371, #1410, #729, .T. ) ;
#1269 = VERTEX_POINT ( 'NONE', #791 ) ;
#1270 = AXIS2_PLACEMENT_3D ( 'NONE', #1297, #289, #728 ) ;
#1271 = CARTESIAN_POINT ( 'NONE',  ( 24.99999999999999289, 99.99999999999998579, -50.00000000000000000 ) ) ;
#1272 = AXIS2_PLACEMENT_3D ( 'NONE', #1024, #302, #1375 ) ;
#1273 = FACE_OUTER_BOUND ( 'NONE', #486, .T. ) ;
#1274 = ORIENTED_EDGE ( 'NONE', *, *, #1278, .F. ) ;
#1275 = CARTESIAN_POINT ( 'NONE',  ( 130.0000000000000000, 99.99999999999998579, -50.00000000000000000 ) ) ;
#1276 =( LENGTH_UNIT ( ) NAMED_UNIT ( * ) SI_UNIT ( .MILLI., .METRE. ) );
#1277 = DIRECTION ( 'NONE',  ( -0.000000000000000000, -1.000000000000000000, -0.000000000000000000 ) ) ;
#1278 = EDGE_CURVE ( 'NONE', #517, #533, #1086, .T. ) ;
#1279 = CARTESIAN_POINT ( 'NONE',  ( 180.0000000000000000, 99.99999999999998579, -60.00000000000000711 ) ) ;
#1280 = VECTOR ( 'NONE', #1077, 1000.000000000000000 ) ;
#1281 = ORIENTED_EDGE ( 'NONE', *, *, #356, .T. ) ;
#1282 = DIRECTION ( 'NONE',  ( 1.000000000000000000, 0.000000000000000000, 0.000000000000000000 ) ) ;
#1283 = LINE ( 'NONE', #46, #187 ) ;
#1284 = DIRECTION ( 'NONE',  ( 1.000000000000000000, 1.387778780781444443E-16, 0.000000000000000000 ) ) ;
#1285 = EDGE_CURVE ( 'NONE', #720, #1076, #1229, .T. ) ;
#1286 = ORIENTED_EDGE ( 'NONE', *, *, #1393, .F. ) ;
#1287 = ORIENTED_EDGE ( 'NONE', *, *, #617, .F. ) ;
#1288 = LINE ( 'NONE', #1060, #505 ) ;
#1289 = AXIS2_PLACEMENT_3D ( 'NONE', #1248, #787, #585 ) ;
#1290 = DIRECTION ( 'NONE',  ( -0.000000000000000000, -0.000000000000000000, -1.000000000000000000 ) ) ;
#1291 =( GEOMETRIC_REPRESENTATION_CONTEXT ( 3 ) GLOBAL_UNCERTAINTY_ASSIGNED_CONTEXT ( ( #300 ) ) GLOBAL_UNIT_ASSIGNED_CONTEXT ( ( #99, #1444, #1002 ) ) REPRESENTATION_CONTEXT ( 'NONE', 'WORKASPACE' ) );
#1292 = ORIENTED_EDGE ( 'NONE', *, *, #1316, .T. ) ;
#1293 = ORIENTED_EDGE ( 'NONE', *, *, #287, .F. ) ;
#1294 = EDGE_CURVE ( 'NONE', #1350, #1368, #101, .T. ) ;
#1295 = CARTESIAN_POINT ( 'NONE',  ( 90.00000000000000000, 57.99999999999997868, 25.00000000000000711 ) ) ;
#1296 = DIRECTION ( 'NONE',  ( 0.000000000000000000, 0.000000000000000000, 1.000000000000000000 ) ) ;
#1297 = CARTESIAN_POINT ( 'NONE',  ( 90.00000000000000000, 99.99999999999997158, -25.00000000000000000 ) ) ;
#1298 = DIRECTION ( 'NONE',  ( 1.000000000000000000, 0.000000000000000000, 0.000000000000000000 ) ) ;
#1299 = ORIENTED_EDGE ( 'NONE', *, *, #955, .T. ) ;
#1300 = DIRECTION ( 'NONE',  ( 6.938893903907228378E-17, -1.000000000000000000, 0.000000000000000000 ) ) ;
#1301 = ORIENTED_EDGE ( 'NONE', *, *, #1376, .F. ) ;
#1302 = PRODUCT_DEFINITION ( 'UNKNOWN', '', #862, #1238 ) ;
#1303 = CARTESIAN_POINT ( 'NONE',  ( 229.9999999999999716, 99.99999999999998579, 60.00000000000000711 ) ) ;
#1304 = DIRECTION ( 'NONE',  ( -1.000000000000000000, 0.000000000000000000, 0.000000000000000000 ) ) ;
#1305 = AXIS2_PLACEMENT_3D ( 'NONE', #666, #689, #342 ) ;
#1306 = ORIENTED_EDGE ( 'NONE', *, *, #1294, .F. ) ;
#1307 = FACE_OUTER_BOUND ( 'NONE', #274, .T. ) ;
#1308 = VERTEX_POINT ( 'NONE', #893 ) ;
#1309 = CYLINDRICAL_SURFACE ( 'NONE', #656, 25.00000000000000000 ) ;
#1310 = DIRECTION ( 'NONE',  ( 0.000000000000000000, -1.000000000000000000, 0.000000000000000000 ) ) ;
#1311 = VERTEX_POINT ( 'NONE', #434 ) ;
#1312 = CARTESIAN_POINT ( 'NONE',  ( 24.99999999999999645, 29.99999999999996447, -25.00000000000000711 ) ) ;
#1313 = EDGE_LOOP ( 'NONE', ( #258, #481 ) ) ;
#1314 = CARTESIAN_POINT ( 'NONE',  ( 0.000000000000000000, 0.000000000000000000, 25.00000000000000000 ) ) ;
#1315 = DIRECTION ( 'NONE',  ( 1.000000000000000000, -9.912705577010326782E-17, 0.000000000000000000 ) ) ;
#1316 = EDGE_CURVE ( 'NONE', #1237, #734, #670, .T. ) ;
#1317 = ORIENTED_EDGE ( 'NONE', *, *, #1080, .T. ) ;
#1318 = DIRECTION ( 'NONE',  ( 1.000000000000000000, 0.000000000000000000, 0.000000000000000000 ) ) ;
#1319 = VECTOR ( 'NONE', #468, 1000.000000000000000 ) ;
#1320 = EDGE_LOOP ( 'NONE', ( #169, #194, #782, #292 ) ) ;
#1321 = FACE_OUTER_BOUND ( 'NONE', #1001, .T. ) ;
#1322 = DIRECTION ( 'NONE',  ( 1.000000000000000000, 0.000000000000000000, 0.000000000000000000 ) ) ;
#1323 = AXIS2_PLACEMENT_3D ( 'NONE', #552, #237, #1004 ) ;
#1324 = EDGE_LOOP ( 'NONE', ( #74, #941, #633, #648, #680, #764 ) ) ;
#1325 = CARTESIAN_POINT ( 'NONE',  ( 180.0000000000000000, 99.99999999999998579, -60.00000000000000711 ) ) ;
#1326 = AXIS2_PLACEMENT_3D ( 'NONE', #359, #1242, #1122 ) ;
#1327 = EDGE_CURVE ( 'NONE', #898, #130, #1446, .T. ) ;
#1328 = ORIENTED_EDGE ( 'NONE', *, *, #675, .F. ) ;
#1329 = EDGE_CURVE ( 'NONE', #708, #1365, #1144, .T. ) ;
#1330 = AXIS2_PLACEMENT_3D ( 'NONE', #966, #68, #587 ) ;
#1331 = DIRECTION ( 'NONE',  ( 0.000000000000000000, 0.000000000000000000, 1.000000000000000000 ) ) ;
#1332 = CARTESIAN_POINT ( 'NONE',  ( 240.0000000000000000, 29.99999999999999289, 50.00000000000000000 ) ) ;
#1333 = VECTOR ( 'NONE', #164, 1000.000000000000000 ) ;
#1334 = VERTEX_POINT ( 'NONE', #1166 ) ;
#1335 = LINE ( 'NONE', #416, #959 ) ;
#1336 = CIRCLE ( 'NONE', #957, 25.00000000000002132 ) ;
#1337 = ORIENTED_EDGE ( 'NONE', *, *, #726, .F. ) ;
#1338 = VECTOR ( 'NONE', #878, 1000.000000000000000 ) ;
#1339 = CYLINDRICAL_SURFACE ( 'NONE', #943, 12.50000000000001066 ) ;
#1340 = VECTOR ( 'NONE', #518, 1000.000000000000000 ) ;
#1341 = EDGE_CURVE ( 'NONE', #160, #105, #162, .T. ) ;
#1342 = DIRECTION ( 'NONE',  ( -1.000000000000000000, 0.000000000000000000, 0.000000000000000000 ) ) ;
#1343 = DIRECTION ( 'NONE',  ( 0.000000000000000000, 1.000000000000000000, 0.000000000000000000 ) ) ;
#1344 = ORIENTED_EDGE ( 'NONE', *, *, #859, .F. ) ;
#1345 = EDGE_LOOP ( 'NONE', ( #37, #630, #17, #894 ) ) ;
#1346 = CARTESIAN_POINT ( 'NONE',  ( 229.9999999999999716, 99.99999999999998579, -50.00000000000000000 ) ) ;
#1347 = DIRECTION ( 'NONE',  ( 1.000000000000000000, 0.000000000000000000, 0.000000000000000000 ) ) ;
#1348 = EDGE_CURVE ( 'NONE', #1368, #820, #470, .T. ) ;
#1349 = AXIS2_PLACEMENT_3D ( 'NONE', #857, #976, #1416 ) ;
#1350 = VERTEX_POINT ( 'NONE', #412 ) ;
#1351 = DIRECTION ( 'NONE',  ( 1.000000000000000000, 0.000000000000000000, 0.000000000000000000 ) ) ;
#1352 = VECTOR ( 'NONE', #117, 1000.000000000000000 ) ;
#1353 = PLANE ( 'NONE',  #1305 ) ;
#1354 = ORIENTED_EDGE ( 'NONE', *, *, #1194, .T. ) ;
#1355 = DIRECTION ( 'NONE',  ( -0.000000000000000000, -0.000000000000000000, -1.000000000000000000 ) ) ;
#1356 = FACE_OUTER_BOUND ( 'NONE', #1117, .T. ) ;
#1357 = DIRECTION ( 'NONE',  ( -0.000000000000000000, -0.000000000000000000, -1.000000000000000000 ) ) ;
#1358 = VERTEX_POINT ( 'NONE', #1181 ) ;
#1359 = DIRECTION ( 'NONE',  ( -1.000000000000000000, -5.781846897957854114E-17, 0.000000000000000000 ) ) ;
#1360 = CARTESIAN_POINT ( 'NONE',  ( 24.99999999999999289, 29.99999999999996447, 50.00000000000000000 ) ) ;
#1361 = ORIENTED_EDGE ( 'NONE', *, *, #807, .T. ) ;
#1362 = DIRECTION ( 'NONE',  ( -5.782411586589358625E-17, 1.000000000000000000, -0.000000000000000000 ) ) ;
#1363 = DIRECTION ( 'NONE',  ( 9.541541524239236780E-18, 1.000000000000000000, 0.000000000000000000 ) ) ;
#1364 = EDGE_CURVE ( 'NONE', #1358, #949, #174, .T. ) ;
#1365 = VERTEX_POINT ( 'NONE', #637 ) ;
#1366 = APPLICATION_PROTOCOL_DEFINITION ( 'draft international standard', 'automotive_design', 1998, #436 ) ;
#1367 = CARTESIAN_POINT ( 'NONE',  ( 59.99999999999999289, 129.9999999999999716, 25.00000000000000000 ) ) ;
#1368 = VERTEX_POINT ( 'NONE', #425 ) ;
#1369 = CARTESIAN_POINT ( 'NONE',  ( 24.99999999999999289, 0.000000000000000000, 50.00000000000000000 ) ) ;
#1370 = VECTOR ( 'NONE', #544, 1000.000000000000000 ) ;
#1371 = VERTEX_POINT ( 'NONE', #520 ) ;
#1372 = ADVANCED_FACE ( 'NONE', ( #975 ), #1421, .F. ) ;
#1373 = ADVANCED_FACE ( 'NONE', ( #109 ), #1118, .F. ) ;
#1374 = PRODUCT_CONTEXT ( 'NONE', #59, 'mechanical' ) ;
#1375 = DIRECTION ( 'NONE',  ( 0.000000000000000000, -0.000000000000000000, -1.000000000000000000 ) ) ;
#1376 = EDGE_CURVE ( 'NONE', #423, #974, #971, .T. ) ;
#1377 = VECTOR ( 'NONE', #649, 1000.000000000000000 ) ;
#1378 = DIRECTION ( 'NONE',  ( 0.000000000000000000, 0.000000000000000000, 1.000000000000000000 ) ) ;
#1379 = CARTESIAN_POINT ( 'NONE',  ( 180.0000000000000000, 99.99999999999998579, -60.00000000000000711 ) ) ;
#1380 = FACE_BOUND ( 'NONE', #1165, .T. ) ;
#1381 = ORIENTED_EDGE ( 'NONE', *, *, #84, .F. ) ;
#1382 = AXIS2_PLACEMENT_3D ( 'NONE', #14, #563, #1014 ) ;
#1383 = CARTESIAN_POINT ( 'NONE',  ( 180.0000000000000000, 99.99999999999998579, 50.00000000000000000 ) ) ;
#1384 = EDGE_CURVE ( 'NONE', #1042, #708, #337, .T. ) ;
#1385 = ORIENTED_EDGE ( 'NONE', *, *, #322, .T. ) ;
#1386 = AXIS2_PLACEMENT_3D ( 'NONE', #864, #982, #1315 ) ;
#1387 = LINE ( 'NONE', #1413, #326 ) ;
#1388 = DIRECTION ( 'NONE',  ( 1.000000000000000000, 0.000000000000000000, 0.000000000000000000 ) ) ;
#1389 = ORIENTED_EDGE ( 'NONE', *, *, #1240, .T. ) ;
#1390 = ORIENTED_EDGE ( 'NONE', *, *, #23, .T. ) ;
#1391 = LINE ( 'NONE', #1153, #1319 ) ;
#1392 = CARTESIAN_POINT ( 'NONE',  ( 290.0000000000000000, 0.000000000000000000, -25.00000000000000711 ) ) ;
#1393 = EDGE_CURVE ( 'NONE', #942, #1157, #668, .T. ) ;
#1394 = DIRECTION ( 'NONE',  ( -0.000000000000000000, -0.000000000000000000, -1.000000000000000000 ) ) ;
#1395 = ORIENTED_EDGE ( 'NONE', *, *, #530, .T. ) ;
#1396 = AXIS2_PLACEMENT_3D ( 'NONE', #1102, #674, #1135 ) ;
#1397 = EDGE_LOOP ( 'NONE', ( #827, #739, #931, #472, #1299, #191 ) ) ;
#1398 = VERTEX_POINT ( 'NONE', #1250 ) ;
#1399 = FACE_OUTER_BOUND ( 'NONE', #1037, .T. ) ;
#1400 = CARTESIAN_POINT ( 'NONE',  ( 264.9999999999999432, 0.000000000000000000, -25.00000000000000711 ) ) ;
#1401 = ORIENTED_EDGE ( 'NONE', *, *, #598, .T. ) ;
#1402 = VERTEX_POINT ( 'NONE', #1126 ) ;
#1403 = CARTESIAN_POINT ( 'NONE',  ( 130.0000000000000000, 39.99999999999997158, -25.00000000000000000 ) ) ;
#1404 = VECTOR ( 'NONE', #1070, 1000.000000000000000 ) ;
#1405 = CARTESIAN_POINT ( 'NONE',  ( 247.5000000000000000, 0.000000000000000000, 0.000000000000000000 ) ) ;
#1406 = AXIS2_PLACEMENT_3D ( 'NONE', #209, #314, #1448 ) ;
#1407 = ORIENTED_EDGE ( 'NONE', *, *, #1327, .T. ) ;
#1408 = DIRECTION ( 'NONE',  ( 0.000000000000000000, 0.000000000000000000, 1.000000000000000000 ) ) ;
#1409 = EDGE_CURVE ( 'NONE', #1076, #734, #198, .T. ) ;
#1410 = VERTEX_POINT ( 'NONE', #5 ) ;
#1411 = FACE_OUTER_BOUND ( 'NONE', #983, .T. ) ;
#1412 = CIRCLE ( 'NONE', #775, 10.00000000000000888 ) ;
#1413 = CARTESIAN_POINT ( 'NONE',  ( 150.0000000000000000, 99.99999999999998579, -60.00000000000000711 ) ) ;
#1414 = DIRECTION ( 'NONE',  ( -6.938893903907228378E-17, 1.000000000000000000, 0.000000000000000000 ) ) ;
#1415 = ORIENTED_EDGE ( 'NONE', *, *, #66, .F. ) ;
#1416 = DIRECTION ( 'NONE',  ( 0.000000000000000000, 0.000000000000000000, 1.000000000000000000 ) ) ;
#1417 = PLANE ( 'NONE',  #934 ) ;
#1418 = ORIENTED_EDGE ( 'NONE', *, *, #598, .F. ) ;
#1419 = CARTESIAN_POINT ( 'NONE',  ( 102.5000000000000000, 99.99999999999997158, 25.00000000000000711 ) ) ;
#1420 = ORIENTED_EDGE ( 'NONE', *, *, #1209, .T. ) ;
#1421 = PLANE ( 'NONE',  #991 ) ;
#1422 = DIRECTION ( 'NONE',  ( -1.000000000000000000, 0.000000000000000000, 0.000000000000000000 ) ) ;
#1423 = DIRECTION ( 'NONE',  ( -1.000000000000000000, 0.000000000000000000, 0.000000000000000000 ) ) ;
#1424 = ADVANCED_FACE ( 'NONE', ( #765 ), #455, .T. ) ;
#1425 = ORIENTED_EDGE ( 'NONE', *, *, #1173, .T. ) ;
#1426 = DIRECTION ( 'NONE',  ( -0.000000000000000000, -0.000000000000000000, 1.000000000000000000 ) ) ;
#1427 = EDGE_LOOP ( 'NONE', ( #1230, #318 ) ) ;
#1428 = CARTESIAN_POINT ( 'NONE',  ( 90.00000000000000000, 129.9999999999999716, 50.00000000000000000 ) ) ;
#1429 = DIRECTION ( 'NONE',  ( 1.000000000000000000, 0.000000000000000000, -0.000000000000000000 ) ) ;
#1430 = ADVANCED_FACE ( 'NONE', ( #1227, #227, #550 ), #651, .F. ) ;
#1431 = ORIENTED_EDGE ( 'NONE', *, *, #252, .F. ) ;
#1432 = ADVANCED_FACE ( 'NONE', ( #344, #905, #789 ), #1244, .F. ) ;
#1433 = LINE ( 'NONE', #772, #440 ) ;
#1434 = MECHANICAL_DESIGN_GEOMETRIC_PRESENTATION_REPRESENTATION (  '', ( #1043 ), #536 ) ;
#1435 = EDGE_LOOP ( 'NONE', ( #1439, #1361, #122, #1418 ) ) ;
#1436 = CYLINDRICAL_SURFACE ( 'NONE', #28, 12.50000000000001066 ) ;
#1437 = DIRECTION ( 'NONE',  ( 1.000000000000000000, 0.000000000000000000, 0.000000000000000000 ) ) ;
#1438 = AXIS2_PLACEMENT_3D ( 'NONE', #1190, #735, #77 ) ;
#1439 = ORIENTED_EDGE ( 'NONE', *, *, #990, .T. ) ;
#1440 = DIRECTION ( 'NONE',  ( -0.000000000000000000, -0.000000000000000000, 1.000000000000000000 ) ) ;
#1441 = CIRCLE ( 'NONE', #925, 50.00000000000104450 ) ;
#1442 = ADVANCED_FACE ( 'NONE', ( #235 ), #891, .F. ) ;
#1443 = ORIENTED_EDGE ( 'NONE', *, *, #94, .F. ) ;
#1444 =( NAMED_UNIT ( * ) PLANE_ANGLE_UNIT ( ) SI_UNIT ( $, .RADIAN. ) );
#1445 = CARTESIAN_POINT ( 'NONE',  ( 240.0000000000000000, 29.99999999999999289, -50.00000000000000000 ) ) ;
#1446 = LINE ( 'NONE', #887, #381 ) ;
#1447 = AXIS2_PLACEMENT_3D ( 'NONE', #915, #340, #1351 ) ;
#1448 = DIRECTION ( 'NONE',  ( 1.000000000000000000, 0.000000000000000000, 0.000000000000000000 ) ) ;
#1449 = ORIENTED_EDGE ( 'NONE', *, *, #1409, .T. ) ;
#1450 = CIRCLE ( 'NONE', #818, 12.50000000000000000 ) ;
#1451 = ADVANCED_FACE ( 'NONE', ( #131 ), #1339, .F. ) ;
#1452 = AXIS2_PLACEMENT_3D ( 'NONE', #20, #267, #1267 ) ;
#1453 = CARTESIAN_POINT ( 'NONE',  ( 260.0000000000000000, -0.001000000000007938983, 0.000000000000000000 ) ) ;
#1454 = CARTESIAN_POINT ( 'NONE',  ( 180.0000000000000000, 99.99999999999998579, -60.00000000000000711 ) ) ;
ENDSEC;
END-ISO-10303-21;
